{"type":"FeatureCollection","features":[{"type":"Feature","properties":{"nationalCode":"34090808020","name":"Begues"},"geometry":{"type":"Polygon","coordinates":[[[1.84774,41.31935],[1.850572,41.31906],[1.851565,41.319243],[1.852542,41.320012],[1.856113,41.327081],[1.857491,41.327932],[1.857674,41.32815],[1.857851,41.328926],[1.858096,41.329329],[1.858475,41.329601],[1.858946,41.329672],[1.859455,41.329614],[1.860139,41.330296],[1.860124,41.330729],[1.859793,41.332067],[1.85994,41.33243],[1.860726,41.333369],[1.861017,41.333743],[1.861216,41.333843],[1.86147,41.333886],[1.861991,41.334314],[1.862577,41.334317],[1.863571,41.334833],[1.86415,41.334907],[1.864984,41.335196],[1.865398,41.335467],[1.867019,41.336532],[1.871554,41.338555],[1.870611,41.340486],[1.869352,41.342025],[1.869793,41.342654],[1.871853,41.343683],[1.873643,41.344291],[1.874325,41.344307],[1.87711,41.344],[1.878538,41.344245],[1.880136,41.344214],[1.881568,41.343865],[1.882429,41.343882],[1.882983,41.344894],[1.883286,41.345115],[1.884438,41.34566],[1.887053,41.34707],[1.888448,41.347668],[1.889016,41.347761],[1.889391,41.347979],[1.890549,41.349235],[1.891041,41.349899],[1.891924,41.350518],[1.892276,41.350602],[1.894032,41.350753],[1.894827,41.350998],[1.895867,41.351485],[1.896638,41.353153],[1.897898,41.354819],[1.899299,41.355489],[1.899991,41.35563],[1.901334,41.354898],[1.903405,41.354953],[1.903908,41.354806],[1.906337,41.352793],[1.909883,41.352444],[1.91076,41.353297],[1.911201,41.355818],[1.912093,41.354339],[1.916183,41.352957],[1.918087,41.352534],[1.919041,41.352349],[1.921285,41.352162],[1.923379,41.352037],[1.92472,41.351763],[1.925348,41.351529],[1.926289,41.35102],[1.927076,41.350843],[1.92794,41.350733],[1.929824,41.350689],[1.930392,41.35061],[1.93113,41.350416],[1.931509,41.350373],[1.931932,41.350436],[1.933219,41.350867],[1.934157,41.351097],[1.937576,41.351436],[1.938029,41.351425],[1.938531,41.351269],[1.939176,41.350953],[1.939584,41.350665],[1.941235,41.350369],[1.944183,41.350017],[1.943896,41.344501],[1.944717,41.342098],[1.944955,41.341764],[1.944958,41.341484],[1.944432,41.339751],[1.94353,41.33762],[1.943508,41.337333],[1.943953,41.3369],[1.944328,41.336803],[1.945393,41.336676],[1.946868,41.336594],[1.948495,41.335525],[1.949191,41.334927],[1.959141,41.333355],[1.958248,41.330719],[1.958343,41.330085],[1.958505,41.329862],[1.958921,41.329682],[1.959623,41.329165],[1.961165,41.328711],[1.961314,41.326904],[1.959685,41.32575],[1.959292,41.324975],[1.955388,41.323415],[1.955059,41.32333],[1.954158,41.323108],[1.952425,41.321994],[1.94547,41.317522],[1.931182,41.301958],[1.929326,41.294142],[1.914867,41.288874],[1.913228,41.28835],[1.911229,41.284933],[1.908416,41.282451],[1.905629,41.282687],[1.901409,41.280212],[1.900278,41.280404],[1.895712,41.281751],[1.891853,41.282501],[1.889225,41.283432],[1.88711,41.281956],[1.885577,41.281886],[1.885735,41.280015],[1.884291,41.279375],[1.882797,41.278232],[1.873825,41.279387],[1.872175,41.279187],[1.871385,41.278833],[1.871035,41.280541],[1.869306,41.281209],[1.871333,41.291269],[1.872893,41.293463],[1.869171,41.296214],[1.86752,41.296176],[1.866106,41.296263],[1.864315,41.296096],[1.863541,41.296128],[1.862371,41.296448],[1.862003,41.296635],[1.861756,41.297005],[1.86155,41.297608],[1.86155,41.298239],[1.861476,41.298539],[1.861219,41.298766],[1.860085,41.299255],[1.859643,41.299256],[1.859344,41.299088],[1.859011,41.298292],[1.8588,41.298031],[1.858442,41.298037],[1.857951,41.298166],[1.856346,41.298909],[1.855872,41.298956],[1.855081,41.298746],[1.853999,41.299296],[1.854443,41.300448],[1.851022,41.301808],[1.846731,41.30641],[1.848152,41.309303],[1.848246,41.310082],[1.848171,41.312778],[1.850356,41.316152],[1.84975,41.318122],[1.84774,41.31935]]]}},{"type":"Feature","properties":{"nationalCode":"34090808015","name":"Badalona"},"geometry":{"type":"Polygon","coordinates":[[[2.211323,41.471126],[2.211518,41.471315],[2.212757,41.471385],[2.213639,41.471786],[2.214148,41.472168],[2.214337,41.472583],[2.214941,41.472951],[2.215425,41.473605],[2.216427,41.474603],[2.216902,41.475455],[2.21721,41.476602],[2.217553,41.477289],[2.217813,41.477556],[2.217783,41.477774],[2.217491,41.477868],[2.217181,41.477729],[2.216192,41.478233],[2.215821,41.478385],[2.215409,41.478764],[2.21491,41.478967],[2.213894,41.478986],[2.212818,41.479449],[2.211934,41.480371],[2.212445,41.481366],[2.212802,41.481628],[2.213271,41.481805],[2.215317,41.482982],[2.215339,41.483557],[2.216176,41.48459],[2.216242,41.484668],[2.216623,41.485533],[2.215678,41.487034],[2.21723,41.488314],[2.218384,41.488226],[2.219242,41.488772],[2.220515,41.488957],[2.223255,41.490426],[2.224141,41.491619],[2.224861,41.492234],[2.225444,41.492334],[2.226083,41.492242],[2.227027,41.491911],[2.227824,41.491847],[2.228769,41.491993],[2.230044,41.492511],[2.230586,41.492838],[2.231023,41.492917],[2.232552,41.492424],[2.234735,41.492027],[2.235137,41.492108],[2.236178,41.491511],[2.236516,41.491397],[2.238106,41.49136],[2.239129,41.491574],[2.239519,41.491809],[2.239988,41.491832],[2.240582,41.491634],[2.241031,41.491109],[2.24153,41.490763],[2.242566,41.4904],[2.242866,41.490413],[2.243528,41.490599],[2.243953,41.490526],[2.244404,41.490325],[2.244975,41.490434],[2.245668,41.490411],[2.246112,41.489977],[2.246256,41.4888],[2.246494,41.488627],[2.246952,41.488669],[2.247266,41.488412],[2.247332,41.488039],[2.247543,41.487391],[2.247379,41.486552],[2.247575,41.486309],[2.247653,41.485792],[2.247458,41.48545],[2.247473,41.485188],[2.24824,41.484613],[2.25428,41.477881],[2.255783,41.476241],[2.260802,41.470767],[2.261375,41.470677],[2.261317,41.470041],[2.264003,41.467145],[2.263938,41.466491],[2.264276,41.465782],[2.264677,41.465566],[2.264905,41.465276],[2.265516,41.46514],[2.265656,41.465057],[2.26587,41.464926],[2.266197,41.464533],[2.267978,41.46392],[2.268655,41.46252],[2.268725,41.46245],[2.270315,41.460799],[2.270126,41.460699],[2.269919,41.460586],[2.269698,41.46046],[2.269608,41.460406],[2.26949,41.460335],[2.26926,41.460207],[2.269043,41.460093],[2.268994,41.460065],[2.268802,41.459959],[2.268604,41.45984],[2.268354,41.459715],[2.268082,41.459602],[2.26782,41.459485],[2.267582,41.459383],[2.26733,41.459255],[2.267096,41.459134],[2.266868,41.459017],[2.266727,41.458931],[2.266607,41.458859],[2.266387,41.458737],[2.265932,41.458458],[2.265716,41.458326],[2.265518,41.458198],[2.265435,41.458147],[2.265246,41.458025],[2.264993,41.457861],[2.26478,41.45772],[2.264591,41.457599],[2.264374,41.457463],[2.264153,41.457307],[2.263966,41.457173],[2.263738,41.45702],[2.263559,41.456893],[2.263382,41.45675],[2.263206,41.456627],[2.263008,41.456494],[2.262809,41.456353],[2.26263,41.456225],[2.262454,41.456097],[2.262218,41.45592],[2.26184,41.455668],[2.26169,41.455564],[2.261449,41.455368],[2.2612,41.455189],[2.260844,41.454912],[2.26042,41.454591],[2.260257,41.454468],[2.260043,41.454283],[2.259751,41.454073],[2.259498,41.453857],[2.259306,41.453728],[2.259124,41.4536],[2.258984,41.453488],[2.258661,41.453245],[2.258418,41.453038],[2.25825,41.452911],[2.258058,41.452749],[2.257845,41.452591],[2.257669,41.452468],[2.25754,41.452362],[2.257428,41.452261],[2.257262,41.452108],[2.257107,41.451981],[2.256987,41.451877],[2.256876,41.451762],[2.256772,41.451672],[2.256597,41.451533],[2.256465,41.451408],[2.256339,41.451302],[2.256204,41.451177],[2.25583,41.450817],[2.255734,41.450716],[2.255605,41.450598],[2.255506,41.450505],[2.255293,41.450286],[2.255177,41.450177],[2.255056,41.450065],[2.254937,41.449952],[2.254847,41.44988],[2.254761,41.449803],[2.254662,41.449714],[2.254493,41.449576],[2.254395,41.449489],[2.254328,41.449415],[2.254216,41.44933],[2.254133,41.449249],[2.254043,41.449172],[2.253887,41.449003],[2.253789,41.448909],[2.253618,41.448751],[2.253469,41.448599],[2.253377,41.448509],[2.253303,41.448427],[2.253224,41.44833],[2.253149,41.44825],[2.25306,41.448176],[2.252967,41.448093],[2.252893,41.448015],[2.252817,41.447943],[2.252728,41.447865],[2.252658,41.447784],[2.252597,41.447708],[2.252532,41.447626],[2.252447,41.447538],[2.252371,41.447462],[2.25224,41.447327],[2.252127,41.447211],[2.252026,41.447098],[2.251813,41.446868],[2.251723,41.446762],[2.251637,41.446668],[2.25156,41.446589],[2.251481,41.446508],[2.251405,41.446423],[2.251301,41.446326],[2.251205,41.44624],[2.2511,41.446126],[2.251022,41.44603],[2.25095,41.44594],[2.250857,41.445845],[2.25075,41.445739],[2.250672,41.445652],[2.250602,41.445565],[2.250434,41.445363],[2.250347,41.445274],[2.250254,41.445159],[2.250096,41.444979],[2.249997,41.444879],[2.249898,41.444762],[2.249702,41.44453],[2.249594,41.444423],[2.249516,41.44433],[2.249414,41.444219],[2.24932,41.444101],[2.249252,41.444042],[2.249178,41.443963],[2.249072,41.44383],[2.248995,41.443738],[2.248908,41.443637],[2.248812,41.443541],[2.248731,41.443448],[2.248649,41.443347],[2.248562,41.443265],[2.248486,41.443176],[2.248396,41.443064],[2.248314,41.442962],[2.248245,41.442876],[2.248158,41.442789],[2.248082,41.442701],[2.248008,41.442609],[2.247207,41.441601],[2.247144,41.441488],[2.247108,41.441387],[2.247101,41.44133],[2.2471,41.441218],[2.247094,41.441161],[2.247068,41.441099],[2.248921,41.440202],[2.248961,41.44025],[2.249059,41.440204],[2.249052,41.44019],[2.249077,41.440177],[2.248989,41.440076],[2.248882,41.440129],[2.248892,41.440142],[2.248881,41.440151],[2.248895,41.440174],[2.247039,41.441064],[2.246762,41.440768],[2.246377,41.440344],[2.24597,41.439796],[2.245697,41.439356],[2.245657,41.439241],[2.245449,41.439058],[2.245273,41.438886],[2.24508,41.438674],[2.244904,41.438447],[2.244738,41.438183],[2.244686,41.438015],[2.244669,41.437925],[2.244661,41.437848],[2.24469,41.437768],[2.244732,41.437726],[2.2449,41.43768],[2.24506,41.43764],[2.245141,41.437614],[2.245153,41.437581],[2.245159,41.437541],[2.245106,41.43751],[2.244948,41.437512],[2.244822,41.437523],[2.24464,41.437565],[2.244538,41.437594],[2.244498,41.437614],[2.244455,41.437642],[2.244402,41.437597],[2.244366,41.437556],[2.244347,41.437509],[2.244313,41.437383],[2.244344,41.437383],[2.244968,41.437249],[2.245014,41.437183],[2.244992,41.43709],[2.242917,41.431269],[2.242801,41.431185],[2.242698,41.431163],[2.242579,41.431215],[2.242528,41.431341],[2.242542,41.431392],[2.242594,41.431444],[2.242661,41.43159],[2.242666,41.431666],[2.242698,41.431769],[2.242732,41.431819],[2.242767,41.431996],[2.24268,41.432021],[2.242737,41.432171],[2.242816,41.432151],[2.244331,41.436429],[2.243427,41.43661],[2.243113,41.435729],[2.243349,41.435678],[2.243338,41.435637],[2.243098,41.43569],[2.243088,41.435669],[2.243051,41.435678],[2.243379,41.43662],[2.242846,41.436737],[2.242574,41.435962],[2.242532,41.43597],[2.242805,41.436743],[2.242303,41.436839],[2.242091,41.436258],[2.242054,41.436269],[2.242255,41.436846],[2.241814,41.436938],[2.241671,41.436518],[2.241627,41.436532],[2.241767,41.436952],[2.241637,41.436978],[2.240832,41.436005],[2.240364,41.434666],[2.240735,41.434584],[2.241329,41.436256],[2.241374,41.436246],[2.240772,41.434574],[2.241206,41.434489],[2.241746,41.436015],[2.241779,41.43601],[2.24124,41.434481],[2.241701,41.434386],[2.242176,41.435733],[2.242212,41.435725],[2.241743,41.434382],[2.24242,41.434246],[2.242824,41.435379],[2.242867,41.435368],[2.242464,41.434231],[2.24272,41.434185],[2.242529,41.43361],[2.239931,41.434133],[2.239814,41.433778],[2.240425,41.433653],[2.240363,41.433492],[2.240438,41.433469],[2.240497,41.433633],[2.24077,41.433581],[2.240507,41.432819],[2.240917,41.432734],[2.241177,41.433482],[2.241224,41.43347],[2.240963,41.432726],[2.241812,41.432559],[2.242083,41.43332],[2.242386,41.433261],[2.242364,41.433199],[2.242379,41.43315],[2.24218,41.432568],[2.24202,41.432129],[2.242,41.432098],[2.241974,41.432097],[2.241479,41.432181],[2.241428,41.432195],[2.24103,41.431997],[2.240727,41.43181],[2.240452,41.431621],[2.240382,41.431509],[2.240372,41.431438],[2.240354,41.431326],[2.240365,41.431175],[2.240647,41.431022],[2.241034,41.430824],[2.241041,41.430795],[2.241026,41.430766],[2.241,41.430727],[2.240954,41.430698],[2.240853,41.430745],[2.240797,41.430798],[2.240705,41.430859],[2.24016,41.431136],[2.240097,41.431061],[2.240409,41.4309],[2.240614,41.430802],[2.240805,41.430732],[2.240892,41.430679],[2.240893,41.430647],[2.240868,41.430616],[2.240793,41.430581],[2.240727,41.430603],[2.240618,41.430661],[2.24033,41.430761],[2.240255,41.430759],[2.240199,41.430756],[2.239992,41.430734],[2.239749,41.430613],[2.239619,41.430482],[2.239532,41.430369],[2.239388,41.430136],[2.239331,41.43004],[2.238844,41.429096],[2.238672,41.428806],[2.238543,41.4286],[2.238182,41.428019],[2.238143,41.427905],[2.238159,41.427811],[2.238222,41.427757],[2.238274,41.427748],[2.23829,41.427745],[2.238305,41.427736],[2.23832,41.427717],[2.238316,41.427695],[2.238302,41.427678],[2.238268,41.42767],[2.238239,41.427681],[2.238211,41.4277],[2.238112,41.427699],[2.23809,41.427691],[2.238071,41.427681],[2.238004,41.427606],[2.237825,41.427341],[2.237672,41.427074],[2.237515,41.426806],[2.237464,41.426704],[2.237416,41.426607],[2.237426,41.426545],[2.237465,41.426534],[2.237461,41.426508],[2.237447,41.426508],[2.237463,41.426377],[2.23746,41.426266],[2.237397,41.426123],[2.237187,41.425837],[2.237109,41.425901],[2.236032,41.426778],[2.235131,41.427927],[2.233511,41.429189],[2.233009,41.429644],[2.231563,41.431006],[2.229902,41.430425],[2.228397,41.430313],[2.224481,41.429366],[2.222421,41.432458],[2.220948,41.431841],[2.219635,41.433071],[2.217719,41.432591],[2.216878,41.433142],[2.216693,41.433817],[2.21598,41.43403],[2.21567,41.434197],[2.215384,41.434507],[2.215073,41.435097],[2.214624,41.435622],[2.21314,41.43695],[2.212985,41.438451],[2.212733,41.439192],[2.21276,41.439677],[2.213043,41.440069],[2.213657,41.44041],[2.214342,41.441648],[2.214826,41.44186],[2.215532,41.442315],[2.216228,41.443228],[2.217988,41.444742],[2.218506,41.444934],[2.219244,41.445621],[2.220164,41.445462],[2.220675,41.447059],[2.221786,41.448368],[2.222316,41.448569],[2.223219,41.448627],[2.22053,41.452693],[2.217859,41.456379],[2.217003,41.457796],[2.217608,41.458173],[2.218388,41.459092],[2.218277,41.459943],[2.218331,41.460319],[2.218688,41.460591],[2.219323,41.460751],[2.219956,41.460587],[2.220422,41.460584],[2.220898,41.460842],[2.221109,41.461237],[2.220884,41.461715],[2.220351,41.462379],[2.22031,41.462606],[2.220565,41.462945],[2.221642,41.463842],[2.221607,41.465194],[2.211323,41.471126]]]}},{"type":"Feature","properties":{"nationalCode":"34090808019","name":"Barcelona"},"geometry":{"type":"MultiPolygon","coordinates":[[[[2.072167,41.411076],[2.07228,41.411145],[2.072545,41.411213],[2.072785,41.411275],[2.072907,41.411326],[2.073017,41.411399],[2.073087,41.411453],[2.073192,41.411606],[2.073246,41.411698],[2.073268,41.411803],[2.073323,41.411872],[2.073425,41.411929],[2.073587,41.411942],[2.073852,41.411953],[2.074082,41.411934],[2.074188,41.411935],[2.074255,41.411948],[2.074326,41.411996],[2.074431,41.412119],[2.074505,41.412206],[2.074663,41.412264],[2.074734,41.412273],[2.074896,41.412287],[2.075058,41.4123],[2.075271,41.412325],[2.075409,41.412362],[2.075551,41.412426],[2.075696,41.412499],[2.075802,41.412565],[2.075884,41.412652],[2.075958,41.412745],[2.076015,41.412862],[2.076068,41.413032],[2.07616,41.41325],[2.076256,41.413441],[2.076341,41.413606],[2.076446,41.413771],[2.076504,41.413849],[2.076559,41.413882],[2.07672,41.413978],[2.07679,41.414042],[2.07686,41.414146],[2.07693,41.414198],[2.076993,41.414255],[2.077095,41.414333],[2.077185,41.414378],[2.077271,41.41443],[2.077318,41.414469],[2.077345,41.414564],[2.077339,41.414628],[2.078585,41.414979],[2.079067,41.414936],[2.079123,41.414978],[2.079032,41.415043],[2.07902,41.415076],[2.079024,41.415102],[2.079044,41.415133],[2.079242,41.415281],[2.079342,41.41539],[2.079422,41.415519],[2.079457,41.415568],[2.079504,41.415597],[2.079634,41.415637],[2.079744,41.415659],[2.079809,41.416246],[2.079741,41.416328],[2.079552,41.416447],[2.079476,41.416516],[2.079284,41.416747],[2.079263,41.416784],[2.079261,41.416934],[2.079239,41.417009],[2.079196,41.417105],[2.079087,41.417464],[2.079032,41.417602],[2.078916,41.417762],[2.078793,41.417878],[2.078747,41.417904],[2.078672,41.417929],[2.078647,41.418004],[2.078649,41.418052],[2.07867,41.41816],[2.078686,41.418184],[2.078727,41.418295],[2.078768,41.41837],[2.078768,41.418396],[2.078762,41.418422],[2.078737,41.418443],[2.078642,41.418484],[2.078605,41.418529],[2.078603,41.418574],[2.078614,41.418639],[2.078688,41.418781],[2.078758,41.418864],[2.078474,41.418827],[2.078183,41.418702],[2.077992,41.418643],[2.07765,41.418597],[2.077656,41.418698],[2.077608,41.418806],[2.077569,41.418917],[2.077557,41.418932],[2.077515,41.419026],[2.077447,41.41908],[2.077345,41.41919],[2.077273,41.419226],[2.077197,41.419244],[2.07712,41.419318],[2.077074,41.41935],[2.076953,41.419389],[2.076903,41.419426],[2.076855,41.419483],[2.076832,41.419533],[2.076831,41.419612],[2.076851,41.419792],[2.076939,41.419906],[2.07696,41.41996],[2.076955,41.420038],[2.076931,41.420103],[2.076942,41.420149],[2.076939,41.420412],[2.076959,41.420432],[2.076993,41.420518],[2.077008,41.420579],[2.076996,41.420623],[2.076996,41.420696],[2.077036,41.420811],[2.076953,41.421023],[2.076817,41.421139],[2.076649,41.421202],[2.076519,41.421257],[2.076367,41.421348],[2.076285,41.421384],[2.076113,41.42149],[2.07602,41.421539],[2.07586,41.421651],[2.075675,41.421755],[2.075482,41.421844],[2.07539,41.421907],[2.07534,41.421977],[2.075439,41.422068],[2.076061,41.422308],[2.077196,41.422415],[2.077598,41.422489],[2.077703,41.422489],[2.077908,41.422478],[2.077955,41.422488],[2.078053,41.422526],[2.078704,41.422661],[2.079063,41.422748],[2.080069,41.423065],[2.080161,41.423185],[2.080242,41.423362],[2.08026,41.423466],[2.080224,41.423728],[2.080246,41.42383],[2.080361,41.423987],[2.080552,41.424055],[2.080589,41.424059],[2.080962,41.424004],[2.080588,41.424412],[2.080544,41.424579],[2.080363,41.424571],[2.080278,41.424512],[2.080231,41.424486],[2.08005,41.424467],[2.079907,41.424466],[2.079813,41.424479],[2.079679,41.424469],[2.079234,41.424545],[2.078844,41.424684],[2.078311,41.424899],[2.078118,41.424942],[2.077981,41.424947],[2.077605,41.424943],[2.077409,41.425001],[2.077222,41.425038],[2.077139,41.425048],[2.076901,41.425049],[2.076781,41.425047],[2.076763,41.425044],[2.076628,41.425053],[2.076562,41.425043],[2.07647,41.425042],[2.076375,41.425026],[2.076326,41.425009],[2.076174,41.425003],[2.076075,41.424986],[2.076048,41.424978],[2.075948,41.424966],[2.075705,41.424925],[2.075612,41.424938],[2.075512,41.424944],[2.075447,41.424962],[2.075408,41.424979],[2.075324,41.424994],[2.075159,41.424996],[2.074926,41.424909],[2.074801,41.424867],[2.07477,41.424848],[2.074671,41.424829],[2.07461,41.42481],[2.07454,41.42478],[2.074396,41.424792],[2.074266,41.424808],[2.074148,41.424807],[2.074066,41.424824],[2.074026,41.424843],[2.07394,41.424859],[2.073639,41.424903],[2.073538,41.42493],[2.073424,41.424946],[2.073188,41.424944],[2.073053,41.424975],[2.073006,41.424989],[2.072705,41.425153],[2.072722,41.425186],[2.072763,41.425327],[2.072783,41.425374],[2.072788,41.425438],[2.072774,41.425494],[2.072726,41.425539],[2.072656,41.425586],[2.072618,41.42562],[2.072545,41.425757],[2.072544,41.425783],[2.072573,41.425872],[2.07264,41.425979],[2.072717,41.426057],[2.072817,41.426131],[2.072915,41.426212],[2.07295,41.426289],[2.072976,41.426591],[2.073011,41.426672],[2.073063,41.426749],[2.073088,41.426848],[2.073105,41.426892],[2.073139,41.427082],[2.073208,41.427294],[2.073228,41.427416],[2.073205,41.42746],[2.072992,41.427523],[2.073133,41.427627],[2.073221,41.427681],[2.073526,41.4278],[2.073818,41.427932],[2.073992,41.427983],[2.074586,41.428108],[2.075462,41.428359],[2.076617,41.428709],[2.076475,41.428903],[2.076305,41.429022],[2.076216,41.429069],[2.076096,41.42911],[2.07592,41.429178],[2.075831,41.429232],[2.075805,41.429255],[2.075727,41.429349],[2.075635,41.429438],[2.075542,41.429514],[2.075478,41.429552],[2.075418,41.429576],[2.075268,41.429613],[2.075065,41.429674],[2.074976,41.42971],[2.074876,41.429761],[2.074652,41.429845],[2.074532,41.429895],[2.074494,41.429916],[2.074461,41.429944],[2.074418,41.430005],[2.074333,41.43007],[2.074114,41.430207],[2.073908,41.430303],[2.073719,41.430368],[2.073602,41.430421],[2.073446,41.430505],[2.073122,41.430665],[2.072237,41.43204],[2.071475,41.433078],[2.071356,41.433353],[2.071184,41.433872],[2.070998,41.434193],[2.070938,41.434399],[2.070982,41.43474],[2.07106,41.435052],[2.071181,41.435301],[2.071666,41.436174],[2.071768,41.436302],[2.071813,41.436325],[2.0721,41.436402],[2.072613,41.436555],[2.073028,41.436607],[2.07334,41.436448],[2.073286,41.436348],[2.0731,41.436159],[2.07301,41.436101],[2.072922,41.435991],[2.072788,41.435752],[2.072522,41.435505],[2.072519,41.435488],[2.072555,41.435469],[2.072607,41.43546],[2.072754,41.435466],[2.072832,41.435459],[2.072863,41.43544],[2.073,41.435287],[2.073021,41.435271],[2.073092,41.435231],[2.073126,41.435218],[2.073187,41.435212],[2.073323,41.435244],[2.07349,41.435254],[2.073676,41.435282],[2.073784,41.435289],[2.073813,41.435295],[2.073886,41.43533],[2.073949,41.435348],[2.074192,41.435359],[2.074326,41.435353],[2.074772,41.435302],[2.074995,41.434865],[2.075124,41.434565],[2.075131,41.434504],[2.075128,41.434458],[2.07508,41.434183],[2.075045,41.434052],[2.075048,41.434001],[2.075064,41.433934],[2.075066,41.433871],[2.075058,41.433849],[2.074872,41.433567],[2.074847,41.433478],[2.074845,41.433444],[2.074868,41.433388],[2.074901,41.433348],[2.074951,41.433302],[2.075096,41.433195],[2.075174,41.43304],[2.075294,41.432962],[2.075349,41.432952],[2.0754,41.432936],[2.075585,41.432937],[2.0761,41.432914],[2.076714,41.43285],[2.076894,41.43277],[2.077082,41.432619],[2.077217,41.432519],[2.077313,41.432426],[2.077361,41.432394],[2.077544,41.4323],[2.077743,41.43218],[2.077823,41.432142],[2.077915,41.432106],[2.078026,41.432071],[2.078165,41.432035],[2.078599,41.431958],[2.078673,41.431958],[2.078831,41.431969],[2.079018,41.431989],[2.079059,41.431984],[2.079206,41.431948],[2.079475,41.431934],[2.079585,41.431943],[2.079635,41.431943],[2.079886,41.431916],[2.07993,41.431906],[2.07997,41.43189],[2.080133,41.4318],[2.080173,41.431768],[2.080198,41.43174],[2.080216,41.431707],[2.08026,41.431559],[2.080267,41.431505],[2.080267,41.431423],[2.080258,41.431337],[2.080246,41.431284],[2.080231,41.431246],[2.080178,41.43116],[2.080173,41.431136],[2.080181,41.43104],[2.080174,41.431015],[2.080137,41.430954],[2.080133,41.430931],[2.080138,41.430905],[2.080152,41.43088],[2.080176,41.430853],[2.080217,41.430823],[2.080284,41.430784],[2.080353,41.430752],[2.080428,41.430725],[2.080687,41.430656],[2.08077,41.430639],[2.080844,41.43063],[2.08091,41.430628],[2.080982,41.430633],[2.081056,41.430646],[2.08112,41.430663],[2.081173,41.430684],[2.081226,41.430714],[2.081246,41.430731],[2.081253,41.430746],[2.081252,41.430767],[2.081226,41.430829],[2.081218,41.430863],[2.081216,41.430961],[2.081209,41.430992],[2.081195,41.431017],[2.081123,41.431103],[2.08111,41.431131],[2.081105,41.431166],[2.081108,41.431201],[2.08112,41.431241],[2.081142,41.431282],[2.081173,41.431323],[2.081225,41.431376],[2.081388,41.43152],[2.081437,41.431576],[2.082037,41.43167],[2.082103,41.431673],[2.082195,41.431665],[2.082318,41.431629],[2.082496,41.431539],[2.082582,41.431481],[2.082516,41.43133],[2.08246,41.431226],[2.082451,41.431185],[2.082451,41.431138],[2.08246,41.431092],[2.08248,41.431037],[2.082564,41.430889],[2.082596,41.430802],[2.082611,41.430785],[2.082632,41.430773],[2.082664,41.430764],[2.082758,41.430758],[2.082991,41.430785],[2.083056,41.430799],[2.083296,41.430814],[2.083334,41.430823],[2.083418,41.430853],[2.083669,41.430647],[2.083802,41.430497],[2.083853,41.430418],[2.083728,41.43029],[2.083706,41.430241],[2.083704,41.430165],[2.083743,41.430093],[2.083807,41.430034],[2.08389,41.429973],[2.08409,41.429888],[2.085369,41.429316],[2.08539,41.429293],[2.08543,41.42923],[2.085551,41.429103],[2.085576,41.42907],[2.085733,41.429002],[2.085892,41.428993],[2.085936,41.428984],[2.086061,41.428939],[2.086157,41.428915],[2.086457,41.42888],[2.086913,41.428836],[2.08726,41.428784],[2.087675,41.428751],[2.088109,41.428676],[2.088328,41.428646],[2.08879,41.428622],[2.088822,41.42874],[2.088852,41.428817],[2.088906,41.428908],[2.088931,41.429005],[2.088938,41.429073],[2.088977,41.429144],[2.089016,41.429183],[2.089059,41.429205],[2.089103,41.429216],[2.089206,41.429214],[2.090033,41.428939],[2.09016,41.428871],[2.090426,41.428644],[2.090835,41.428813],[2.090993,41.428964],[2.091007,41.429067],[2.091033,41.429098],[2.091117,41.429177],[2.091137,41.429188],[2.09133,41.429213],[2.091428,41.429243],[2.091498,41.429291],[2.09159,41.429368],[2.091752,41.429487],[2.091941,41.429525],[2.092056,41.42953],[2.092137,41.429547],[2.092288,41.429613],[2.092428,41.429816],[2.092443,41.429933],[2.09244,41.430023],[2.092448,41.430057],[2.092497,41.430165],[2.09252,41.430187],[2.092624,41.430243],[2.092708,41.430312],[2.092767,41.430388],[2.092797,41.430435],[2.09285,41.430545],[2.092905,41.430681],[2.092945,41.430729],[2.092996,41.430754],[2.093049,41.430793],[2.093088,41.430833],[2.093341,41.430983],[2.093395,41.431041],[2.093511,41.431181],[2.0936,41.431269],[2.093634,41.431313],[2.093751,41.431537],[2.093837,41.431649],[2.093929,41.431713],[2.094039,41.432034],[2.094072,41.43211],[2.094148,41.432159],[2.094177,41.432186],[2.094325,41.432395],[2.094519,41.432556],[2.094713,41.432759],[2.094837,41.432756],[2.095391,41.432845],[2.095489,41.432854],[2.095586,41.432926],[2.095733,41.433091],[2.096069,41.433272],[2.096234,41.433171],[2.096316,41.433104],[2.096724,41.432737],[2.096864,41.432693],[2.096909,41.432673],[2.096964,41.432641],[2.096994,41.432613],[2.097085,41.432501],[2.097212,41.432447],[2.097656,41.432222],[2.098511,41.431928],[2.098812,41.431749],[2.098941,41.431699],[2.098927,41.431574],[2.098907,41.431468],[2.098852,41.43131],[2.098725,41.43089],[2.098795,41.430754],[2.099146,41.430122],[2.099556,41.430138],[2.0999,41.430111],[2.100682,41.429905],[2.10097,41.429838],[2.101146,41.429788],[2.101263,41.429725],[2.101267,41.429716],[2.101261,41.429711],[2.101261,41.429679],[2.101274,41.429645],[2.101295,41.429613],[2.101384,41.429521],[2.101696,41.42922],[2.101842,41.429088],[2.101938,41.428956],[2.10211,41.428686],[2.102131,41.428669],[2.10252,41.428501],[2.102607,41.428475],[2.102706,41.428432],[2.102981,41.428262],[2.10322,41.428074],[2.103595,41.42811],[2.104043,41.428361],[2.104363,41.428529],[2.105306,41.428839],[2.105536,41.428805],[2.105745,41.428784],[2.10581,41.428615],[2.105854,41.428564],[2.106341,41.428503],[2.106679,41.428633],[2.10772,41.428635],[2.108403,41.428722],[2.109006,41.428751],[2.109201,41.428728],[2.109713,41.428417],[2.110149,41.428476],[2.110943,41.428291],[2.111015,41.428284],[2.111164,41.428287],[2.11141,41.42831],[2.111741,41.428334],[2.111864,41.42835],[2.111923,41.428372],[2.111989,41.428402],[2.112022,41.428425],[2.112162,41.428555],[2.112198,41.428575],[2.11226,41.428597],[2.112337,41.428613],[2.112377,41.428611],[2.112463,41.428591],[2.112874,41.428379],[2.11294,41.42836],[2.113007,41.42837],[2.113324,41.428504],[2.113559,41.428399],[2.113754,41.428326],[2.114183,41.42815],[2.114479,41.428061],[2.115083,41.427817],[2.115364,41.427594],[2.115417,41.427494],[2.115433,41.42738],[2.115406,41.427187],[2.115409,41.426949],[2.115461,41.426877],[2.115661,41.426777],[2.116322,41.426662],[2.116809,41.426415],[2.117105,41.426269],[2.117746,41.426218],[2.118061,41.426138],[2.118479,41.425968],[2.118935,41.425813],[2.119282,41.425868],[2.119559,41.42574],[2.120753,41.425935],[2.120888,41.425946],[2.12096,41.425943],[2.121028,41.425933],[2.121116,41.42591],[2.121183,41.425887],[2.12122,41.425868],[2.121268,41.425831],[2.121997,41.426528],[2.123082,41.428694],[2.123004,41.428706],[2.122922,41.428702],[2.122821,41.428684],[2.122759,41.428664],[2.122658,41.428762],[2.123668,41.429315],[2.123871,41.429439],[2.12411,41.429614],[2.126527,41.43161],[2.126424,41.431675],[2.126521,41.431847],[2.126696,41.43205],[2.126793,41.432144],[2.127266,41.432632],[2.127345,41.432845],[2.127537,41.43314],[2.127695,41.433266],[2.128154,41.433476],[2.128271,41.433509],[2.128301,41.433522],[2.128331,41.433739],[2.12831,41.433866],[2.128309,41.433949],[2.128331,41.43406],[2.128385,41.434225],[2.128449,41.434326],[2.128496,41.434391],[2.12863,41.434671],[2.128691,41.434772],[2.12877,41.434883],[2.128797,41.434948],[2.128836,41.435105],[2.128844,41.435178],[2.128843,41.435251],[2.128819,41.435319],[2.128805,41.43539],[2.128788,41.435544],[2.128787,41.435596],[2.128801,41.435689],[2.128843,41.435813],[2.1288,41.436208],[2.128771,41.436289],[2.128601,41.436598],[2.12859,41.436634],[2.128614,41.43679],[2.128652,41.436916],[2.129218,41.437624],[2.129237,41.437663],[2.129262,41.437737],[2.129274,41.437909],[2.129296,41.438019],[2.12942,41.438499],[2.129474,41.43873],[2.129472,41.438829],[2.129365,41.439383],[2.129398,41.439582],[2.129373,41.439928],[2.129351,41.440085],[2.129388,41.440174],[2.129447,41.440234],[2.129846,41.440542],[2.129901,41.440597],[2.129928,41.44067],[2.129958,41.440952],[2.129956,41.441086],[2.129925,41.441168],[2.129512,41.441744],[2.1295,41.441913],[2.129601,41.442048],[2.12965,41.442099],[2.129804,41.442348],[2.129945,41.442474],[2.129967,41.44265],[2.129943,41.443029],[2.130106,41.443182],[2.130264,41.443315],[2.130555,41.443558],[2.130624,41.443631],[2.130641,41.443707],[2.130683,41.443786],[2.130719,41.443829],[2.130786,41.44386],[2.130851,41.44388],[2.130948,41.44389],[2.131089,41.443916],[2.131218,41.443952],[2.131356,41.444004],[2.131466,41.444026],[2.131617,41.444065],[2.131822,41.444107],[2.132023,41.444146],[2.132113,41.444174],[2.132212,41.444212],[2.132294,41.444255],[2.132375,41.444321],[2.132461,41.444386],[2.13254,41.444456],[2.132635,41.444519],[2.1327,41.444549],[2.13274,41.444569],[2.132782,41.444605],[2.132819,41.44464],[2.132848,41.444705],[2.132864,41.444767],[2.132882,41.444835],[2.132907,41.444942],[2.132902,41.445044],[2.132888,41.445116],[2.132877,41.445194],[2.132884,41.445254],[2.132898,41.445323],[2.132895,41.445376],[2.132908,41.445428],[2.132932,41.445463],[2.133012,41.445504],[2.133098,41.445534],[2.133204,41.44557],[2.133398,41.445649],[2.133493,41.445704],[2.133611,41.445797],[2.133732,41.445925],[2.133804,41.446],[2.13384,41.446039],[2.133882,41.446094],[2.133947,41.446196],[2.134015,41.446298],[2.134074,41.446394],[2.134155,41.446499],[2.134253,41.44662],[2.134334,41.446739],[2.134441,41.446878],[2.13449,41.446955],[2.134584,41.447091],[2.134612,41.447252],[2.134633,41.447411],[2.134683,41.447481],[2.134715,41.447526],[2.134731,41.447561],[2.134773,41.447583],[2.134823,41.447593],[2.134913,41.447594],[2.135015,41.44758],[2.135174,41.447544],[2.135196,41.447539],[2.135233,41.447533],[2.135357,41.447503],[2.13543,41.447491],[2.135737,41.447433],[2.135953,41.447496],[2.136149,41.447551],[2.136344,41.447608],[2.136498,41.447677],[2.136629,41.447744],[2.136813,41.44769],[2.136945,41.447653],[2.137022,41.447636],[2.137107,41.447618],[2.137197,41.44766],[2.137237,41.447675],[2.137311,41.447723],[2.137402,41.447766],[2.137442,41.447795],[2.137493,41.447832],[2.137587,41.447894],[2.137643,41.447918],[2.137718,41.447949],[2.137812,41.447956],[2.137924,41.447945],[2.138008,41.447934],[2.138146,41.447907],[2.138297,41.447852],[2.138498,41.447806],[2.138667,41.447762],[2.138721,41.447752],[2.138823,41.447737],[2.138939,41.447723],[2.139039,41.44771],[2.139181,41.447694],[2.139288,41.447683],[2.139393,41.447667],[2.13947,41.447656],[2.13958,41.447643],[2.139681,41.447631],[2.139695,41.447629],[2.139755,41.447622],[2.139828,41.44762],[2.139838,41.44762],[2.139844,41.44762],[2.139851,41.44762],[2.139852,41.447619],[2.139859,41.447619],[2.13986,41.447619],[2.139865,41.447619],[2.139866,41.447618],[2.139869,41.447618],[2.13987,41.447617],[2.139873,41.447617],[2.139875,41.447616],[2.139877,41.447616],[2.139878,41.447615],[2.139879,41.447615],[2.139881,41.447614],[2.139882,41.447614],[2.139883,41.447613],[2.139884,41.447613],[2.139886,41.447612],[2.139887,41.447612],[2.139888,41.447612],[2.139889,41.447612],[2.13989,41.447611],[2.139922,41.447595],[2.139936,41.447587],[2.139951,41.447579],[2.139978,41.447564],[2.139983,41.44756],[2.139987,41.447558],[2.139989,41.447557],[2.13999,41.447556],[2.139993,41.447556],[2.139994,41.447556],[2.139995,41.447555],[2.139998,41.447554],[2.139999,41.447553],[2.14,41.447553],[2.140001,41.447552],[2.140002,41.447552],[2.140004,41.447551],[2.140006,41.447551],[2.140006,41.44755],[2.140007,41.44755],[2.140008,41.447549],[2.14001,41.447549],[2.140011,41.447549],[2.140012,41.447549],[2.140013,41.447548],[2.140016,41.447548],[2.140017,41.447547],[2.140018,41.447546],[2.140019,41.447546],[2.14002,41.447545],[2.140023,41.447545],[2.140024,41.447544],[2.140025,41.447544],[2.140026,41.447543],[2.140029,41.447543],[2.140029,41.447542],[2.14003,41.447542],[2.140031,41.447541],[2.140033,41.447541],[2.140034,41.447541],[2.140036,41.447541],[2.140037,41.44754],[2.140039,41.44754],[2.14004,41.447539],[2.140041,41.447539],[2.140042,41.447538],[2.140043,41.447538],[2.140045,41.447537],[2.140047,41.447537],[2.140048,41.447536],[2.140051,41.447536],[2.140052,41.447535],[2.140053,41.447535],[2.140054,41.447534],[2.140055,41.447534],[2.140057,41.447534],[2.140058,41.447534],[2.140059,41.447533],[2.140061,41.447533],[2.140063,41.447532],[2.140065,41.447532],[2.140066,41.447531],[2.140067,41.447531],[2.140069,41.44753],[2.14007,41.44753],[2.140071,41.447529],[2.140073,41.447529],[2.140075,41.447528],[2.140076,41.447528],[2.140077,41.447527],[2.140079,41.447527],[2.140081,41.447527],[2.140083,41.447527],[2.140084,41.447526],[2.140087,41.447526],[2.140087,41.447525],[2.140089,41.447525],[2.14009,41.447524],[2.140093,41.447524],[2.140094,41.447523],[2.140096,41.447523],[2.140097,41.447522],[2.1401,41.447522],[2.140101,41.447521],[2.140103,41.447521],[2.140105,41.44752],[2.140106,41.44752],[2.140107,41.44752],[2.140109,41.44752],[2.140111,41.447519],[2.140113,41.447519],[2.140114,41.447518],[2.140117,41.447518],[2.140118,41.447517],[2.14012,41.447517],[2.140121,41.447516],[2.140124,41.447516],[2.140125,41.447515],[2.140127,41.447515],[2.140127,41.447514],[2.140131,41.447514],[2.140132,41.447513],[2.140135,41.447513],[2.140136,41.447513],[2.140138,41.447513],[2.140139,41.447512],[2.140143,41.447512],[2.140144,41.447511],[2.140147,41.447511],[2.140148,41.44751],[2.140151,41.44751],[2.140153,41.447509],[2.140155,41.447509],[2.140156,41.447508],[2.140159,41.447508],[2.14016,41.447507],[2.140163,41.447507],[2.140165,41.447506],[2.140168,41.447506],[2.140169,41.447506],[2.140173,41.447506],[2.140174,41.447505],[2.140178,41.447505],[2.140179,41.447504],[2.140183,41.447504],[2.140184,41.447503],[2.140187,41.447503],[2.140189,41.447502],[2.140191,41.447502],[2.140192,41.447501],[2.140196,41.447501],[2.140197,41.4475],[2.140202,41.4475],[2.140203,41.4475],[2.140207,41.4475],[2.140208,41.447499],[2.140213,41.447499],[2.140214,41.447498],[2.140217,41.447498],[2.140219,41.447497],[2.140223,41.447497],[2.140225,41.447496],[2.140229,41.447496],[2.140231,41.447495],[2.140237,41.447495],[2.140238,41.447494],[2.140241,41.447494],[2.140243,41.447494],[2.140249,41.447494],[2.14025,41.447493],[2.140255,41.447493],[2.140256,41.447493],[2.140257,41.447492],[2.140262,41.447492],[2.140263,41.447492],[2.140264,41.447491],[2.140271,41.447491],[2.140273,41.44749],[2.140279,41.44749],[2.14028,41.447489],[2.140288,41.447489],[2.140289,41.447488],[2.140298,41.447489],[2.140299,41.447488],[2.140309,41.447488],[2.14031,41.447487],[2.140322,41.447487],[2.140323,41.447486],[2.140336,41.447486],[2.140337,41.447485],[2.140353,41.447485],[2.140354,41.447484],[2.140373,41.447485],[2.140374,41.447484],[2.140401,41.447484],[2.140402,41.447483],[2.140488,41.447484],[2.140488,41.447485],[2.1405,41.447485],[2.140561,41.447485],[2.14058,41.447484],[2.140617,41.447481],[2.140657,41.447477],[2.140676,41.447474],[2.1407,41.44747],[2.140742,41.447461],[2.140793,41.44745],[2.140817,41.447445],[2.140842,41.447438],[2.140889,41.447421],[2.140935,41.447404],[2.140956,41.447394],[2.140985,41.44738],[2.140998,41.447373],[2.141019,41.447361],[2.14106,41.447333],[2.141097,41.44731],[2.141119,41.447296],[2.14113,41.447288],[2.141139,41.44728],[2.141153,41.447266],[2.141165,41.447253],[2.141175,41.447237],[2.141185,41.447229],[2.141192,41.447225],[2.141206,41.447217],[2.141212,41.447214],[2.141226,41.447211],[2.141234,41.447211],[2.141235,41.44721],[2.141242,41.44721],[2.141244,41.447209],[2.141253,41.447209],[2.141254,41.447208],[2.141263,41.447208],[2.141264,41.447207],[2.141274,41.447208],[2.141275,41.447207],[2.141286,41.447207],[2.141287,41.447206],[2.141298,41.447206],[2.141299,41.447205],[2.141311,41.447205],[2.141312,41.447204],[2.141321,41.447204],[2.141323,41.447203],[2.141326,41.447203],[2.141328,41.447203],[2.141331,41.447203],[2.141332,41.447202],[2.141334,41.447202],[2.141335,41.447201],[2.141337,41.447201],[2.141338,41.4472],[2.14134,41.447199],[2.141341,41.447199],[2.141342,41.447198],[2.141343,41.447198],[2.141344,41.447197],[2.141346,41.447196],[2.141347,41.447196],[2.141348,41.447196],[2.141396,41.447145],[2.141475,41.447079],[2.141563,41.447027],[2.141652,41.446985],[2.141755,41.446952],[2.141853,41.446934],[2.142033,41.446939],[2.142113,41.446946],[2.14227,41.446958],[2.142348,41.44698],[2.142435,41.447031],[2.142572,41.447142],[2.142921,41.447367],[2.142997,41.447423],[2.143028,41.447449],[2.143055,41.447459],[2.143065,41.447462],[2.143248,41.447524],[2.143288,41.447539],[2.14329,41.44754],[2.143422,41.447587],[2.143506,41.447617],[2.143991,41.447766],[2.144148,41.447771],[2.144278,41.44777],[2.144461,41.447793],[2.144598,41.447815],[2.144761,41.447856],[2.144861,41.447895],[2.145038,41.447955],[2.145098,41.447953],[2.145142,41.447934],[2.145208,41.447885],[2.145321,41.447822],[2.145427,41.447781],[2.145649,41.447729],[2.145773,41.447709],[2.145921,41.447681],[2.146093,41.447659],[2.146241,41.447641],[2.14633,41.447629],[2.146503,41.447588],[2.146615,41.447554],[2.146713,41.447507],[2.146795,41.447447],[2.146949,41.447334],[2.147087,41.447225],[2.147253,41.447114],[2.147409,41.447036],[2.147582,41.446947],[2.14771,41.446899],[2.147805,41.446872],[2.147925,41.446861],[2.148051,41.446849],[2.148145,41.446828],[2.148255,41.446809],[2.148364,41.446771],[2.148424,41.446756],[2.148485,41.446755],[2.148562,41.446771],[2.148635,41.446793],[2.148735,41.446837],[2.148887,41.4469],[2.149055,41.446953],[2.149155,41.447006],[2.149232,41.447056],[2.149291,41.4471],[2.149428,41.447174],[2.14953,41.447224],[2.149646,41.447232],[2.149723,41.447218],[2.149865,41.447191],[2.150004,41.447176],[2.150193,41.44719],[2.150285,41.447197],[2.150361,41.447208],[2.150445,41.447229],[2.150582,41.447284],[2.150662,41.447302],[2.15075,41.4473],[2.150868,41.447271],[2.151043,41.447229],[2.15115,41.447186],[2.151297,41.447144],[2.151483,41.4471],[2.151619,41.447065],[2.151716,41.447044],[2.151831,41.447027],[2.151911,41.44702],[2.151971,41.447027],[2.152029,41.44704],[2.152071,41.447064],[2.15221,41.447179],[2.152358,41.447299],[2.152525,41.447427],[2.152613,41.447502],[2.152757,41.44761],[2.152845,41.447658],[2.152954,41.447693],[2.153062,41.447733],[2.153182,41.447762],[2.153269,41.447789],[2.153298,41.447849],[2.153304,41.447901],[2.153314,41.447968],[2.15332,41.448062],[2.153341,41.448217],[2.153387,41.448375],[2.153406,41.448573],[2.153406,41.44858],[2.153407,41.448581],[2.153407,41.448589],[2.153408,41.44859],[2.153408,41.448595],[2.153409,41.448596],[2.153409,41.448601],[2.15341,41.448602],[2.15341,41.448605],[2.153411,41.448606],[2.153411,41.448609],[2.153412,41.44861],[2.153412,41.448613],[2.153414,41.448614],[2.153414,41.448616],[2.153415,41.448617],[2.153415,41.448618],[2.153416,41.448619],[2.153416,41.448622],[2.153417,41.448623],[2.153417,41.448624],[2.153418,41.448625],[2.153418,41.448627],[2.153419,41.448628],[2.153419,41.44863],[2.153421,41.448631],[2.15342,41.448632],[2.153422,41.448633],[2.153422,41.448633],[2.153423,41.448634],[2.153423,41.448636],[2.153424,41.448637],[2.153424,41.448638],[2.153425,41.448639],[2.153425,41.448641],[2.153426,41.448642],[2.153426,41.448642],[2.153428,41.448642],[2.153428,41.448643],[2.153429,41.448644],[2.153429,41.448645],[2.15343,41.448646],[2.15343,41.448648],[2.153431,41.448649],[2.153431,41.44865],[2.153432,41.44865],[2.153432,41.448652],[2.153505,41.448751],[2.153524,41.448769],[2.153544,41.448787],[2.153558,41.448798],[2.153685,41.448886],[2.153835,41.448988],[2.153908,41.44904],[2.154016,41.449114],[2.154139,41.449198],[2.154167,41.449217],[2.15425,41.449276],[2.154282,41.449301],[2.15429,41.449308],[2.154306,41.449324],[2.15432,41.449337],[2.154327,41.449344],[2.154327,41.449345],[2.154328,41.449346],[2.154328,41.449347],[2.154331,41.449349],[2.154331,41.44935],[2.154332,41.449351],[2.154332,41.449352],[2.154333,41.449353],[2.154333,41.449353],[2.154334,41.449354],[2.154335,41.449354],[2.154335,41.449355],[2.154337,41.449356],[2.154336,41.449357],[2.15434,41.44936],[2.15434,41.449361],[2.154344,41.449363],[2.154344,41.449364],[2.154347,41.449367],[2.154347,41.449368],[2.154348,41.449368],[2.154348,41.449369],[2.154351,41.449371],[2.154351,41.449372],[2.154352,41.449372],[2.154353,41.449373],[2.154353,41.449373],[2.154354,41.449374],[2.154355,41.449374],[2.154355,41.449375],[2.154359,41.449378],[2.15436,41.449379],[2.15436,41.44938],[2.154361,41.44938],[2.154363,41.449381],[2.154363,41.449382],[2.154364,41.449382],[2.154366,41.449383],[2.154366,41.449384],[2.154367,41.449384],[2.154368,41.449385],[2.154368,41.449386],[2.15437,41.449386],[2.154377,41.449392],[2.154378,41.449392],[2.154378,41.449393],[2.154379,41.449393],[2.15438,41.449393],[2.154385,41.449397],[2.154386,41.449397],[2.154386,41.449398],[2.154387,41.449398],[2.15439,41.4494],[2.154391,41.4494],[2.154391,41.449401],[2.154392,41.449402],[2.154393,41.449402],[2.154395,41.449403],[2.154396,41.449403],[2.154396,41.449403],[2.154397,41.449404],[2.154399,41.449405],[2.154401,41.449405],[2.154401,41.449406],[2.154402,41.449406],[2.154403,41.449407],[2.154404,41.449407],[2.154408,41.44941],[2.154409,41.44941],[2.15441,41.449411],[2.154411,41.449411],[2.154412,41.449412],[2.154414,41.449412],[2.154414,41.449413],[2.154415,41.449413],[2.154416,41.449414],[2.154417,41.449414],[2.154418,41.449414],[2.15442,41.449414],[2.154422,41.449416],[2.154423,41.449416],[2.154424,41.449417],[2.154426,41.449417],[2.154427,41.449418],[2.154428,41.449418],[2.15443,41.44942],[2.154433,41.44942],[2.154434,41.449421],[2.154435,41.449421],[2.154436,41.449422],[2.154437,41.449422],[2.154439,41.449423],[2.154441,41.449423],[2.154441,41.449424],[2.154442,41.449424],[2.154547,41.449459],[2.15475,41.449529],[2.154967,41.449571],[2.155166,41.449625],[2.15527,41.449679],[2.15538,41.449734],[2.155467,41.449787],[2.155546,41.449821],[2.155721,41.449888],[2.155842,41.449935],[2.156019,41.449954],[2.15616,41.449937],[2.156307,41.44992],[2.156437,41.449926],[2.156579,41.449914],[2.156643,41.449886],[2.156703,41.449849],[2.156746,41.449823],[2.156807,41.449788],[2.156946,41.449732],[2.157082,41.449686],[2.157214,41.449643],[2.157323,41.449601],[2.157388,41.44959],[2.157445,41.449592],[2.157504,41.449607],[2.157563,41.449625],[2.157683,41.449677],[2.157799,41.449732],[2.157911,41.449783],[2.157967,41.449803],[2.158014,41.449829],[2.158091,41.449891],[2.158165,41.449949],[2.158221,41.450001],[2.158271,41.450039],[2.158315,41.450083],[2.15837,41.450128],[2.158424,41.450174],[2.158504,41.450227],[2.158586,41.450258],[2.158681,41.4503],[2.158775,41.450349],[2.158868,41.450425],[2.158926,41.450489],[2.158967,41.450517],[2.15956,41.450521],[2.159562,41.450502],[2.159998,41.450433],[2.160185,41.450349],[2.160211,41.450333],[2.160369,41.450321],[2.160414,41.45034],[2.161043,41.450327],[2.161295,41.450305],[2.161533,41.450284],[2.161725,41.450273],[2.16186,41.450258],[2.161995,41.45022],[2.16211,41.450164],[2.162188,41.450116],[2.162298,41.450053],[2.162394,41.449986],[2.162494,41.44993],[2.162596,41.44988],[2.162685,41.449826],[2.162787,41.449789],[2.162878,41.449778],[2.162976,41.449768],[2.163071,41.449778],[2.163183,41.44979],[2.163256,41.449798],[2.163381,41.449806],[2.163473,41.449805],[2.163578,41.449799],[2.163679,41.449795],[2.163757,41.449786],[2.163893,41.449771],[2.164038,41.449786],[2.164106,41.449798],[2.164141,41.449815],[2.16417,41.449866],[2.164166,41.449942],[2.164197,41.450027],[2.164224,41.450103],[2.164246,41.450183],[2.164274,41.4503],[2.164292,41.450386],[2.164319,41.450471],[2.164359,41.450569],[2.164403,41.450635],[2.164448,41.450689],[2.164488,41.450721],[2.164559,41.450778],[2.164638,41.450853],[2.16468,41.450911],[2.164707,41.450957],[2.164757,41.451061],[2.164792,41.451093],[2.164843,41.451115],[2.164963,41.451173],[2.165075,41.451224],[2.16514,41.451248],[2.16531,41.451313],[2.165374,41.451348],[2.165426,41.451381],[2.165505,41.451437],[2.165556,41.451482],[2.165584,41.451524],[2.165598,41.45158],[2.165593,41.451669],[2.165575,41.451746],[2.165568,41.451795],[2.165514,41.45192],[2.165448,41.452048],[2.165393,41.452153],[2.165333,41.452249],[2.16516,41.452361],[2.165033,41.452451],[2.164938,41.452524],[2.16486,41.452602],[2.164801,41.452675],[2.164814,41.452749],[2.164836,41.452835],[2.164862,41.452912],[2.164871,41.45299],[2.16489,41.453107],[2.164901,41.453163],[2.164896,41.453229],[2.164875,41.453307],[2.164861,41.453403],[2.164859,41.453474],[2.164826,41.453632],[2.164808,41.453697],[2.164797,41.453772],[2.164802,41.453855],[2.16482,41.453928],[2.164892,41.454046],[2.164931,41.454226],[2.164956,41.454334],[2.164956,41.454482],[2.16494,41.454666],[2.164924,41.454771],[2.16489,41.45484],[2.164733,41.454943],[2.164506,41.45501],[2.164407,41.455116],[2.164326,41.455357],[2.164301,41.455447],[2.164267,41.455609],[2.164169,41.455794],[2.164229,41.456045],[2.164296,41.456135],[2.164339,41.456193],[2.164452,41.45638],[2.164515,41.456483],[2.164576,41.456587],[2.164644,41.456696],[2.164721,41.456798],[2.164782,41.456889],[2.164893,41.457051],[2.164974,41.457146],[2.16508,41.457334],[2.165196,41.457511],[2.165271,41.457614],[2.165317,41.45769],[2.165416,41.45778],[2.165464,41.457849],[2.165499,41.457921],[2.165572,41.457986],[2.165623,41.458029],[2.165648,41.458108],[2.16567,41.458185],[2.165687,41.458271],[2.165698,41.458307],[2.165741,41.458373],[2.165799,41.458416],[2.166162,41.458465],[2.166439,41.458708],[2.166921,41.459175],[2.166934,41.459492],[2.166945,41.45951],[2.167014,41.459635],[2.167166,41.4598],[2.167238,41.459849],[2.167313,41.459887],[2.167392,41.459908],[2.167525,41.459931],[2.167457,41.460008],[2.167397,41.460077],[2.16736,41.460143],[2.167333,41.460206],[2.167288,41.460319],[2.167276,41.460355],[2.167258,41.460415],[2.167242,41.460472],[2.167254,41.460507],[2.167301,41.460619],[2.167325,41.46068],[2.168144,41.460704],[2.168207,41.460701],[2.168263,41.460697],[2.168258,41.460602],[2.168267,41.460497],[2.168283,41.460395],[2.168296,41.460338],[2.168318,41.460285],[2.168429,41.46032],[2.169099,41.460551],[2.169287,41.46063],[2.169409,41.460635],[2.169549,41.460677],[2.170012,41.460754],[2.170019,41.460844],[2.1705,41.460962],[2.170642,41.461024],[2.170821,41.461083],[2.171224,41.461213],[2.171405,41.460822],[2.171425,41.460876],[2.171524,41.460963],[2.171645,41.46111],[2.171695,41.461138],[2.17172,41.461167],[2.171749,41.461205],[2.1719,41.461271],[2.172134,41.461443],[2.172386,41.461656],[2.172548,41.461766],[2.172646,41.461869],[2.172939,41.462057],[2.173403,41.462328],[2.17376,41.462535],[2.173843,41.462529],[2.173996,41.462539],[2.174074,41.462564],[2.174169,41.462637],[2.174248,41.462732],[2.17428,41.462819],[2.174355,41.462972],[2.174357,41.463016],[2.174328,41.463229],[2.174352,41.463484],[2.174524,41.463484],[2.17478,41.463643],[2.174878,41.463699],[2.174916,41.463852],[2.175622,41.463751],[2.17573,41.463733],[2.175991,41.463858],[2.176173,41.463928],[2.176211,41.463945],[2.176251,41.46399],[2.176619,41.464053],[2.176921,41.464092],[2.176958,41.464132],[2.177077,41.464145],[2.177255,41.464151],[2.177465,41.464161],[2.177803,41.464243],[2.178126,41.464333],[2.178433,41.464399],[2.178623,41.464443],[2.178853,41.464484],[2.180254,41.464828],[2.180712,41.46494],[2.180421,41.465088],[2.180137,41.465269],[2.179844,41.465506],[2.179466,41.465878],[2.179336,41.466024],[2.179167,41.466214],[2.178936,41.466535],[2.178789,41.4668],[2.178671,41.467084],[2.17861,41.467421],[2.178606,41.467688],[2.17864,41.467947],[2.178695,41.468184],[2.179413,41.467594],[2.179794,41.467619],[2.18051,41.467659],[2.180693,41.467673],[2.181687,41.467843],[2.181892,41.467914],[2.182022,41.467952],[2.182389,41.467997],[2.182674,41.468052],[2.183101,41.468163],[2.183471,41.468227],[2.183623,41.468275],[2.183785,41.468296],[2.184065,41.468298],[2.184169,41.468284],[2.184422,41.468246],[2.184583,41.468197],[2.185382,41.467795],[2.185738,41.467761],[2.185803,41.467758],[2.18706,41.467717],[2.187111,41.467106],[2.187182,41.466286],[2.18738,41.46448],[2.187454,41.463796],[2.18764,41.462131],[2.187681,41.461802],[2.187717,41.461617],[2.187798,41.46131],[2.187873,41.461079],[2.187961,41.460832],[2.188056,41.460599],[2.188199,41.460293],[2.188328,41.460045],[2.18846,41.459817],[2.188609,41.459584],[2.188835,41.459267],[2.189014,41.459039],[2.189365,41.458639],[2.189787,41.458219],[2.190148,41.457874],[2.190617,41.457433],[2.190956,41.457139],[2.191311,41.456851],[2.191706,41.456555],[2.192328,41.456105],[2.1938,41.455045],[2.194506,41.454535],[2.195277,41.453989],[2.196993,41.452785],[2.197713,41.452276],[2.198106,41.451981],[2.198476,41.451669],[2.199181,41.451067],[2.199573,41.450725],[2.200177,41.450136],[2.200701,41.449621],[2.20183,41.448504],[2.201942,41.448391],[2.203211,41.447103],[2.203411,41.446891],[2.203864,41.446416],[2.204108,41.446156],[2.204988,41.445227],[2.205309,41.444891],[2.205606,41.444578],[2.205881,41.444283],[2.206133,41.444],[2.206298,41.443808],[2.206835,41.443116],[2.206943,41.442962],[2.207063,41.442779],[2.207194,41.442577],[2.207322,41.442373],[2.207372,41.44229],[2.20747,41.442123],[2.207568,41.441951],[2.207616,41.441863],[2.207662,41.441774],[2.20775,41.441604],[2.20783,41.441442],[2.207911,41.441273],[2.207952,41.441185],[2.207991,41.441096],[2.208094,41.440853],[2.208156,41.440697],[2.208226,41.440515],[2.20829,41.440332],[2.208347,41.440164],[2.208401,41.439996],[2.208468,41.43977],[2.208625,41.43919],[2.209411,41.436386],[2.209538,41.43601],[2.209627,41.435759],[2.209707,41.435555],[2.209746,41.435459],[2.209805,41.435312],[2.209888,41.435117],[2.20998,41.434911],[2.210097,41.434662],[2.210167,41.434518],[2.210305,41.434248],[2.210459,41.433967],[2.210664,41.433599],[2.210759,41.43343],[2.209071,41.433659],[2.205905,41.432957],[2.206266,41.432094],[2.206534,41.430956],[2.207118,41.429291],[2.207448,41.428025],[2.207365,41.427885],[2.206143,41.425626],[2.206812,41.425461],[2.208077,41.424981],[2.208844,41.425153],[2.209963,41.424634],[2.210114,41.423835],[2.211186,41.422283],[2.211462,41.422],[2.211858,41.421271],[2.212471,41.420856],[2.214348,41.419807],[2.216,41.418625],[2.21649,41.417882],[2.217017,41.417435],[2.217413,41.416715],[2.220121,41.414386],[2.220439,41.414038],[2.221247,41.413218],[2.220741,41.412575],[2.224788,41.412193],[2.227047,41.412621],[2.227972,41.412794],[2.228035,41.412745],[2.228176,41.412847],[2.229282,41.411998],[2.2292,41.411939],[2.228812,41.411926],[2.228816,41.411851],[2.229471,41.41187],[2.229564,41.411795],[2.228727,41.410493],[2.228967,41.410403],[2.22894,41.41031],[2.22867,41.410403],[2.228479,41.410116],[2.228073,41.410247],[2.228161,41.410394],[2.228278,41.410353],[2.228491,41.410688],[2.227934,41.410897],[2.227592,41.410375],[2.227278,41.410489],[2.226742,41.409656],[2.226803,41.409417],[2.226771,41.409344],[2.226638,41.409231],[2.22642,41.408897],[2.226452,41.408637],[2.226519,41.408612],[2.226534,41.408598],[2.226537,41.408582],[2.226399,41.408404],[2.226378,41.408393],[2.226358,41.408392],[2.226265,41.408427],[2.226254,41.408441],[2.226249,41.408458],[2.22634,41.408648],[2.226367,41.408665],[2.22641,41.408654],[2.226381,41.408902],[2.226355,41.408905],[2.226147,41.408579],[2.226168,41.408582],[2.226219,41.408561],[2.226211,41.408545],[2.22615,41.40856],[2.22612,41.408538],[2.226138,41.408508],[2.226175,41.408498],[2.226232,41.40852],[2.226249,41.408548],[2.226273,41.408538],[2.226257,41.408509],[2.226236,41.40849],[2.226177,41.408473],[2.225901,41.408044],[2.226081,41.407907],[2.226082,41.407889],[2.225938,41.407737],[2.225828,41.407763],[2.225812,41.40778],[2.225824,41.407926],[2.225432,41.40732],[2.225683,41.407144],[2.22584,41.407061],[2.225939,41.407087],[2.226013,41.407153],[2.226048,41.407167],[2.225994,41.407225],[2.226027,41.407265],[2.226074,41.407292],[2.226061,41.407343],[2.22611,41.407395],[2.226128,41.407368],[2.226173,41.407381],[2.226171,41.407402],[2.2262,41.407409],[2.226282,41.407406],[2.226279,41.407463],[2.226324,41.40752],[2.226354,41.407503],[2.226366,41.40757],[2.226411,41.407582],[2.226421,41.407638],[2.226386,41.407685],[2.226422,41.407717],[2.226444,41.407717],[2.226464,41.407752],[2.226442,41.407766],[2.226639,41.407924],[2.226676,41.407918],[2.226691,41.407946],[2.226788,41.407964],[2.226802,41.407994],[2.226787,41.407999],[2.226798,41.408019],[2.22682,41.408037],[2.226839,41.408057],[2.226814,41.408094],[2.226817,41.408135],[2.226848,41.408156],[2.226852,41.40817],[2.226861,41.408191],[2.226914,41.408236],[2.227045,41.408283],[2.226979,41.408411],[2.227245,41.408946],[2.227372,41.408991],[2.227509,41.409418],[2.227693,41.40958],[2.227734,41.409613],[2.227794,41.409622],[2.227841,41.409594],[2.227865,41.409608],[2.227892,41.409589],[2.22792,41.409523],[2.227972,41.409421],[2.228018,41.409355],[2.228023,41.409199],[2.227987,41.40904],[2.227381,41.408094],[2.227273,41.408083],[2.227258,41.408133],[2.227205,41.408121],[2.227128,41.408139],[2.227027,41.408208],[2.227039,41.408249],[2.226949,41.408198],[2.226904,41.408116],[2.226916,41.408081],[2.226936,41.408012],[2.226998,41.407994],[2.227019,41.407964],[2.226989,41.407964],[2.226968,41.407934],[2.226993,41.407912],[2.226981,41.407835],[2.226967,41.407737],[2.226936,41.4077],[2.226936,41.407659],[2.226895,41.407636],[2.226912,41.407613],[2.226866,41.407611],[2.226784,41.407655],[2.226821,41.40772],[2.226757,41.407858],[2.226793,41.407892],[2.226765,41.407904],[2.226788,41.407929],[2.226711,41.407927],[2.22671,41.407909],[2.22667,41.407885],[2.226626,41.407835],[2.22662,41.407791],[2.226544,41.407759],[2.226534,41.407738],[2.226506,41.407727],[2.226507,41.407692],[2.226476,41.407679],[2.226541,41.407456],[2.226499,41.407384],[2.226516,41.407352],[2.226494,41.407318],[2.226467,41.4073],[2.226497,41.407242],[2.22648,41.407218],[2.226476,41.407195],[2.226495,41.407142],[2.226465,41.407106],[2.226367,41.407136],[2.226274,41.407303],[2.226282,41.407376],[2.226209,41.407386],[2.226219,41.407361],[2.226152,41.407292],[2.226057,41.407232],[2.226089,41.407202],[2.226116,41.407217],[2.226147,41.407186],[2.226124,41.407077],[2.226076,41.407006],[2.226031,41.406983],[2.22603,41.406939],[2.226148,41.40689],[2.226203,41.406813],[2.226187,41.406715],[2.226095,41.406614],[2.225881,41.406615],[2.225831,41.406669],[2.225674,41.406768],[2.225433,41.406963],[2.225469,41.40702],[2.225062,41.407307],[2.225005,41.407306],[2.224771,41.40692],[2.225299,41.406528],[2.225339,41.406548],[2.225452,41.406484],[2.22546,41.406444],[2.225535,41.406404],[2.22563,41.406373],[2.225729,41.406295],[2.225783,41.406234],[2.225805,41.406153],[2.225825,41.406104],[2.225814,41.406038],[2.225667,41.405974],[2.225557,41.405979],[2.225307,41.406132],[2.2251,41.406334],[2.224734,41.406584],[2.22465,41.406533],[2.224515,41.406369],[2.224388,41.406229],[2.224236,41.406251],[2.22371,41.406454],[2.221925,41.405094],[2.22187,41.405087],[2.221813,41.405104],[2.221777,41.405134],[2.221771,41.405171],[2.221786,41.405198],[2.221901,41.405287],[2.221541,41.40557],[2.221416,41.405473],[2.221442,41.405453],[2.221375,41.405403],[2.221349,41.405423],[2.220979,41.405152],[2.22098,41.405133],[2.221451,41.404653],[2.221522,41.404695],[2.221744,41.404482],[2.221633,41.404398],[2.221993,41.404108],[2.222296,41.404014],[2.222437,41.404127],[2.222415,41.40423],[2.222871,41.404951],[2.223081,41.40512],[2.223192,41.405025],[2.222963,41.404828],[2.22278,41.404463],[2.222313,41.403754],[2.222128,41.403601],[2.22201,41.403599],[2.222195,41.403931],[2.221922,41.40401],[2.221823,41.404028],[2.220312,41.405161],[2.220054,41.405346],[2.219601,41.405135],[2.219155,41.404928],[2.218634,41.404682],[2.218289,41.404477],[2.217946,41.404232],[2.217551,41.40386],[2.217166,41.403418],[2.21704,41.403227],[2.216961,41.403062],[2.218313,41.402141],[2.218203,41.402032],[2.21695,41.402876],[2.216835,41.402843],[2.216576,41.402738],[2.21575,41.402176],[2.215109,41.401594],[2.214721,41.401136],[2.214279,41.400351],[2.214249,41.400201],[2.214249,41.40004],[2.214265,41.399965],[2.215644,41.398944],[2.215676,41.398883],[2.21564,41.398831],[2.215576,41.398853],[2.215454,41.398972],[2.215281,41.39884],[2.215455,41.398702],[2.215473,41.39866],[2.215432,41.398633],[2.21539,41.398639],[2.214667,41.399218],[2.214328,41.399456],[2.214145,41.39948],[2.213913,41.39941],[2.213566,41.399249],[2.213154,41.399028],[2.212692,41.398671],[2.211891,41.397931],[2.211339,41.39735],[2.210764,41.39662],[2.210726,41.396418],[2.210706,41.396273],[2.210728,41.396009],[2.21161,41.395314],[2.211849,41.395121],[2.211733,41.395019],[2.211306,41.395351],[2.211268,41.395308],[2.211207,41.39534],[2.21102,41.395174],[2.211441,41.394841],[2.211329,41.394727],[2.209865,41.39581],[2.209742,41.395808],[2.209383,41.395688],[2.208987,41.395533],[2.20859,41.395281],[2.208001,41.394841],[2.207211,41.394092],[2.206735,41.393508],[2.206411,41.39305],[2.205938,41.392408],[2.205655,41.392032],[2.205455,41.391733],[2.205439,41.391599],[2.205451,41.391423],[2.206269,41.390773],[2.206152,41.390662],[2.205604,41.391098],[2.20555,41.391092],[2.204957,41.391543],[2.204825,41.391682],[2.204531,41.391454],[2.204781,41.391352],[2.205896,41.39049],[2.205779,41.390368],[2.204567,41.391263],[2.204359,41.391205],[2.204063,41.391118],[2.203612,41.390943],[2.203008,41.39063],[2.202481,41.390307],[2.202187,41.390108],[2.201923,41.389831],[2.201701,41.389499],[2.201537,41.389199],[2.201434,41.388986],[2.201346,41.388762],[2.202037,41.388235],[2.202822,41.387649],[2.202998,41.38778],[2.202914,41.387831],[2.202976,41.387893],[2.203617,41.387417],[2.203218,41.386747],[2.202855,41.386255],[2.202462,41.385791],[2.202037,41.385334],[2.201432,41.384787],[2.200988,41.384417],[2.200613,41.384149],[2.200237,41.383914],[2.199731,41.383659],[2.199626,41.383625],[2.199512,41.383647],[2.199401,41.383715],[2.199372,41.383804],[2.199403,41.383888],[2.199458,41.383946],[2.199894,41.384145],[2.200029,41.384102],[2.200295,41.384262],[2.200716,41.384555],[2.201217,41.38496],[2.201857,41.385575],[2.202212,41.385958],[2.202606,41.386424],[2.202515,41.386469],[2.202551,41.386511],[2.20262,41.386479],[2.202726,41.386605],[2.202403,41.386851],[2.202151,41.386662],[2.202181,41.386635],[2.202157,41.386613],[2.202108,41.386653],[2.201206,41.385974],[2.201417,41.385814],[2.20118,41.385641],[2.201034,41.385748],[2.200987,41.385706],[2.201125,41.3856],[2.200843,41.38538],[2.200199,41.385868],[2.201956,41.387205],[2.200438,41.388319],[2.200339,41.388245],[2.200237,41.388319],[2.198331,41.386893],[2.19843,41.386806],[2.198325,41.386728],[2.199543,41.385825],[2.199368,41.385685],[2.199422,41.385645],[2.19955,41.385744],[2.199586,41.385703],[2.199832,41.38537],[2.199762,41.385324],[2.19991,41.385207],[2.199948,41.385243],[2.199985,41.385196],[2.199814,41.385048],[2.199622,41.384915],[2.19948,41.384834],[2.199332,41.384749],[2.199083,41.384634],[2.198628,41.384989],[2.198218,41.384697],[2.198311,41.384381],[2.198289,41.384359],[2.198247,41.384373],[2.198228,41.384399],[2.19815,41.384651],[2.198015,41.384648],[2.197851,41.384607],[2.197383,41.384446],[2.196929,41.38424],[2.196362,41.3839],[2.195977,41.383479],[2.195648,41.383065],[2.195325,41.382559],[2.195274,41.382281],[2.19525,41.381968],[2.195354,41.381786],[2.195556,41.381675],[2.195655,41.381685],[2.196545,41.381373],[2.197229,41.381127],[2.197151,41.380988],[2.196303,41.3813],[2.195696,41.381477],[2.19561,41.381398],[2.195403,41.381084],[2.195452,41.380985],[2.195628,41.380906],[2.19597,41.380794],[2.196831,41.380461],[2.196732,41.380309],[2.194777,41.381049],[2.194615,41.381052],[2.19445,41.381005],[2.194257,41.380825],[2.193681,41.380165],[2.193203,41.379425],[2.192735,41.378707],[2.192629,41.378488],[2.192571,41.378278],[2.192556,41.378043],[2.192543,41.377843],[2.192669,41.377491],[2.192808,41.377271],[2.193142,41.377102],[2.194118,41.376728],[2.194465,41.377277],[2.194582,41.377259],[2.19468,41.377148],[2.194344,41.376626],[2.193892,41.376056],[2.193795,41.376042],[2.193709,41.376066],[2.193707,41.376159],[2.193997,41.37657],[2.193239,41.376932],[2.192994,41.37705],[2.192889,41.377055],[2.192667,41.376994],[2.192352,41.376848],[2.192186,41.376774],[2.1919,41.376579],[2.191565,41.376252],[2.191345,41.375946],[2.191112,41.375523],[2.190862,41.375115],[2.190595,41.374611],[2.190228,41.373877],[2.190067,41.373515],[2.189811,41.37283],[2.189568,41.372028],[2.189506,41.371708],[2.18943,41.37127],[2.189422,41.370817],[2.189555,41.370288],[2.189657,41.370223],[2.189766,41.370046],[2.190108,41.369572],[2.191134,41.36932],[2.191466,41.369762],[2.191499,41.369879],[2.191581,41.369969],[2.191713,41.369961],[2.191829,41.369869],[2.191495,41.369306],[2.191205,41.368819],[2.187677,41.363409],[2.187053,41.361749],[2.187131,41.361677],[2.187092,41.361536],[2.18685,41.361571],[2.185361,41.357735],[2.18459,41.3579],[2.184655,41.358055],[2.185042,41.357975],[2.185114,41.358156],[2.185265,41.358121],[2.187097,41.362933],[2.18651,41.363055],[2.186636,41.36339],[2.187274,41.363557],[2.189237,41.366574],[2.189106,41.366623],[2.189154,41.366687],[2.188928,41.366783],[2.188992,41.366871],[2.187954,41.367256],[2.187319,41.36621],[2.186783,41.365346],[2.186186,41.364367],[2.18672,41.364185],[2.186639,41.364065],[2.186568,41.364054],[2.186087,41.364222],[2.185512,41.36467],[2.185425,41.364681],[2.185369,41.364735],[2.185169,41.3653],[2.184942,41.365264],[2.184934,41.365633],[2.184977,41.365674],[2.185098,41.365702],[2.185138,41.365688],[2.185356,41.365368],[2.186681,41.366924],[2.186967,41.368294],[2.186876,41.368299],[2.187202,41.370011],[2.186162,41.370132],[2.185865,41.368461],[2.185911,41.368427],[2.185957,41.368397],[2.185976,41.368353],[2.185973,41.368266],[2.186001,41.368261],[2.185959,41.368025],[2.185819,41.368024],[2.18568,41.368042],[2.185684,41.3681],[2.185248,41.368142],[2.185246,41.368103],[2.185227,41.368095],[2.185141,41.368106],[2.185203,41.368487],[2.18471,41.368536],[2.184659,41.368567],[2.184625,41.368614],[2.184964,41.370414],[2.184619,41.370445],[2.184589,41.370461],[2.184562,41.370499],[2.18456,41.370528],[2.184611,41.370863],[2.184638,41.370889],[2.184681,41.371208],[2.185969,41.371086],[2.186005,41.371248],[2.18539,41.371322],[2.185412,41.371453],[2.186077,41.371384],[2.186087,41.371442],[2.185765,41.371486],[2.185784,41.371625],[2.186152,41.371589],[2.186158,41.371659],[2.185803,41.371686],[2.185919,41.372415],[2.187405,41.372281],[2.187535,41.373156],[2.187139,41.373191],[2.186824,41.373302],[2.187064,41.373761],[2.18684,41.373536],[2.186795,41.373564],[2.187055,41.373814],[2.187124,41.373893],[2.187485,41.374553],[2.186656,41.374812],[2.185949,41.374529],[2.185636,41.372638],[2.185617,41.37261],[2.185559,41.372592],[2.184923,41.372669],[2.185315,41.375158],[2.185592,41.37512],[2.185617,41.375251],[2.185812,41.37521],[2.18584,41.375351],[2.186077,41.375312],[2.186111,41.37548],[2.186394,41.375431],[2.186434,41.375599],[2.186717,41.375558],[2.186756,41.375717],[2.186801,41.375711],[2.186842,41.375864],[2.186518,41.375912],[2.186567,41.376103],[2.186882,41.37605],[2.18718,41.377227],[2.18644,41.377339],[2.186438,41.377424],[2.187248,41.377619],[2.186444,41.379656],[2.186033,41.37955],[2.185935,41.379787],[2.186037,41.379813],[2.185911,41.380125],[2.185194,41.380462],[2.18466,41.380708],[2.183658,41.380482],[2.185002,41.376998],[2.185166,41.376956],[2.185227,41.376804],[2.184955,41.376746],[2.183074,41.374344],[2.182934,41.374299],[2.182557,41.374464],[2.182676,41.374177],[2.182536,41.374203],[2.18233,41.374304],[2.182137,41.374458],[2.182029,41.374554],[2.181974,41.374587],[2.181868,41.374618],[2.1817,41.374637],[2.181498,41.374693],[2.181304,41.374791],[2.181146,41.374887],[2.181076,41.375084],[2.18202,41.374684],[2.182072,41.374699],[2.181656,41.374885],[2.18161,41.375027],[2.181583,41.375055],[2.181482,41.375356],[2.181611,41.37552],[2.181555,41.375547],[2.181648,41.375658],[2.181679,41.375643],[2.181763,41.375746],[2.181792,41.375725],[2.182081,41.376092],[2.18206,41.376117],[2.182212,41.376322],[2.182269,41.376406],[2.18225,41.376417],[2.182309,41.376491],[2.182368,41.376464],[2.182496,41.376618],[2.182459,41.376638],[2.182452,41.376662],[2.182537,41.376767],[2.182559,41.37677],[2.182601,41.376752],[2.182702,41.376888],[2.182808,41.377013],[2.182785,41.377028],[2.183089,41.377407],[2.183124,41.377401],[2.18325,41.377554],[2.182503,41.379464],[2.182303,41.379549],[2.179528,41.376067],[2.179629,41.376003],[2.179582,41.375963],[2.17956,41.375914],[2.179565,41.375816],[2.179626,41.375819],[2.179705,41.375793],[2.179762,41.375765],[2.179804,41.37573],[2.179857,41.375687],[2.17991,41.37567],[2.179977,41.375665],[2.180076,41.375648],[2.180153,41.375622],[2.180213,41.375592],[2.180252,41.375567],[2.180289,41.375513],[2.180302,41.375477],[2.180292,41.375415],[2.180873,41.375165],[2.180946,41.374969],[2.180879,41.374989],[2.180794,41.375026],[2.180743,41.375061],[2.180695,41.375108],[2.180632,41.375154],[2.18059,41.375176],[2.180535,41.375198],[2.180476,41.375216],[2.180413,41.37523],[2.180343,41.375238],[2.180246,41.375252],[2.180146,41.375276],[2.180015,41.375334],[2.179959,41.375376],[2.179916,41.375418],[2.179891,41.375478],[2.179895,41.375525],[2.179916,41.375562],[2.179525,41.375729],[2.179474,41.375672],[2.179416,41.375632],[2.179349,41.375609],[2.179282,41.375593],[2.179192,41.375657],[2.177971,41.374134],[2.178273,41.37401],[2.178124,41.373821],[2.182972,41.371624],[2.183017,41.371585],[2.183008,41.371536],[2.182106,41.370405],[2.182064,41.370379],[2.182009,41.37037],[2.177624,41.372363],[2.177467,41.37217],[2.177389,41.372122],[2.177079,41.372148],[2.176379,41.367427],[2.176698,41.367396],[2.176632,41.367321],[2.176558,41.367333],[2.176498,41.367236],[2.176564,41.367187],[2.176528,41.36712],[2.17967,41.365986],[2.179841,41.36622],[2.18073,41.365882],[2.180755,41.36582],[2.180447,41.36531],[2.18234,41.364632],[2.182415,41.364747],[2.182906,41.364857],[2.182862,41.365156],[2.182891,41.365192],[2.183012,41.36522],[2.183063,41.365196],[2.183279,41.364908],[2.18306,41.364864],[2.183258,41.364243],[2.183409,41.363422],[2.183417,41.36334],[2.183382,41.363296],[2.183315,41.363286],[2.183053,41.36326],[2.178133,41.355636],[2.176144,41.35251],[2.176284,41.352442],[2.176123,41.351957],[2.175942,41.351752],[2.175839,41.351412],[2.175588,41.351053],[2.175397,41.35082],[2.175305,41.350631],[2.175225,41.350342],[2.174379,41.346311],[2.173566,41.342574],[2.172606,41.338126],[2.171938,41.335063],[2.171784,41.334967],[2.171543,41.333917],[2.171384,41.333212],[2.169833,41.326394],[2.172895,41.317371],[2.172843,41.317218],[2.172725,41.317131],[2.172553,41.31712],[2.172368,41.317184],[2.172329,41.317313],[2.172415,41.317344],[2.172463,41.317398],[2.169408,41.326349],[2.171052,41.33339],[2.171184,41.333944],[2.170087,41.334103],[2.170024,41.334134],[2.170002,41.334193],[2.170002,41.334237],[2.170067,41.334535],[2.170087,41.33458],[2.170143,41.334614],[2.170195,41.334603],[2.170245,41.33458],[2.170244,41.334561],[2.170197,41.334526],[2.170131,41.334196],[2.170842,41.334094],[2.171072,41.335111],[2.170743,41.335193],[2.170723,41.335443],[2.170577,41.335559],[2.171051,41.337874],[2.171124,41.33827],[2.171107,41.338383],[2.171048,41.338456],[2.17105,41.338526],[2.170975,41.338546],[2.171011,41.33875],[2.171256,41.338721],[2.17168,41.340702],[2.171521,41.340794],[2.171524,41.340908],[2.171603,41.340983],[2.171768,41.341019],[2.172199,41.343131],[2.172393,41.343759],[2.172423,41.344017],[2.172323,41.344143],[2.172212,41.344034],[2.171831,41.344225],[2.171538,41.344276],[2.171434,41.344069],[2.170948,41.341913],[2.170738,41.341913],[2.172225,41.34882],[2.171869,41.348853],[2.171916,41.349032],[2.172,41.349251],[2.172108,41.349391],[2.172416,41.349302],[2.176722,41.355925],[2.182263,41.364524],[2.180374,41.365208],[2.179611,41.364031],[2.179312,41.363556],[2.178993,41.363676],[2.179258,41.364111],[2.17597,41.365294],[2.173479,41.362034],[2.173829,41.361878],[2.173695,41.361654],[2.176145,41.360749],[2.176196,41.36075],[2.17675,41.360545],[2.175481,41.358668],[2.175408,41.358626],[2.175288,41.358631],[2.170917,41.360246],[2.169904,41.358629],[2.173054,41.356511],[2.170567,41.35272],[2.16691,41.347149],[2.163558,41.348399],[2.163634,41.348515],[2.16369,41.348493],[2.163711,41.348526],[2.16337,41.348659],[2.163031,41.348461],[2.163067,41.348425],[2.16314,41.348466],[2.163237,41.34837],[2.153317,41.342704],[2.15313,41.342736],[2.153007,41.342922],[2.153222,41.344459],[2.152862,41.344496],[2.153014,41.3456],[2.152645,41.345629],[2.15274,41.346344],[2.15196,41.3464],[2.151894,41.345914],[2.151903,41.3459],[2.151875,41.345754],[2.151852,41.345725],[2.151824,41.345717],[2.15179,41.345734],[2.15177,41.345773],[2.151785,41.345909],[2.1518,41.345914],[2.151869,41.346406],[2.15092,41.346485],[2.1509,41.34632],[2.15084,41.345905],[2.150832,41.345782],[2.150826,41.345742],[2.150815,41.345711],[2.150787,41.345486],[2.150725,41.345025],[2.150696,41.344834],[2.150626,41.344327],[2.150607,41.34418],[2.150579,41.34401],[2.150572,41.343915],[2.150544,41.343749],[2.150535,41.343662],[2.150515,41.343525],[2.150505,41.343425],[2.150464,41.343186],[2.15044,41.343005],[2.150232,41.341458],[2.150091,41.340429],[2.149889,41.338935],[2.149967,41.338819],[2.149793,41.338781],[2.149592,41.337156],[2.149624,41.337092],[2.149586,41.336697],[2.149507,41.336657],[2.145762,41.336568],[2.145771,41.336345],[2.145593,41.336336],[2.145313,41.336433],[2.144284,41.334749],[2.147276,41.333695],[2.145858,41.331368],[2.146085,41.331278],[2.145899,41.330983],[2.148818,41.329969],[2.148933,41.330011],[2.148988,41.330098],[2.149527,41.330925],[2.149539,41.330978],[2.149491,41.331046],[2.149492,41.331083],[2.149561,41.331215],[2.149459,41.331256],[2.149439,41.331248],[2.149355,41.33111],[2.14935,41.331088],[2.149339,41.331071],[2.149301,41.331066],[2.149281,41.33103],[2.149178,41.331074],[2.149401,41.331431],[2.149497,41.331399],[2.149472,41.331348],[2.149686,41.331275],[2.149758,41.331329],[2.150389,41.332284],[2.150376,41.332321],[2.15029,41.332372],[2.150299,41.3324],[2.150159,41.332453],[2.150105,41.332377],[2.150007,41.33242],[2.150117,41.332605],[2.15022,41.332564],[2.150194,41.33252],[2.150357,41.332468],[2.150407,41.332484],[2.150454,41.332481],[2.150503,41.332497],[2.150759,41.332884],[2.151178,41.333583],[2.151077,41.333667],[2.150961,41.333708],[2.150936,41.333676],[2.150919,41.333683],[2.150896,41.333647],[2.150777,41.333699],[2.150881,41.333878],[2.151002,41.333833],[2.150992,41.333813],[2.151017,41.333797],[2.151006,41.333771],[2.151138,41.333722],[2.151295,41.333768],[2.151506,41.334104],[2.151991,41.334873],[2.151917,41.334946],[2.151751,41.335013],[2.15171,41.334965],[2.15162,41.335018],[2.151691,41.335155],[2.151809,41.335104],[2.151787,41.335069],[2.151952,41.335012],[2.152037,41.335023],[2.152097,41.335074],[2.152188,41.335165],[2.152818,41.336253],[2.152746,41.33634],[2.152606,41.3364],[2.152569,41.336361],[2.152464,41.336408],[2.152549,41.336543],[2.152655,41.336507],[2.152635,41.336466],[2.152792,41.336415],[2.152933,41.336414],[2.153689,41.337647],[2.153625,41.337735],[2.153462,41.337783],[2.153431,41.337749],[2.153322,41.337802],[2.153398,41.337938],[2.153501,41.337891],[2.153476,41.337852],[2.153659,41.337789],[2.153778,41.337795],[2.154111,41.338301],[2.154151,41.338366],[2.154127,41.33838],[2.15427,41.338627],[2.154193,41.338651],[2.154199,41.338676],[2.154034,41.338735],[2.153996,41.338658],[2.15388,41.338697],[2.15399,41.33889],[2.154091,41.338852],[2.154061,41.33878],[2.154213,41.338722],[2.154233,41.338754],[2.154343,41.338718],[2.154425,41.338867],[2.154427,41.338896],[2.154366,41.338936],[2.154352,41.338961],[2.154223,41.339003],[2.154186,41.338964],[2.154074,41.339015],[2.154164,41.339152],[2.154273,41.339116],[2.154247,41.33908],[2.154385,41.339027],[2.154434,41.339047],[2.154486,41.339047],[2.154627,41.33923],[2.154653,41.339226],[2.154676,41.339252],[2.154691,41.339246],[2.154715,41.339271],[2.15469,41.339281],[2.154696,41.339294],[2.154711,41.339291],[2.154719,41.339311],[2.154623,41.339345],[2.154564,41.339243],[2.154385,41.339305],[2.154635,41.339713],[2.154813,41.33965],[2.154749,41.339537],[2.154833,41.339504],[2.154919,41.339653],[2.154621,41.339763],[2.15466,41.339823],[2.154732,41.339799],[2.154709,41.339756],[2.154949,41.339669],[2.155281,41.340225],[2.155403,41.340458],[2.155202,41.340531],[2.155185,41.340511],[2.155145,41.340512],[2.155121,41.340473],[2.155147,41.340464],[2.155139,41.34042],[2.155097,41.3404],[2.155008,41.34044],[2.155041,41.340495],[2.155067,41.340483],[2.155083,41.340482],[2.155112,41.34053],[2.155087,41.340537],[2.155139,41.340612],[2.1552,41.340591],[2.155242,41.340576],[2.155223,41.340546],[2.155422,41.340479],[2.15553,41.340636],[2.155576,41.340614],[2.155642,41.340775],[2.155635,41.340797],[2.155464,41.340855],[2.155405,41.34075],[2.155296,41.340791],[2.155407,41.34099],[2.155476,41.340963],[2.155492,41.340991],[2.155479,41.341002],[2.15551,41.341052],[2.155585,41.341032],[2.155551,41.340972],[2.15552,41.34098],[2.155501,41.340953],[2.155524,41.340945],[2.155508,41.340915],[2.155659,41.34087],[2.15576,41.341016],[2.155563,41.341086],[2.155553,41.341065],[2.155444,41.341108],[2.155458,41.341166],[2.155502,41.341164],[2.155522,41.341204],[2.155497,41.341226],[2.155531,41.341284],[2.155593,41.341268],[2.155633,41.341257],[2.155639,41.341244],[2.155622,41.341224],[2.155631,41.341209],[2.15558,41.341186],[2.155571,41.341162],[2.155586,41.341151],[2.155574,41.341118],[2.155771,41.341046],[2.156147,41.341646],[2.156262,41.341822],[2.156373,41.341889],[2.156533,41.341959],[2.156729,41.342043],[2.156686,41.342107],[2.156651,41.342088],[2.156628,41.342137],[2.156675,41.342153],[2.156744,41.342062],[2.156802,41.342097],[2.156751,41.34216],[2.156792,41.342182],[2.156849,41.342109],[2.156968,41.342163],[2.156854,41.3423],[2.157097,41.342408],[2.157163,41.342326],[2.157056,41.342283],[2.157101,41.342225],[2.157588,41.342449],[2.157914,41.342595],[2.158181,41.342558],[2.158265,41.342577],[2.15835,41.342609],[2.15845,41.342769],[2.159139,41.343207],[2.159173,41.343183],[2.159292,41.343267],[2.159445,41.343207],[2.159481,41.343249],[2.161175,41.342595],[2.161165,41.342563],[2.161172,41.342546],[2.161016,41.342091],[2.161393,41.342025],[2.161475,41.342029],[2.16168,41.341982],[2.16213,41.341905],[2.162812,41.341769],[2.162879,41.342007],[2.162635,41.34206],[2.162614,41.3421],[2.162674,41.342356],[2.162499,41.342382],[2.162496,41.342396],[2.162103,41.342375],[2.162085,41.34234],[2.161854,41.34238],[2.161856,41.342397],[2.161415,41.342469],[2.161409,41.342448],[2.161178,41.342484],[2.1612,41.342565],[2.161421,41.342528],[2.161417,41.342491],[2.161877,41.342417],[2.161886,41.342455],[2.162104,41.34242],[2.162105,41.342394],[2.162507,41.342417],[2.162524,41.342508],[2.164247,41.342227],[2.164226,41.342166],[2.164645,41.341995],[2.164657,41.34202],[2.164942,41.341973],[2.164937,41.341914],[2.165399,41.34184],[2.165415,41.341897],[2.165705,41.341852],[2.16567,41.341729],[2.165509,41.341763],[2.165492,41.34169],[2.165571,41.341686],[2.165544,41.341575],[2.165351,41.341604],[2.165376,41.341718],[2.165404,41.341715],[2.165411,41.341774],[2.165363,41.341787],[2.165362,41.341805],[2.164934,41.341875],[2.16492,41.341853],[2.164624,41.341908],[2.164628,41.341945],[2.164193,41.34212],[2.164045,41.342136],[2.163948,41.341888],[2.163891,41.34185],[2.16366,41.341887],[2.163607,41.341762],[2.163597,41.341659],[2.164064,41.341568],[2.164542,41.341505],[2.164667,41.341512],[2.164825,41.341506],[2.164974,41.341484],[2.165097,41.341411],[2.165387,41.341366],[2.165669,41.34131],[2.165821,41.341298],[2.165876,41.341297],[2.165964,41.341331],[2.166099,41.341324],[2.166175,41.341293],[2.166205,41.341244],[2.166205,41.341174],[2.166179,41.341119],[2.166137,41.341089],[2.166064,41.341081],[2.165919,41.341111],[2.165708,41.341151],[2.165459,41.341185],[2.165303,41.341195],[2.165078,41.340662],[2.16513,41.340586],[2.165226,41.340551],[2.165246,41.340601],[2.165289,41.34059],[2.165178,41.34034],[2.165532,41.340252],[2.165634,41.340633],[2.165728,41.340612],[2.165607,41.340159],[2.165141,41.34027],[2.165119,41.340206],[2.16508,41.340218],[2.165097,41.340262],[2.16491,41.340301],[2.164038,41.338326],[2.165155,41.338072],[2.165235,41.338341],[2.16516,41.338924],[2.165047,41.33894],[2.165149,41.339268],[2.165283,41.339243],[2.165192,41.338929],[2.165271,41.338333],[2.165388,41.338319],[2.165166,41.337589],[2.165055,41.337608],[2.164682,41.337109],[2.164577,41.336783],[2.164436,41.336808],[2.164528,41.337126],[2.164642,41.337107],[2.165031,41.337632],[2.165091,41.337874],[2.163917,41.338052],[2.160344,41.329937],[2.159658,41.328269],[2.159352,41.32766],[2.159265,41.327454],[2.159305,41.327426],[2.159205,41.327284],[2.159085,41.327161],[2.158996,41.327182],[2.15892,41.327161],[2.158842,41.327163],[2.158771,41.327236],[2.158763,41.327287],[2.158777,41.327393],[2.158831,41.327552],[2.158906,41.327553],[2.158987,41.327781],[2.158891,41.327861],[2.154318,41.327887],[2.154196,41.327845],[2.154334,41.32777],[2.1544,41.327704],[2.154451,41.327606],[2.154466,41.327541],[2.154445,41.327438],[2.154402,41.327359],[2.154319,41.327275],[2.154252,41.327229],[2.154181,41.327218],[2.154152,41.327252],[2.154069,41.327262],[2.15406,41.327309],[2.154135,41.327389],[2.154208,41.327421],[2.154191,41.327446],[2.154259,41.327496],[2.154235,41.327527],[2.154234,41.32757],[2.154206,41.327606],[2.154133,41.327644],[2.154058,41.327677],[2.153987,41.327696],[2.153939,41.327663],[2.153913,41.327582],[2.153862,41.327601],[2.153822,41.327526],[2.153876,41.327513],[2.153754,41.327197],[2.153622,41.326775],[2.153615,41.326686],[2.153612,41.326641],[2.153569,41.326553],[2.153511,41.326429],[2.153492,41.326331],[2.153409,41.326191],[2.153297,41.325836],[2.153148,41.325455],[2.153069,41.325216],[2.152976,41.324788],[2.152983,41.324733],[2.152957,41.324699],[2.152921,41.324556],[2.152891,41.324476],[2.152888,41.324432],[2.152883,41.324378],[2.152816,41.324282],[2.152762,41.324203],[2.1527,41.324017],[2.152662,41.323839],[2.15256,41.323609],[2.152393,41.32331],[2.152332,41.323136],[2.152281,41.322996],[2.152247,41.322971],[2.151727,41.323154],[2.151396,41.322614],[2.151142,41.322202],[2.150926,41.321849],[2.150816,41.321674],[2.150696,41.321529],[2.149857,41.320683],[2.149728,41.320757],[2.14962,41.320744],[2.14952,41.320741],[2.147712,41.320758],[2.14686,41.320754],[2.146729,41.32076],[2.146617,41.320779],[2.145742,41.320751],[2.143743,41.320944],[2.141268,41.32109],[2.139769,41.321115],[2.132582,41.320846],[2.132117,41.320809],[2.130712,41.320772],[2.128519,41.320961],[2.125798,41.321353],[2.123135,41.321807],[2.121745,41.322066],[2.118901,41.322734],[2.117043,41.323321],[2.115653,41.32389],[2.114039,41.324881],[2.11311,41.325596],[2.112302,41.326117],[2.111379,41.327248],[2.110131,41.32893],[2.109118,41.330245],[2.108749,41.33073],[2.108379,41.331103],[2.107654,41.331745],[2.106572,41.332581],[2.10583,41.333162],[2.105389,41.333494],[2.104789,41.333931],[2.104128,41.334335],[2.103135,41.334904],[2.102769,41.335101],[2.10225,41.335351],[2.100526,41.336042],[2.101369,41.336334],[2.110343,41.337966],[2.117838,41.340621],[2.122071,41.341881],[2.130883,41.344243],[2.132735,41.344862],[2.138931,41.346773],[2.139207,41.34694],[2.13783,41.348406],[2.135309,41.351139],[2.134835,41.351791],[2.134264,41.352428],[2.131987,41.355528],[2.132234,41.355634],[2.132657,41.356002],[2.133028,41.356769],[2.133186,41.357554],[2.133221,41.358903],[2.133306,41.35953],[2.133509,41.360133],[2.133938,41.360582],[2.134507,41.36097],[2.134727,41.361186],[2.135279,41.362277],[2.135099,41.362574],[2.133915,41.363464],[2.133419,41.363846],[2.132971,41.364379],[2.132661,41.365447],[2.132254,41.366194],[2.132037,41.366627],[2.131836,41.367419],[2.13129,41.368677],[2.130968,41.369142],[2.130263,41.369902],[2.129246,41.370641],[2.128907,41.37089],[2.126871,41.372053],[2.126058,41.372656],[2.124572,41.373524],[2.124191,41.373847],[2.1235,41.374634],[2.121993,41.375683],[2.121696,41.376011],[2.121357,41.378079],[2.117659,41.375894],[2.109439,41.376098],[2.109,41.37736],[2.108686,41.377924],[2.108213,41.378296],[2.108055,41.378564],[2.107822,41.379096],[2.107469,41.379931],[2.107378,41.381205],[2.107497,41.381659],[2.108239,41.381518],[2.111804,41.384591],[2.109964,41.385366],[2.108298,41.38608],[2.107982,41.386616],[2.107615,41.386965],[2.106723,41.387338],[2.106579,41.38748],[2.106346,41.387859],[2.106025,41.388036],[2.103534,41.388281],[2.102425,41.388322],[2.102101,41.387544],[2.101687,41.387751],[2.101125,41.387902],[2.100714,41.388155],[2.100283,41.38875],[2.100181,41.389133],[2.099624,41.392093],[2.09937,41.392365],[2.098133,41.393365],[2.097792,41.393957],[2.097922,41.394093],[2.098087,41.394253],[2.098212,41.39444],[2.098328,41.39461],[2.098408,41.394789],[2.09846,41.394909],[2.098509,41.394983],[2.098619,41.395076],[2.098748,41.395178],[2.098871,41.395265],[2.098968,41.39535],[2.099021,41.395413],[2.099075,41.395584],[2.099119,41.39577],[2.099172,41.395879],[2.099265,41.396071],[2.099387,41.396272],[2.099499,41.396385],[2.099628,41.396491],[2.099755,41.39661],[2.099842,41.396705],[2.099925,41.396813],[2.099968,41.39689],[2.10001,41.396974],[2.10004,41.397099],[2.100068,41.397258],[2.100092,41.397364],[2.100147,41.397564],[2.100175,41.397616],[2.100214,41.397662],[2.100271,41.397728],[2.100319,41.397786],[2.100368,41.39787],[2.100384,41.397914],[2.100445,41.398003],[2.100463,41.398075],[2.100477,41.398266],[2.100459,41.398345],[2.100463,41.398507],[2.100496,41.398552],[2.10053,41.398583],[2.100576,41.398615],[2.100709,41.398681],[2.100828,41.398733],[2.100928,41.398776],[2.101063,41.398833],[2.101162,41.398873],[2.101264,41.398921],[2.101369,41.39897],[2.101484,41.399025],[2.101576,41.399079],[2.101681,41.399151],[2.101736,41.399203],[2.101807,41.39928],[2.101919,41.39939],[2.101972,41.39944],[2.102036,41.399504],[2.102089,41.399577],[2.102126,41.399657],[2.102162,41.399747],[2.102217,41.399826],[2.102288,41.3999],[2.102342,41.399955],[2.102418,41.400051],[2.102549,41.400194],[2.102674,41.400324],[2.102776,41.400446],[2.102833,41.40052],[2.102869,41.4006],[2.102894,41.400667],[2.102902,41.40076],[2.102897,41.400878],[2.102893,41.400978],[2.102909,41.401058],[2.102957,41.40117],[2.103016,41.401254],[2.103065,41.401332],[2.103089,41.401401],[2.103098,41.401464],[2.103119,41.40152],[2.103147,41.401576],[2.103176,41.401652],[2.103178,41.401709],[2.103164,41.401759],[2.103142,41.40181],[2.103131,41.401897],[2.103137,41.401981],[2.103153,41.402051],[2.103179,41.402109],[2.10322,41.402178],[2.103315,41.402293],[2.103408,41.402404],[2.103487,41.402506],[2.103546,41.402601],[2.103587,41.402678],[2.103626,41.402777],[2.103648,41.402849],[2.103685,41.402968],[2.103717,41.403038],[2.103745,41.403094],[2.103784,41.403172],[2.103803,41.403223],[2.103825,41.403289],[2.103843,41.403388],[2.103843,41.403467],[2.103844,41.403542],[2.103838,41.403622],[2.10383,41.403707],[2.103817,41.403836],[2.103802,41.40394],[2.103787,41.404023],[2.103754,41.404125],[2.103708,41.404235],[2.103653,41.404315],[2.10359,41.404403],[2.103412,41.404507],[2.103201,41.404642],[2.103059,41.404715],[2.102865,41.404816],[2.102688,41.404861],[2.102557,41.404896],[2.10243,41.404929],[2.102243,41.404973],[2.10214,41.405002],[2.102057,41.405024],[2.101977,41.405046],[2.101907,41.40507],[2.101853,41.40509],[2.101812,41.40512],[2.101787,41.405156],[2.101772,41.405237],[2.101754,41.405442],[2.101753,41.405602],[2.101766,41.405757],[2.101754,41.405883],[2.101727,41.405995],[2.101705,41.406081],[2.101711,41.406189],[2.101714,41.406293],[2.101708,41.406451],[2.101667,41.40661],[2.101658,41.406717],[2.10163,41.406813],[2.10161,41.40691],[2.101602,41.406996],[2.101559,41.407087],[2.101515,41.407135],[2.101457,41.407203],[2.101437,41.407224],[2.101307,41.407316],[2.10124,41.407404],[2.101139,41.407527],[2.101057,41.407615],[2.101021,41.407656],[2.100987,41.407713],[2.100908,41.407838],[2.100734,41.408117],[2.100654,41.408261],[2.100607,41.408368],[2.100491,41.408388],[2.100362,41.408405],[2.100277,41.408414],[2.099689,41.408611],[2.099442,41.408702],[2.099003,41.408862],[2.09883,41.408905],[2.098657,41.40895],[2.098408,41.409009],[2.098158,41.409064],[2.097961,41.409098],[2.097805,41.409117],[2.097601,41.40913],[2.097446,41.409124],[2.097324,41.409107],[2.097267,41.409083],[2.097222,41.40905],[2.097079,41.408931],[2.096946,41.408805],[2.096873,41.408702],[2.096786,41.408572],[2.096699,41.408357],[2.096655,41.408241],[2.096518,41.408156],[2.096442,41.40811],[2.096329,41.408035],[2.096224,41.407967],[2.096197,41.407956],[2.09617,41.407946],[2.096129,41.407939],[2.095954,41.407905],[2.095815,41.40788],[2.095653,41.40785],[2.095486,41.407887],[2.095281,41.407913],[2.095155,41.407924],[2.095007,41.407931],[2.09475,41.407932],[2.094561,41.40793],[2.09436,41.407931],[2.094231,41.407947],[2.094108,41.407975],[2.094008,41.408004],[2.093824,41.408048],[2.093629,41.408087],[2.09332,41.408141],[2.093102,41.408176],[2.092794,41.408247],[2.092664,41.40827],[2.092505,41.408285],[2.092365,41.408283],[2.092222,41.408275],[2.092054,41.408244],[2.091878,41.408218],[2.091725,41.408193],[2.091535,41.408207],[2.091347,41.408236],[2.091074,41.408298],[2.090899,41.408317],[2.09079,41.408315],[2.090638,41.408311],[2.090446,41.408308],[2.090324,41.408315],[2.090042,41.408362],[2.0896,41.40844],[2.089228,41.408511],[2.088882,41.408572],[2.088669,41.40861],[2.088446,41.408671],[2.088239,41.408735],[2.08806,41.408788],[2.087867,41.40885],[2.087592,41.40893],[2.087486,41.408976],[2.087382,41.409037],[2.087257,41.409117],[2.087159,41.409196],[2.087075,41.409275],[2.086982,41.40937],[2.086893,41.40946],[2.086824,41.409493],[2.086696,41.409533],[2.086539,41.40958],[2.086251,41.409653],[2.086001,41.409712],[2.085695,41.409737],[2.085456,41.409714],[2.085207,41.409645],[2.085033,41.409607],[2.08489,41.409581],[2.084724,41.40954],[2.084568,41.409499],[2.084437,41.409457],[2.084265,41.409405],[2.084186,41.409387],[2.084133,41.409355],[2.084126,41.40932],[2.084128,41.409282],[2.084154,41.409215],[2.084176,41.409156],[2.084186,41.409093],[2.084177,41.409049],[2.084161,41.40899],[2.084135,41.408938],[2.084098,41.408889],[2.084066,41.408863],[2.083961,41.408784],[2.083873,41.408725],[2.08377,41.408631],[2.083638,41.408543],[2.083621,41.408489],[2.08356,41.408356],[2.083543,41.408279],[2.083403,41.408169],[2.083264,41.408065],[2.083181,41.407993],[2.083049,41.407903],[2.082935,41.407847],[2.082863,41.407811],[2.082791,41.407763],[2.082696,41.407559],[2.08264,41.40748],[2.082596,41.407325],[2.082561,41.407254],[2.082497,41.407138],[2.082452,41.407081],[2.082395,41.407039],[2.082331,41.407001],[2.082201,41.406924],[2.082024,41.406825],[2.081833,41.406724],[2.081752,41.406689],[2.081621,41.40664],[2.081452,41.406582],[2.081307,41.406529],[2.081145,41.406467],[2.080975,41.40639],[2.080911,41.406334],[2.080839,41.406243],[2.08076,41.406134],[2.080674,41.406055],[2.080578,41.406004],[2.080422,41.405963],[2.080358,41.405871],[2.080281,41.405662],[2.080277,41.405541],[2.080283,41.405389],[2.080313,41.40515],[2.080259,41.404977],[2.080237,41.404874],[2.080204,41.404746],[2.080162,41.404638],[2.08012,41.404547],[2.080063,41.404464],[2.079943,41.404347],[2.07974,41.404174],[2.079585,41.404057],[2.079406,41.403934],[2.079308,41.403868],[2.07923,41.403818],[2.079179,41.403773],[2.079133,41.403736],[2.079036,41.403626],[2.078989,41.403562],[2.078954,41.403485],[2.078901,41.403398],[2.078785,41.40327],[2.078741,41.403221],[2.078674,41.403172],[2.078593,41.403121],[2.078478,41.403083],[2.078353,41.403047],[2.078214,41.403006],[2.078072,41.402946],[2.07798,41.402914],[2.077873,41.402884],[2.077775,41.402867],[2.077569,41.403172],[2.07597,41.40336],[2.074841,41.402996],[2.074387,41.403313],[2.073869,41.403561],[2.073634,41.403617],[2.072976,41.403466],[2.072444,41.403534],[2.072182,41.403708],[2.071777,41.4045],[2.070653,41.406188],[2.06994,41.407165],[2.070325,41.407346],[2.071341,41.407184],[2.07168,41.407241],[2.072088,41.407556],[2.072076,41.407719],[2.071393,41.408469],[2.07132,41.409211],[2.071739,41.410291],[2.072088,41.411001],[2.072167,41.411076]]],[[[2.054817,41.414157],[2.055303,41.4145],[2.055717,41.415015],[2.055944,41.41516],[2.056086,41.415315],[2.056226,41.415635],[2.056947,41.416057],[2.056963,41.416555],[2.056945,41.416594],[2.056902,41.416633],[2.056894,41.416662],[2.056906,41.416763],[2.056897,41.416852],[2.056946,41.416943],[2.056978,41.417172],[2.056973,41.417263],[2.057033,41.417503],[2.057058,41.417662],[2.057068,41.417798],[2.057088,41.417832],[2.057175,41.41809],[2.057221,41.418134],[2.05723,41.418169],[2.057224,41.418197],[2.05726,41.418277],[2.057281,41.418294],[2.057301,41.418409],[2.05725,41.418525],[2.057121,41.418666],[2.057071,41.418743],[2.057045,41.418802],[2.057108,41.418865],[2.057082,41.418908],[2.057021,41.418967],[2.05694,41.41902],[2.056865,41.419096],[2.056854,41.419134],[2.056856,41.419199],[2.056841,41.419275],[2.056689,41.419537],[2.056681,41.419645],[2.056633,41.419749],[2.056618,41.419942],[2.056581,41.420055],[2.056571,41.420125],[2.056585,41.420198],[2.056571,41.420251],[2.056523,41.420319],[2.0564,41.420441],[2.056377,41.420478],[2.056378,41.420781],[2.05644,41.420957],[2.056441,41.421001],[2.056486,41.421203],[2.056485,41.421275],[2.056465,41.421358],[2.056444,41.421387],[2.056403,41.421411],[2.05638,41.421437],[2.056219,41.421703],[2.05619,41.421729],[2.056143,41.421749],[2.05608,41.421835],[2.056035,41.421877],[2.055941,41.421909],[2.055775,41.422032],[2.055717,41.422115],[2.055595,41.422207],[2.055545,41.422272],[2.055513,41.42229],[2.055145,41.422315],[2.054974,41.422368],[2.054644,41.422415],[2.054617,41.42243],[2.054554,41.422515],[2.054477,41.422702],[2.054442,41.422724],[2.054233,41.422718],[2.05416,41.422733],[2.054001,41.422846],[2.05392,41.422867],[2.053803,41.423008],[2.053759,41.423093],[2.053719,41.42314],[2.053161,41.423664],[2.053062,41.4237],[2.052592,41.423788],[2.052516,41.423817],[2.052474,41.423848],[2.052438,41.423893],[2.052433,41.423923],[2.05248,41.424062],[2.05248,41.424159],[2.052462,41.42418],[2.052407,41.424208],[2.052333,41.42423],[2.052429,41.424436],[2.052886,41.424822],[2.053257,41.425007],[2.054663,41.425276],[2.055299,41.425421],[2.055868,41.425484],[2.056428,41.425697],[2.056791,41.425814],[2.057473,41.426215],[2.057665,41.42642],[2.057679,41.426796],[2.057554,41.427126],[2.057582,41.427512],[2.05769,41.427899],[2.057992,41.428272],[2.058258,41.428775],[2.05833,41.429],[2.058447,41.429185],[2.058448,41.429595],[2.058393,41.429764],[2.058412,41.429941],[2.058442,41.43043],[2.058438,41.430898],[2.058402,41.43118],[2.058417,41.431295],[2.057854,41.432603],[2.057853,41.43265],[2.057789,41.432904],[2.057763,41.433201],[2.057737,41.433293],[2.05771,41.433334],[2.057671,41.433371],[2.057626,41.433401],[2.057597,41.433446],[2.057603,41.433523],[2.057639,41.433586],[2.057677,41.433624],[2.057783,41.433704],[2.057891,41.433809],[2.057905,41.433838],[2.057906,41.433887],[2.057885,41.433944],[2.057561,41.434406],[2.057508,41.434521],[2.057482,41.434608],[2.05749,41.434683],[2.057652,41.435128],[2.057667,41.435302],[2.057727,41.435504],[2.057727,41.435566],[2.057672,41.435749],[2.057669,41.435806],[2.058106,41.435739],[2.058318,41.435659],[2.058814,41.435557],[2.05897,41.43542],[2.059116,41.435381],[2.059358,41.435388],[2.059317,41.435067],[2.059362,41.434786],[2.059498,41.434478],[2.059834,41.434115],[2.06002,41.433956],[2.060927,41.433678],[2.06212,41.433358],[2.062908,41.433583],[2.063099,41.432949],[2.063317,41.432904],[2.063306,41.432606],[2.06331,41.432322],[2.063463,41.43207],[2.063663,41.431127],[2.064109,41.43046],[2.064582,41.429915],[2.065536,41.429904],[2.065968,41.43008],[2.066413,41.429809],[2.066653,41.429766],[2.067396,41.429535],[2.067813,41.429545],[2.067734,41.429376],[2.067766,41.429216],[2.06783,41.429131],[2.067883,41.429008],[2.067867,41.428849],[2.067867,41.428797],[2.067768,41.428747],[2.067719,41.42874],[2.067573,41.428703],[2.067496,41.428642],[2.067464,41.428541],[2.067441,41.428416],[2.06744,41.428349],[2.067459,41.428289],[2.067466,41.428213],[2.067444,41.428159],[2.067293,41.428029],[2.067163,41.427905],[2.067112,41.427869],[2.067001,41.427741],[2.066957,41.427647],[2.066927,41.427541],[2.066857,41.427454],[2.066818,41.427389],[2.066804,41.427322],[2.066814,41.42727],[2.066863,41.427215],[2.066972,41.426989],[2.067104,41.426851],[2.067116,41.426815],[2.067121,41.426752],[2.067084,41.426625],[2.067049,41.426566],[2.067014,41.426491],[2.067006,41.426416],[2.067015,41.426358],[2.067045,41.426266],[2.067656,41.425991],[2.069337,41.425265],[2.069674,41.425176],[2.069398,41.423355],[2.069543,41.423052],[2.069874,41.422703],[2.069795,41.421766],[2.06996,41.421343],[2.070171,41.420977],[2.070239,41.420156],[2.070486,41.418812],[2.068524,41.418455],[2.067569,41.418164],[2.064471,41.418013],[2.06406,41.418112],[2.064623,41.417349],[2.064788,41.416711],[2.06496,41.416307],[2.064639,41.415412],[2.063986,41.414091],[2.063618,41.413513],[2.062623,41.413629],[2.061976,41.413621],[2.061462,41.412851],[2.060993,41.412665],[2.060524,41.412641],[2.059082,41.412848],[2.058508,41.412856],[2.059006,41.412339],[2.059065,41.412174],[2.058775,41.410908],[2.057623,41.410554],[2.057024,41.410535],[2.056562,41.410592],[2.05624,41.410759],[2.055682,41.411423],[2.055218,41.412073],[2.054641,41.413949],[2.054817,41.414157]]]]}},{"type":"Feature","properties":{"nationalCode":"34090808157","name":"Pallejà"},"geometry":{"type":"Polygon","coordinates":[[[1.945183,41.417509],[1.945192,41.417693],[1.9452,41.417789],[1.945213,41.417906],[1.94521,41.417977],[1.945217,41.41809],[1.94522,41.418122],[1.945222,41.418122],[1.945199,41.418393],[1.945196,41.418413],[1.945189,41.41845],[1.9452,41.418556],[1.945203,41.418585],[1.945205,41.418615],[1.945208,41.418679],[1.945215,41.418787],[1.945213,41.418847],[1.945206,41.418991],[1.945191,41.419287],[1.945185,41.419489],[1.945173,41.419706],[1.945255,41.419804],[1.9455,41.419878],[1.945714,41.419959],[1.945779,41.419985],[1.94595,41.420052],[1.945962,41.420058],[1.946056,41.420094],[1.94613,41.42012],[1.946206,41.420146],[1.946252,41.420161],[1.946305,41.420176],[1.946335,41.420185],[1.946364,41.420193],[1.946434,41.42021],[1.946498,41.420224],[1.946554,41.420234],[1.946591,41.42024],[1.946628,41.420246],[1.94667,41.420251],[1.946709,41.420255],[1.946746,41.420258],[1.946777,41.42026],[1.946796,41.42026],[1.946815,41.420261],[1.946832,41.420261],[1.946849,41.420261],[1.946865,41.42026],[1.946881,41.42026],[1.946913,41.420258],[1.946942,41.420255],[1.946975,41.420252],[1.947006,41.420247],[1.947049,41.420241],[1.947095,41.420233],[1.947149,41.420224],[1.947166,41.420221],[1.947241,41.420202],[1.947293,41.420194],[1.947393,41.420178],[1.947458,41.420173],[1.947511,41.420188],[1.947613,41.420222],[1.947645,41.42024],[1.947698,41.420269],[1.947794,41.420323],[1.947898,41.420381],[1.948002,41.420439],[1.948048,41.420465],[1.948186,41.420542],[1.948318,41.420634],[1.94833,41.420642],[1.948353,41.420659],[1.948421,41.420709],[1.948496,41.420768],[1.948581,41.420835],[1.948649,41.420889],[1.948672,41.420908],[1.948741,41.420966],[1.948819,41.421031],[1.948897,41.421099],[1.948992,41.421189],[1.949164,41.421137],[1.949227,41.421116],[1.949336,41.421086],[1.94942,41.421061],[1.949504,41.421036],[1.949567,41.420996],[1.949631,41.420966],[1.949717,41.420941],[1.949795,41.420917],[1.949821,41.420909],[1.949914,41.420881],[1.949952,41.42087],[1.949977,41.420862],[1.950031,41.420844],[1.95006,41.420835],[1.950106,41.42082],[1.950152,41.420805],[1.950214,41.42077],[1.950226,41.420764],[1.950276,41.420735],[1.950299,41.420723],[1.950335,41.420706],[1.95037,41.42069],[1.950415,41.420674],[1.950461,41.420658],[1.950472,41.420654],[1.950485,41.42065],[1.950493,41.420648],[1.950601,41.420614],[1.950705,41.42058],[1.950926,41.420507],[1.951063,41.420463],[1.951134,41.420443],[1.951213,41.42043],[1.951229,41.420427],[1.951288,41.420419],[1.951381,41.420417],[1.951401,41.420416],[1.95142,41.420413],[1.951457,41.420415],[1.951494,41.420424],[1.951601,41.420431],[1.951765,41.420436],[1.951787,41.420442],[1.951834,41.420394],[1.951855,41.420382],[1.951883,41.42037],[1.951915,41.420364],[1.95205,41.420342],[1.952099,41.420335],[1.952164,41.420322],[1.952325,41.420304],[1.952552,41.420273],[1.952619,41.42026],[1.952686,41.420247],[1.952916,41.420086],[1.952946,41.420076],[1.952968,41.420067],[1.953018,41.420046],[1.953069,41.420031],[1.953119,41.419958],[1.953129,41.419948],[1.953201,41.419894],[1.953305,41.419864],[1.953414,41.419843],[1.953624,41.419801],[1.9537,41.419786],[1.953807,41.419768],[1.953868,41.419758],[1.954015,41.419745],[1.954267,41.41972],[1.954462,41.419723],[1.954658,41.419725],[1.954895,41.419729],[1.955132,41.419732],[1.955336,41.419712],[1.955501,41.419695],[1.955591,41.419684],[1.955902,41.419555],[1.956117,41.419614],[1.956342,41.419733],[1.956467,41.419801],[1.956697,41.419968],[1.956797,41.420041],[1.956882,41.420101],[1.956952,41.420148],[1.956994,41.420171],[1.957224,41.420142],[1.95724,41.420157],[1.957441,41.420252],[1.957458,41.420259],[1.957474,41.420264],[1.957502,41.42027],[1.957515,41.420268],[1.957571,41.420231],[1.957581,41.420228],[1.957593,41.42023],[1.957763,41.420299],[1.957873,41.420359],[1.957935,41.420391],[1.957961,41.4204],[1.958055,41.420425],[1.958085,41.42043],[1.958136,41.42044],[1.958162,41.420443],[1.958262,41.420516],[1.958301,41.420538],[1.958299,41.420554],[1.9583,41.420558],[1.958368,41.420584],[1.958419,41.420615],[1.95847,41.420645],[1.958481,41.420651],[1.958482,41.42065],[1.958494,41.420657],[1.958531,41.420678],[1.958556,41.420691],[1.958569,41.420697],[1.958582,41.420704],[1.95858,41.420706],[1.958592,41.420712],[1.958631,41.420729],[1.95867,41.420746],[1.958675,41.420747],[1.958678,41.420747],[1.958682,41.420747],[1.958685,41.420748],[1.958686,41.420748],[1.958688,41.420749],[1.95874,41.420763],[1.958793,41.420778],[1.95883,41.420788],[1.958867,41.420798],[1.958876,41.420799],[1.958884,41.4208],[1.958921,41.4208],[1.958958,41.420801],[1.959017,41.420823],[1.959051,41.420835],[1.959103,41.420855],[1.95914,41.420869],[1.959188,41.420887],[1.959237,41.420904],[1.959282,41.42092],[1.959323,41.420936],[1.959347,41.420945],[1.959412,41.420969],[1.959474,41.420994],[1.959537,41.421019],[1.959603,41.421018],[1.959704,41.421008],[1.959805,41.420998],[1.959877,41.421001],[1.959949,41.421003],[1.960053,41.421019],[1.960192,41.421044],[1.960241,41.421053],[1.960331,41.421069],[1.960428,41.421087],[1.96053,41.421104],[1.960598,41.421116],[1.960632,41.421122],[1.960762,41.421152],[1.960892,41.421181],[1.960986,41.421205],[1.961081,41.421228],[1.961182,41.421256],[1.961298,41.421286],[1.961415,41.421316],[1.961546,41.421347],[1.961678,41.421378],[1.961702,41.421385],[1.961727,41.421391],[1.961815,41.421412],[1.961903,41.421432],[1.961954,41.421443],[1.962182,41.421487],[1.96241,41.42153],[1.962455,41.421543],[1.962544,41.421567],[1.962587,41.421579],[1.962635,41.421605],[1.962683,41.421632],[1.962782,41.421688],[1.96288,41.421745],[1.963006,41.421817],[1.963132,41.421888],[1.963259,41.421959],[1.963258,41.42196],[1.96341,41.422042],[1.963603,41.422155],[1.963797,41.422267],[1.963844,41.422295],[1.964058,41.422441],[1.964073,41.422449],[1.964194,41.422514],[1.964316,41.42258],[1.964368,41.422609],[1.964509,41.422693],[1.964651,41.422778],[1.964737,41.422845],[1.964823,41.422912],[1.964851,41.422939],[1.964879,41.422966],[1.964933,41.423025],[1.964987,41.423084],[1.964993,41.423092],[1.965005,41.423108],[1.965016,41.423124],[1.965019,41.423129],[1.965022,41.423135],[1.965028,41.423146],[1.965034,41.423157],[1.965041,41.423172],[1.965055,41.423203],[1.965063,41.423226],[1.96507,41.423249],[1.965072,41.423255],[1.965087,41.423328],[1.965133,41.423529],[1.965153,41.423662],[1.965173,41.423795],[1.965191,41.423962],[1.965199,41.424083],[1.965204,41.424156],[1.965209,41.424193],[1.96523,41.42429],[1.96524,41.424337],[1.965251,41.424384],[1.965261,41.42443],[1.965263,41.42444],[1.965265,41.424449],[1.965279,41.424492],[1.965289,41.424511],[1.965299,41.42453],[1.965312,41.424551],[1.965326,41.424572],[1.965336,41.424584],[1.965347,41.424597],[1.965364,41.424615],[1.965373,41.424614],[1.965392,41.424635],[1.965461,41.424694],[1.96553,41.424752],[1.965841,41.425002],[1.965865,41.425021],[1.965887,41.425039],[1.966036,41.425159],[1.966137,41.425237],[1.966172,41.425262],[1.966206,41.425287],[1.966282,41.425339],[1.966325,41.425373],[1.966368,41.425408],[1.96637,41.425409],[1.966423,41.425447],[1.966433,41.425453],[1.966446,41.42546],[1.966459,41.425466],[1.966486,41.425477],[1.966515,41.425487],[1.966546,41.425493],[1.966561,41.425497],[1.966666,41.425515],[1.966767,41.425531],[1.966904,41.425562],[1.967013,41.425588],[1.967116,41.425623],[1.967157,41.425672],[1.967211,41.425728],[1.967265,41.425783],[1.967334,41.425859],[1.967403,41.425934],[1.967493,41.426018],[1.967582,41.426102],[1.967679,41.426176],[1.967776,41.426251],[1.967871,41.426339],[1.967967,41.426428],[1.96802,41.42649],[1.968073,41.426553],[1.96809,41.426594],[1.968105,41.426619],[1.968109,41.426618],[1.96812,41.426632],[1.968166,41.426721],[1.968209,41.42684],[1.968336,41.427057],[1.968368,41.42713],[1.9684,41.427203],[1.968435,41.427274],[1.968466,41.427348],[1.968496,41.427422],[1.968551,41.427526],[1.968605,41.427631],[1.96864,41.427693],[1.968675,41.427755],[1.968701,41.427794],[1.968727,41.427817],[1.968952,41.427896],[1.969229,41.427863],[1.969525,41.427852],[1.969575,41.427852],[1.969594,41.427854],[1.96976,41.427868],[1.96995,41.427887],[1.970021,41.42789],[1.970021,41.427889],[1.970134,41.427896],[1.970141,41.427896],[1.970268,41.427903],[1.970417,41.427892],[1.970482,41.427888],[1.97053,41.427887],[1.970582,41.427897],[1.970635,41.427908],[1.970684,41.42792],[1.9707,41.427924],[1.9707,41.427925],[1.970767,41.42794],[1.970833,41.427954],[1.970973,41.427983],[1.971057,41.428008],[1.971142,41.428033],[1.971227,41.42807],[1.971311,41.428107],[1.971401,41.428147],[1.971492,41.428187],[1.971556,41.428211],[1.9716,41.428227],[1.971643,41.428244],[1.971731,41.428276],[1.971818,41.428308],[1.971865,41.428326],[1.971962,41.428387],[1.97206,41.428449],[1.972158,41.428509],[1.972256,41.42857],[1.972899,41.430332],[1.974198,41.432172],[1.976075,41.432383],[1.978209,41.43296],[1.979128,41.43334],[1.980309,41.433751],[1.982321,41.434188],[1.982483,41.434654],[1.982719,41.434638],[1.983172,41.434639],[1.983447,41.434649],[1.983639,41.434615],[1.983764,41.43458],[1.983901,41.434524],[1.984159,41.434402],[1.984374,41.434349],[1.984602,41.434272],[1.986808,41.434839],[1.986901,41.435624],[1.985908,41.436913],[1.990408,41.439621],[1.990633,41.439459],[1.990832,41.439355],[1.991083,41.43918],[1.991468,41.438921],[1.991797,41.438655],[1.992098,41.43842],[1.992583,41.43803],[1.993216,41.437451],[1.993625,41.437044],[1.993905,41.436707],[1.993998,41.436521],[1.994075,41.43635],[1.994089,41.436159],[1.994074,41.435896],[1.994072,41.43577],[1.994072,41.43568],[1.994081,41.435588],[1.994425,41.435552],[1.994775,41.435394],[1.995131,41.435093],[1.995632,41.434687],[1.995999,41.434186],[1.996309,41.433673],[1.996524,41.433162],[1.997223,41.432035],[1.997618,41.431448],[1.998089,41.431225],[1.998987,41.430533],[1.99922,41.430204],[1.999434,41.429873],[2.000178,41.429285],[2.000978,41.428602],[2.001612,41.428051],[2.002227,41.427326],[2.002881,41.426371],[2.003236,41.425835],[2.003506,41.4253],[2.003648,41.424997],[2.003801,41.424662],[2.003916,41.424168],[2.004073,41.423811],[2.004346,41.423246],[2.004932,41.422809],[2.005604,41.421441],[2.005841,41.421],[2.006203,41.420244],[2.006568,41.419178],[2.007129,41.417947],[2.007258,41.41737],[2.007737,41.415425],[2.00812,41.414076],[2.008514,41.412954],[2.009009,41.411994],[2.009711,41.410976],[2.008557,41.410734],[2.006812,41.410288],[2.003331,41.409189],[2.003135,41.409125],[2.002425,41.408751],[2.001929,41.408368],[1.99913,41.406185],[1.99823,41.405837],[1.998036,41.4058],[1.997836,41.405845],[1.996778,41.406548],[1.995612,41.407094],[1.99476,41.407365],[1.993768,41.407994],[1.992824,41.408782],[1.992522,41.408903],[1.990705,41.40937],[1.98897,41.408581],[1.988596,41.408331],[1.987666,41.410974],[1.986211,41.411908],[1.98525,41.411075],[1.983098,41.411314],[1.983064,41.411348],[1.98304,41.411374],[1.982967,41.41144],[1.982885,41.411502],[1.982808,41.411548],[1.98273,41.411593],[1.982673,41.41163],[1.98262,41.411671],[1.982586,41.411701],[1.982562,41.411729],[1.982545,41.411758],[1.982538,41.411778],[1.982534,41.411804],[1.98254,41.411858],[1.98255,41.411912],[1.982553,41.411948],[1.982551,41.412025],[1.982547,41.412101],[1.982539,41.412162],[1.982466,41.41222],[1.982378,41.412288],[1.982335,41.412323],[1.982258,41.412374],[1.982204,41.412394],[1.982082,41.412418],[1.981978,41.412438],[1.981937,41.41245],[1.981822,41.412501],[1.981711,41.41258],[1.981636,41.412694],[1.984009,41.413603],[1.982899,41.414749],[1.98001,41.413787],[1.977616,41.413472],[1.978427,41.414555],[1.975982,41.414484],[1.976391,41.415947],[1.97343,41.415357],[1.973257,41.415804],[1.973722,41.416218],[1.973599,41.417535],[1.973184,41.417707],[1.971784,41.416887],[1.971316,41.416884],[1.970311,41.416792],[1.969998,41.417595],[1.970002,41.417604],[1.969999,41.417618],[1.969988,41.417629],[1.969971,41.417634],[1.969955,41.417633],[1.969948,41.417631],[1.969845,41.41751],[1.969512,41.416963],[1.969222,41.416806],[1.9689,41.416689],[1.968773,41.416656],[1.966889,41.416643],[1.96647,41.416663],[1.965848,41.416867],[1.965391,41.417088],[1.965107,41.417349],[1.964777,41.417152],[1.963871,41.4169],[1.963316,41.416652],[1.962773,41.416523],[1.962268,41.416326],[1.962152,41.416267],[1.96198,41.416249],[1.961817,41.416358],[1.961631,41.416443],[1.961524,41.416479],[1.961485,41.416558],[1.962116,41.417667],[1.962266,41.417865],[1.961739,41.417868],[1.961423,41.417836],[1.961144,41.417786],[1.960883,41.417701],[1.960642,41.417582],[1.960433,41.417434],[1.960262,41.417261],[1.960132,41.417066],[1.959873,41.417156],[1.959597,41.41721],[1.95933,41.417228],[1.958599,41.416681],[1.957851,41.416496],[1.956334,41.415945],[1.955862,41.416377],[1.955514,41.416515],[1.955139,41.416605],[1.955042,41.41662],[1.95465,41.416647],[1.954536,41.416645],[1.954575,41.416701],[1.954601,41.416761],[1.954613,41.416823],[1.95461,41.416886],[1.954593,41.416948],[1.954561,41.417006],[1.954517,41.41706],[1.954461,41.417107],[1.954395,41.417146],[1.954321,41.417175],[1.954269,41.417189],[1.952822,41.417372],[1.952796,41.417438],[1.952754,41.417499],[1.952699,41.417555],[1.952632,41.417602],[1.952556,41.417639],[1.952472,41.417667],[1.952363,41.417684],[1.951048,41.417362],[1.950567,41.417435],[1.949727,41.417279],[1.949582,41.417449],[1.946821,41.416578],[1.945543,41.41695],[1.944968,41.417372],[1.945183,41.417509]]]}},{"type":"Feature","properties":{"nationalCode":"34090808194","name":"Sant Adrià de Besòs"},"geometry":{"type":"Polygon","coordinates":[[[2.210759,41.43343],[2.212213,41.434201],[2.21322,41.434524],[2.214094,41.43498],[2.215073,41.435097],[2.215384,41.434507],[2.21567,41.434197],[2.21598,41.43403],[2.216693,41.433817],[2.216878,41.433142],[2.217719,41.432591],[2.219635,41.433071],[2.220948,41.431841],[2.222421,41.432458],[2.224481,41.429366],[2.228397,41.430313],[2.229902,41.430425],[2.231563,41.431006],[2.233009,41.429644],[2.233511,41.429189],[2.235131,41.427927],[2.236032,41.426778],[2.237109,41.425901],[2.237187,41.425837],[2.23708,41.425706],[2.236981,41.425544],[2.236868,41.425348],[2.236778,41.425154],[2.236739,41.425066],[2.236798,41.424756],[2.236751,41.424631],[2.236652,41.424567],[2.236556,41.424515],[2.236472,41.424471],[2.23636,41.42442],[2.236151,41.424281],[2.236078,41.424213],[2.23598,41.424075],[2.235903,41.423849],[2.235847,41.423744],[2.235829,41.423672],[2.235731,41.423656],[2.235695,41.423692],[2.235522,41.423442],[2.235402,41.423237],[2.235274,41.423014],[2.235206,41.422918],[2.235126,41.422813],[2.235086,41.422761],[2.23501,41.42271],[2.234949,41.422695],[2.2348,41.422489],[2.234553,41.422172],[2.234191,41.421592],[2.23398,41.421213],[2.233815,41.420829],[2.233753,41.420648],[2.233718,41.420444],[2.233814,41.420378],[2.233904,41.420326],[2.233931,41.420256],[2.233915,41.420187],[2.233848,41.420151],[2.233747,41.420167],[2.233673,41.420188],[2.233572,41.420104],[2.233401,41.419911],[2.233326,41.419771],[2.233272,41.419547],[2.233292,41.419184],[2.233336,41.419056],[2.233344,41.418919],[2.233131,41.418598],[2.23359,41.418321],[2.233591,41.418211],[2.23355,41.418157],[2.233486,41.418165],[2.233239,41.418328],[2.232965,41.418182],[2.232813,41.418077],[2.232637,41.41787],[2.232542,41.41765],[2.232458,41.417408],[2.232371,41.417203],[2.232241,41.416958],[2.232063,41.416744],[2.231925,41.41649],[2.231849,41.416305],[2.231781,41.416131],[2.231741,41.415845],[2.231761,41.415549],[2.231822,41.415312],[2.231913,41.415133],[2.232065,41.414947],[2.232268,41.414798],[2.23301,41.414958],[2.233029,41.414913],[2.232971,41.414818],[2.233018,41.414795],[2.233258,41.415171],[2.233331,41.415218],[2.233416,41.415209],[2.233469,41.415163],[2.23347,41.415092],[2.229497,41.408932],[2.229349,41.408958],[2.229324,41.409067],[2.232962,41.414721],[2.232932,41.414734],[2.232868,41.414697],[2.232793,41.414706],[2.232739,41.414753],[2.229995,41.413541],[2.230572,41.412801],[2.230623,41.412792],[2.2307,41.412685],[2.230574,41.412609],[2.229869,41.41349],[2.228648,41.412955],[2.22857,41.413051],[2.229228,41.413356],[2.22773,41.41534],[2.227502,41.415463],[2.226445,41.414299],[2.226558,41.414061],[2.22638,41.413989],[2.226425,41.413932],[2.226159,41.413872],[2.226062,41.413995],[2.225025,41.413235],[2.225544,41.412836],[2.226037,41.41361],[2.226722,41.413529],[2.226608,41.413794],[2.226632,41.413817],[2.226772,41.413851],[2.226877,41.413602],[2.226797,41.413581],[2.22684,41.413511],[2.227014,41.413487],[2.227129,41.41347],[2.227213,41.413454],[2.227314,41.413425],[2.227461,41.413364],[2.22758,41.413295],[2.227951,41.413019],[2.227815,41.412913],[2.227972,41.412794],[2.227047,41.412621],[2.224788,41.412193],[2.220741,41.412575],[2.221247,41.413218],[2.220439,41.414038],[2.220121,41.414386],[2.217413,41.416715],[2.217017,41.417435],[2.21649,41.417882],[2.216,41.418625],[2.214348,41.419807],[2.212471,41.420856],[2.211858,41.421271],[2.211462,41.422],[2.211186,41.422283],[2.210114,41.423835],[2.209963,41.424634],[2.208844,41.425153],[2.208077,41.424981],[2.206812,41.425461],[2.206143,41.425626],[2.207365,41.427885],[2.207448,41.428025],[2.207118,41.429291],[2.206534,41.430956],[2.206266,41.432094],[2.205905,41.432957],[2.209071,41.433659],[2.210759,41.43343]]]}},{"type":"Feature","properties":{"nationalCode":"34090808077","name":"Esplugues de Llobregat"},"geometry":{"type":"Polygon","coordinates":[[[2.075228,41.373404],[2.075328,41.373511],[2.075409,41.373599],[2.075532,41.373732],[2.075612,41.373822],[2.075651,41.373867],[2.075719,41.37396],[2.075765,41.374041],[2.075839,41.374215],[2.075871,41.374299],[2.075918,41.374417],[2.075995,41.374614],[2.076041,41.374731],[2.076075,41.374816],[2.07612,41.374927],[2.076136,41.374956],[2.076204,41.375154],[2.076284,41.375275],[2.076396,41.375422],[2.076478,41.375477],[2.076603,41.375561],[2.077315,41.375812],[2.077464,41.375901],[2.07757,41.375974],[2.077654,41.376031],[2.078242,41.37635],[2.07937,41.377048],[2.079549,41.377107],[2.079671,41.377156],[2.079777,41.377201],[2.07988,41.37725],[2.08,41.377319],[2.080084,41.377382],[2.080135,41.37744],[2.080209,41.377572],[2.080243,41.377692],[2.080342,41.37819],[2.080659,41.378312],[2.080762,41.378903],[2.080658,41.379213],[2.08029,41.3806],[2.080281,41.380717],[2.080278,41.380759],[2.080267,41.380913],[2.081068,41.38132],[2.081193,41.381332],[2.08136,41.381355],[2.081626,41.381414],[2.081641,41.381432],[2.081658,41.381446],[2.081673,41.381456],[2.0817,41.381473],[2.081716,41.381483],[2.081733,41.381491],[2.081768,41.3815],[2.081881,41.381507],[2.081886,41.381752],[2.081913,41.382067],[2.081975,41.382432],[2.082001,41.382589],[2.082016,41.382736],[2.082019,41.38283],[2.082022,41.382953],[2.082872,41.38281],[2.082911,41.382904],[2.083325,41.383891],[2.083078,41.384128],[2.083111,41.384157],[2.083155,41.384207],[2.083192,41.384289],[2.083339,41.384462],[2.083386,41.384535],[2.083425,41.384591],[2.083435,41.384603],[2.083602,41.384811],[2.083653,41.384868],[2.083672,41.384876],[2.083695,41.384892],[2.083707,41.38491],[2.083712,41.384946],[2.083696,41.384978],[2.083655,41.385004],[2.083853,41.384983],[2.083927,41.385301],[2.083729,41.385313],[2.083732,41.385706],[2.083765,41.385868],[2.083811,41.38612],[2.083836,41.386269],[2.08387,41.386416],[2.083882,41.386497],[2.083899,41.386739],[2.083917,41.386985],[2.083837,41.387176],[2.084308,41.387299],[2.084246,41.387533],[2.084186,41.387737],[2.084568,41.388069],[2.084963,41.388409],[2.085324,41.388732],[2.08548,41.388868],[2.085764,41.388989],[2.085953,41.389096],[2.086139,41.389196],[2.08647,41.389375],[2.086779,41.389498],[2.087175,41.389646],[2.088237,41.38981],[2.088283,41.389814],[2.088398,41.389799],[2.088518,41.389779],[2.088626,41.389737],[2.088721,41.389702],[2.088783,41.389684],[2.088878,41.38967],[2.088966,41.389672],[2.089254,41.389733],[2.089377,41.389758],[2.089475,41.389782],[2.089557,41.389809],[2.089676,41.38987],[2.089767,41.389931],[2.089871,41.390013],[2.089935,41.390076],[2.089967,41.390123],[2.090001,41.390213],[2.090018,41.390262],[2.090058,41.390369],[2.090093,41.390473],[2.090135,41.390571],[2.090184,41.390638],[2.090254,41.390714],[2.090342,41.390798],[2.090426,41.390833],[2.09067,41.390969],[2.09082,41.39107],[2.090911,41.391157],[2.09101,41.391255],[2.091638,41.391986],[2.091851,41.392226],[2.091948,41.392332],[2.092124,41.392526],[2.092279,41.392681],[2.092384,41.39277],[2.09245,41.392837],[2.092601,41.392961],[2.093051,41.393311],[2.09336,41.393542],[2.093431,41.393627],[2.093588,41.393752],[2.093787,41.393893],[2.093876,41.393943],[2.094081,41.393977],[2.094214,41.393973],[2.094318,41.393983],[2.09485,41.394048],[2.095021,41.394072],[2.095239,41.3941],[2.095416,41.394119],[2.095634,41.394142],[2.095993,41.394188],[2.096286,41.394253],[2.09647,41.394295],[2.096625,41.394332],[2.096771,41.39436],[2.09683,41.39436],[2.096899,41.394358],[2.096951,41.39435],[2.097135,41.394264],[2.097351,41.394157],[2.097563,41.39406],[2.097792,41.393957],[2.098133,41.393365],[2.09937,41.392365],[2.099624,41.392093],[2.100181,41.389133],[2.100283,41.38875],[2.100714,41.388155],[2.101125,41.387902],[2.101687,41.387751],[2.102101,41.387544],[2.101284,41.38307],[2.101156,41.382355],[2.102884,41.380613],[2.103441,41.378877],[2.103519,41.378649],[2.102195,41.377312],[2.099872,41.376344],[2.100396,41.375708],[2.101087,41.374462],[2.101106,41.373939],[2.100659,41.373113],[2.098602,41.370197],[2.099052,41.368629],[2.097803,41.368243],[2.096079,41.367599],[2.094116,41.366948],[2.092413,41.367933],[2.092177,41.368898],[2.088201,41.368939],[2.086779,41.366776],[2.085322,41.365898],[2.083551,41.365868],[2.082492,41.366995],[2.081461,41.367878],[2.080624,41.367258],[2.080141,41.367964],[2.079641,41.368913],[2.079576,41.368988],[2.078944,41.369781],[2.078429,41.370687],[2.075228,41.373404]]]}},{"type":"Feature","properties":{"nationalCode":"34090808054","name":"Castellbisbal"},"geometry":{"type":"Polygon","coordinates":[[[1.922303,41.495417],[1.92324,41.494899],[1.923389,41.494826],[1.923567,41.494793],[1.923815,41.494818],[1.923982,41.494844],[1.924234,41.494914],[1.924755,41.494984],[1.92519,41.495018],[1.92557,41.495014],[1.926205,41.494976],[1.926816,41.495008],[1.927111,41.495048],[1.92813,41.495218],[1.928915,41.495378],[1.929337,41.495502],[1.929554,41.495584],[1.929715,41.495654],[1.929947,41.49577],[1.930195,41.495935],[1.930385,41.496146],[1.930625,41.496454],[1.930954,41.496927],[1.931159,41.497238],[1.931319,41.497482],[1.931649,41.497883],[1.931848,41.49813],[1.93197,41.498302],[1.932005,41.498367],[1.932116,41.498574],[1.932181,41.498696],[1.932245,41.498842],[1.932321,41.499061],[1.932333,41.499227],[1.932353,41.499347],[1.932376,41.49941],[1.93248,41.499567],[1.932524,41.499633],[1.932716,41.499917],[1.932851,41.500104],[1.932913,41.500212],[1.932971,41.500347],[1.933036,41.500488],[1.93313,41.500617],[1.933235,41.500787],[1.933254,41.500832],[1.933256,41.500902],[1.933248,41.50097],[1.933216,41.50109],[1.933191,41.501142],[1.933143,41.501263],[1.932985,41.501776],[1.932883,41.502051],[1.932848,41.502186],[1.932829,41.502324],[1.932813,41.502434],[1.932788,41.50259],[1.932791,41.502716],[1.932807,41.502801],[1.932897,41.503038],[1.933009,41.503356],[1.933164,41.503705],[1.933287,41.503964],[1.933328,41.504051],[1.93338,41.504222],[1.933445,41.504432],[1.933495,41.504571],[1.933546,41.504618],[1.933635,41.504677],[1.933741,41.504706],[1.934011,41.504756],[1.934298,41.504797],[1.934398,41.50481],[1.934508,41.504818],[1.934762,41.504808],[1.934915,41.504819],[1.935,41.504861],[1.935091,41.504926],[1.935317,41.505158],[1.935482,41.505324],[1.935586,41.505466],[1.935618,41.505536],[1.935694,41.505781],[1.935777,41.506073],[1.935852,41.506414],[1.935878,41.506792],[1.935931,41.507066],[1.936003,41.507421],[1.936061,41.507675],[1.936106,41.507813],[1.936641,41.507682],[1.940826,41.506659],[1.945783,41.507677],[1.95143,41.509236],[1.958322,41.510861],[1.958724,41.510985],[1.958874,41.511052],[1.958974,41.511129],[1.959287,41.511224],[1.959463,41.511273],[1.959699,41.511292],[1.960038,41.511349],[1.960395,41.512102],[1.960428,41.512202],[1.960525,41.512361],[1.960658,41.512502],[1.960776,41.512602],[1.960813,41.512671],[1.960843,41.512756],[1.960876,41.512868],[1.960909,41.513008],[1.960944,41.513151],[1.960981,41.51326],[1.96914,41.512071],[1.969485,41.512484],[1.969472,41.512541],[1.969468,41.512567],[1.96946,41.512594],[1.969454,41.512622],[1.96946,41.512646],[1.969476,41.512669],[1.969507,41.512698],[1.969555,41.512743],[1.969619,41.512805],[1.969708,41.512875],[1.969758,41.512916],[1.969789,41.512937],[1.96982,41.512958],[1.969868,41.513007],[1.969905,41.51306],[1.969938,41.513111],[1.969968,41.513157],[1.969998,41.513202],[1.970027,41.513246],[1.970052,41.51329],[1.970069,41.513328],[1.970082,41.513367],[1.970098,41.513414],[1.970113,41.51346],[1.97013,41.513507],[1.970146,41.513555],[1.97016,41.513596],[1.970174,41.513637],[1.97018,41.513659],[1.970182,41.513681],[1.970177,41.51371],[1.970171,41.513741],[1.970166,41.513786],[1.970162,41.513832],[1.970159,41.513874],[1.970157,41.513917],[1.970151,41.513959],[1.970152,41.513982],[1.970152,41.514002],[1.970162,41.514041],[1.970171,41.514078],[1.970169,41.514101],[1.970154,41.514124],[1.970097,41.514187],[1.970071,41.514215],[1.970044,41.514243],[1.970015,41.514276],[1.969991,41.514311],[1.969977,41.514342],[1.969964,41.514371],[1.969949,41.514406],[1.969935,41.514441],[1.969924,41.514475],[1.969917,41.514509],[1.969914,41.51454],[1.969913,41.514603],[1.969914,41.514635],[1.96992,41.514666],[1.96993,41.514696],[1.969942,41.514728],[1.969953,41.514747],[1.969987,41.514788],[1.970016,41.514815],[1.970044,41.514839],[1.970076,41.51486],[1.970801,41.515306],[1.971181,41.515567],[1.971255,41.515664],[1.971295,41.515717],[1.971328,41.515759],[1.971364,41.515799],[1.971402,41.515838],[1.971469,41.515913],[1.971508,41.515957],[1.971545,41.516],[1.971573,41.516033],[1.9716,41.516071],[1.971623,41.516108],[1.971637,41.516132],[1.971653,41.516166],[1.971696,41.51625],[1.971711,41.516279],[1.971722,41.516303],[1.971727,41.516324],[1.971727,41.516334],[1.971762,41.51634],[1.971806,41.516355],[1.971845,41.516379],[1.971876,41.516396],[1.971909,41.516413],[1.971953,41.516429],[1.971987,41.516433],[1.972022,41.516434],[1.972069,41.516491],[1.972126,41.516558],[1.972206,41.516644],[1.972288,41.516729],[1.972356,41.516798],[1.972426,41.516867],[1.972481,41.51692],[1.972539,41.516971],[1.972594,41.517013],[1.972653,41.517053],[1.972705,41.517083],[1.97276,41.51711],[1.972836,41.517141],[1.973001,41.517208],[1.97309,41.517244],[1.973153,41.517275],[1.973212,41.517312],[1.973263,41.517347],[1.973309,41.517385],[1.973382,41.517462],[1.973427,41.517516],[1.97347,41.517571],[1.973566,41.517701],[1.973621,41.517776],[1.973676,41.51785],[1.97373,41.517926],[1.973785,41.518002],[1.973898,41.518153],[1.973984,41.518272],[1.974023,41.518328],[1.974057,41.518379],[1.974085,41.518432],[1.974103,41.518478],[1.974117,41.518525],[1.974139,41.518632],[1.974145,41.518677],[1.974149,41.518723],[1.974157,41.518848],[1.974169,41.51898],[1.974177,41.519049],[1.974189,41.519119],[1.974204,41.519175],[1.974225,41.51923],[1.974248,41.519277],[1.974274,41.519322],[1.974303,41.519365],[1.974336,41.519406],[1.974376,41.519446],[1.974419,41.519483],[1.974509,41.519547],[1.974564,41.519578],[1.974619,41.519607],[1.97468,41.519639],[1.974743,41.519669],[1.974827,41.519705],[1.97491,41.51974],[1.975001,41.519779],[1.975192,41.519859],[1.975387,41.519943],[1.975483,41.519985],[1.975646,41.520062],[1.975736,41.520107],[1.975824,41.520153],[1.975894,41.520194],[1.975962,41.520236],[1.976026,41.52028],[1.976088,41.520326],[1.976178,41.520397],[1.97625,41.520459],[1.976298,41.520506],[1.976374,41.52059],[1.976478,41.520698],[1.976533,41.520761],[1.976585,41.520826],[1.976643,41.520901],[1.97674,41.521026],[1.976772,41.521063],[1.976972,41.521318],[1.977045,41.521411],[1.977085,41.521459],[1.977225,41.521636],[1.97739,41.521839],[1.977466,41.521934],[1.97753,41.522012],[1.977696,41.52221],[1.97785,41.522401],[1.977943,41.522498],[1.978047,41.522611],[1.978104,41.522669],[1.97828,41.522849],[1.978503,41.523081],[1.978658,41.523247],[1.981273,41.515552],[1.985109,41.514886],[1.98511,41.514823],[1.985111,41.514812],[1.985133,41.514783],[1.985181,41.514725],[1.985211,41.514691],[1.985237,41.514648],[1.985239,41.514632],[1.985246,41.514591],[1.985245,41.51453],[1.985248,41.514496],[1.985256,41.514479],[1.985271,41.514461],[1.98534,41.514404],[1.985376,41.514368],[1.98539,41.514354],[1.985394,41.514339],[1.985384,41.514322],[1.985355,41.514294],[1.985314,41.514257],[1.985297,41.514236],[1.985284,41.514201],[1.985282,41.514182],[1.98529,41.514146],[1.985321,41.514101],[1.985387,41.514017],[1.985437,41.51394],[1.985509,41.513836],[1.985539,41.513784],[1.985596,41.513659],[1.985622,41.513603],[1.985638,41.51357],[1.985664,41.513532],[1.985685,41.513504],[1.985707,41.513482],[1.985739,41.513449],[1.985752,41.513427],[1.985762,41.513404],[1.985769,41.513373],[1.985769,41.513312],[1.985769,41.513249],[1.985772,41.513211],[1.985762,41.513176],[1.985744,41.513106],[1.985736,41.513072],[1.985737,41.513027],[1.98574,41.513005],[1.985767,41.512936],[1.985822,41.512826],[1.98586,41.512743],[1.985862,41.512717],[1.985868,41.512625],[1.985871,41.512578],[1.985885,41.51253],[1.985891,41.512493],[1.985898,41.512401],[1.985912,41.51236],[1.985912,41.512264],[1.985917,41.512214],[1.985928,41.512183],[1.985976,41.512118],[1.986011,41.512084],[1.986054,41.512048],[1.986086,41.512035],[1.986117,41.512028],[1.986147,41.512022],[1.986165,41.512022],[1.986178,41.51201],[1.986187,41.511986],[1.986186,41.511958],[1.986161,41.511898],[1.986118,41.51182],[1.986059,41.511725],[1.986013,41.511669],[1.985952,41.511597],[1.985916,41.511548],[1.985897,41.511513],[1.985892,41.511484],[1.985893,41.51144],[1.985904,41.511375],[1.985941,41.511284],[1.985988,41.51121],[1.986087,41.511081],[1.986156,41.511012],[1.986206,41.510959],[1.986219,41.510941],[1.986219,41.510898],[1.986215,41.510827],[1.986178,41.51072],[1.986163,41.510662],[1.986152,41.510604],[1.986154,41.510536],[1.986154,41.510506],[1.986173,41.510455],[1.986191,41.510415],[1.98622,41.510374],[1.986243,41.510342],[1.98625,41.510316],[1.986251,41.510272],[1.986242,41.510231],[1.98622,41.510181],[1.986167,41.510087],[1.986146,41.510039],[1.986131,41.509995],[1.986125,41.50997],[1.986126,41.509914],[1.986138,41.509876],[1.986158,41.509833],[1.986186,41.509776],[1.986199,41.50974],[1.986207,41.509699],[1.986206,41.509634],[1.986206,41.509579],[1.986195,41.509533],[1.986173,41.509481],[1.986134,41.509411],[1.986118,41.509376],[1.986109,41.509321],[1.986106,41.509273],[1.986089,41.509198],[1.98607,41.509131],[1.986041,41.509046],[1.986015,41.508982],[1.985993,41.508935],[1.985958,41.50888],[1.985919,41.508832],[1.985885,41.508801],[1.985849,41.508757],[1.985805,41.508704],[1.985782,41.508677],[1.985753,41.508649],[1.985718,41.508622],[1.985711,41.508612],[1.985709,41.508592],[1.985725,41.50858],[1.985763,41.508552],[1.985784,41.508542],[1.985798,41.508535],[1.985817,41.50853],[1.985841,41.508515],[1.985887,41.508488],[1.985906,41.508475],[1.98592,41.508455],[1.985929,41.508435],[1.985927,41.508413],[1.985913,41.508386],[1.985882,41.50835],[1.98583,41.508291],[1.98581,41.508258],[1.985799,41.508223],[1.985791,41.508171],[1.985791,41.508126],[1.985799,41.508095],[1.985814,41.508068],[1.985839,41.508048],[1.985864,41.508033],[1.985888,41.508021],[1.985925,41.508011],[1.98595,41.507993],[1.985965,41.507975],[1.985971,41.507941],[1.985962,41.507892],[1.985955,41.507837],[1.985955,41.507782],[1.985965,41.507748],[1.985989,41.507711],[1.986023,41.507675],[1.986074,41.50763],[1.986122,41.50759],[1.986144,41.507568],[1.986157,41.507549],[1.986164,41.507526],[1.986168,41.507502],[1.986162,41.507479],[1.986138,41.507428],[1.986122,41.507396],[1.986109,41.507357],[1.986108,41.507325],[1.98611,41.507291],[1.986124,41.507248],[1.986152,41.507188],[1.986168,41.507152],[1.98619,41.5071],[1.986213,41.507061],[1.986251,41.507012],[1.986303,41.506954],[1.986352,41.506892],[1.98637,41.506865],[1.986399,41.506809],[1.986426,41.506741],[1.986435,41.506709],[1.986461,41.506662],[1.986489,41.506619],[1.986531,41.506535],[1.986566,41.506466],[1.986578,41.506426],[1.98658,41.506387],[1.986566,41.506355],[1.986538,41.506319],[1.986504,41.506281],[1.9865,41.506268],[1.986486,41.506232],[1.986471,41.506211],[1.986439,41.506179],[1.98639,41.506136],[1.986378,41.506121],[1.986355,41.50608],[1.986338,41.506039],[1.986301,41.505985],[1.986266,41.505954],[1.986236,41.505921],[1.986219,41.505895],[1.986214,41.505864],[1.986219,41.50581],[1.986239,41.505765],[1.986288,41.505694],[1.98634,41.50561],[1.986392,41.505528],[1.986444,41.505464],[1.986467,41.505435],[1.986492,41.50542],[1.986529,41.50541],[1.986568,41.505411],[1.986602,41.505413],[1.98664,41.505426],[1.986699,41.505448],[1.986732,41.505458],[1.986772,41.50546],[1.986827,41.50546],[1.986855,41.50545],[1.986906,41.505425],[1.986964,41.505386],[1.987005,41.505348],[1.987025,41.50532],[1.987052,41.505266],[1.987059,41.505238],[1.987054,41.505205],[1.987036,41.505146],[1.987004,41.505067],[1.986983,41.505012],[1.986963,41.504967],[1.986932,41.504924],[1.986922,41.504897],[1.986919,41.50487],[1.986922,41.504841],[1.986933,41.504808],[1.986952,41.50477],[1.986984,41.504723],[1.987018,41.504676],[1.987053,41.504624],[1.987064,41.504603],[1.987073,41.504572],[1.987077,41.504512],[1.98706,41.504476],[1.98703,41.50444],[1.987006,41.504405],[1.986997,41.504373],[1.986995,41.504333],[1.987004,41.5043],[1.987028,41.504272],[1.987065,41.504242],[1.987131,41.504203],[1.987194,41.50417],[1.987232,41.504144],[1.987257,41.50412],[1.987261,41.504102],[1.987256,41.504074],[1.987229,41.504021],[1.987218,41.503993],[1.987204,41.503959],[1.987179,41.503921],[1.987151,41.503884],[1.987142,41.503867],[1.98714,41.503843],[1.987142,41.503795],[1.987145,41.503758],[1.987135,41.503728],[1.987113,41.503674],[1.987084,41.503619],[1.987055,41.503584],[1.987029,41.503565],[1.987014,41.503546],[1.987008,41.503523],[1.98701,41.503496],[1.987018,41.503477],[1.987044,41.503441],[1.987101,41.503362],[1.987174,41.503272],[1.987204,41.503229],[1.987217,41.503205],[1.987226,41.503184],[1.987223,41.50316],[1.987207,41.503146],[1.987151,41.503118],[1.987099,41.503081],[1.987055,41.503041],[1.987039,41.503013],[1.987031,41.502981],[1.987037,41.502946],[1.987056,41.502913],[1.987099,41.502867],[1.987141,41.502833],[1.98718,41.502806],[1.987199,41.502782],[1.987215,41.502748],[1.987235,41.502689],[1.987244,41.502646],[1.987249,41.502617],[1.98724,41.502589],[1.987218,41.502555],[1.987203,41.50252],[1.987171,41.50248],[1.987155,41.502464],[1.987128,41.502431],[1.987128,41.502404],[1.98713,41.502372],[1.987147,41.502357],[1.987165,41.502334],[1.987172,41.502289],[1.987178,41.502218],[1.987191,41.502186],[1.987243,41.502109],[1.987277,41.502047],[1.98731,41.501984],[1.987334,41.501943],[1.987353,41.501879],[1.987354,41.501848],[1.987338,41.501771],[1.98731,41.501683],[1.987275,41.501621],[1.987245,41.5016],[1.987209,41.501588],[1.98711,41.501586],[1.987068,41.501586],[1.987037,41.501575],[1.987016,41.501551],[1.987006,41.501535],[1.987009,41.501493],[1.987019,41.501456],[1.987034,41.501426],[1.987052,41.501398],[1.987065,41.501371],[1.987058,41.501347],[1.987044,41.501321],[1.987026,41.501285],[1.987018,41.501251],[1.987009,41.501208],[1.987006,41.501131],[1.987005,41.501059],[1.98701,41.501025],[1.987036,41.500981],[1.987052,41.500958],[1.987074,41.500909],[1.987088,41.500853],[1.987105,41.500802],[1.987119,41.500748],[1.987127,41.500715],[1.987141,41.500686],[1.987167,41.50064],[1.9872,41.500578],[1.987236,41.500528],[1.987262,41.500501],[1.987286,41.500473],[1.987297,41.500444],[1.987287,41.500412],[1.987264,41.500379],[1.987256,41.50036],[1.987252,41.500338],[1.987262,41.500304],[1.987294,41.500253],[1.987324,41.500206],[1.987337,41.500165],[1.987344,41.500102],[1.987366,41.500066],[1.987386,41.500036],[1.987391,41.500022],[1.987391,41.49998],[1.987385,41.499938],[1.98738,41.4999],[1.987377,41.499856],[1.987359,41.499812],[1.987319,41.499769],[1.987235,41.499703],[1.987209,41.499674],[1.98717,41.499633],[1.987126,41.499586],[1.987097,41.49954],[1.987067,41.499483],[1.98704,41.499427],[1.987028,41.499385],[1.987028,41.499345],[1.987042,41.499322],[1.987066,41.499304],[1.987097,41.4993],[1.987152,41.499308],[1.98721,41.499322],[1.987248,41.499333],[1.987284,41.499331],[1.987321,41.499311],[1.98739,41.499286],[1.987474,41.499263],[1.987556,41.499239],[1.987648,41.499196],[1.987735,41.499155],[1.987779,41.499127],[1.98781,41.499093],[1.987845,41.499045],[1.987866,41.499018],[1.987867,41.498975],[1.987856,41.498948],[1.987853,41.49892],[1.987854,41.498862],[1.987864,41.498842],[1.987893,41.498808],[1.987917,41.498778],[1.987935,41.498747],[1.987955,41.498703],[1.987983,41.498657],[1.988019,41.498619],[1.988055,41.498594],[1.988088,41.498578],[1.988121,41.498578],[1.988171,41.498579],[1.988197,41.498572],[1.988225,41.498563],[1.988251,41.498545],[1.988264,41.498532],[1.98827,41.498499],[1.988273,41.498385],[1.988274,41.49832],[1.988256,41.498283],[1.988227,41.498264],[1.988166,41.498234],[1.988134,41.498222],[1.988111,41.498204],[1.988094,41.498189],[1.988094,41.498159],[1.988103,41.4981],[1.988145,41.498007],[1.988216,41.497923],[1.988239,41.497874],[1.98823,41.497812],[1.988196,41.497768],[1.988129,41.497707],[1.988071,41.497622],[1.988,41.49752],[1.987953,41.497454],[1.987924,41.497401],[1.987924,41.497343],[1.987935,41.497307],[1.987971,41.49728],[1.988005,41.497266],[1.98806,41.497265],[1.988104,41.497251],[1.988132,41.497227],[1.988165,41.497185],[1.988178,41.49715],[1.98819,41.497092],[1.988195,41.497039],[1.988219,41.496962],[1.988225,41.496925],[1.988227,41.496852],[1.988221,41.496742],[1.988209,41.496671],[1.988184,41.496606],[1.988164,41.496547],[1.988147,41.496501],[1.988157,41.496473],[1.988207,41.496423],[1.988304,41.496332],[1.988351,41.496285],[1.988375,41.496253],[1.988383,41.496227],[1.988374,41.496208],[1.988337,41.496192],[1.988298,41.49618],[1.988267,41.496158],[1.988241,41.496138],[1.988197,41.49608],[1.988157,41.496035],[1.9881,41.495973],[1.988058,41.495927],[1.988023,41.495882],[1.988002,41.495848],[1.988003,41.495823],[1.98801,41.495801],[1.988036,41.495769],[1.98808,41.495715],[1.988093,41.495696],[1.98812,41.495659],[1.98815,41.495637],[1.988196,41.49561],[1.98829,41.495559],[1.988342,41.49553],[1.988416,41.495515],[1.988465,41.495496],[1.988512,41.495468],[1.988534,41.495441],[1.988539,41.495416],[1.98854,41.495357],[1.988515,41.495276],[1.988482,41.495156],[1.988454,41.495096],[1.988438,41.495067],[1.988421,41.495055],[1.988395,41.495051],[1.988365,41.495061],[1.988326,41.495078],[1.988295,41.495081],[1.988272,41.495074],[1.988249,41.49503],[1.988237,41.49496],[1.988219,41.494853],[1.988199,41.49474],[1.988193,41.494643],[1.988188,41.494579],[1.988174,41.494528],[1.988146,41.494493],[1.988069,41.49444],[1.987988,41.494381],[1.987958,41.494353],[1.987954,41.494323],[1.987955,41.494289],[1.987972,41.494247],[1.988003,41.494194],[1.988045,41.494151],[1.9881,41.494102],[1.98819,41.494038],[1.988299,41.493955],[1.98837,41.493891],[1.988436,41.493818],[1.988479,41.493765],[1.988516,41.493709],[1.98854,41.493652],[1.988552,41.493607],[1.988573,41.493518],[1.988579,41.49345],[1.988578,41.493384],[1.988589,41.493345],[1.988612,41.493294],[1.988634,41.493251],[1.988646,41.493195],[1.988644,41.493142],[1.988631,41.493087],[1.988607,41.493047],[1.988567,41.493011],[1.988518,41.492984],[1.988482,41.492975],[1.988413,41.492974],[1.988359,41.492974],[1.988328,41.492961],[1.988306,41.492937],[1.988298,41.492914],[1.988301,41.492884],[1.988321,41.492854],[1.988357,41.492797],[1.988419,41.492716],[1.988459,41.492663],[1.988516,41.492599],[1.988588,41.492526],[1.988656,41.492445],[1.988757,41.492314],[1.988829,41.492228],[1.98887,41.492186],[1.988882,41.492165],[1.988882,41.492131],[1.988831,41.49209],[1.988792,41.492047],[1.988779,41.492016],[1.988788,41.491986],[1.98881,41.49195],[1.988828,41.491925],[1.98884,41.491909],[1.988855,41.491868],[1.988856,41.491859],[1.988912,41.491825],[1.988942,41.491801],[1.988974,41.491766],[1.989019,41.491701],[1.989059,41.491646],[1.989092,41.49161],[1.989131,41.491574],[1.989174,41.491543],[1.989246,41.491497],[1.989299,41.491479],[1.989367,41.491476],[1.989424,41.491475],[1.989468,41.491467],[1.989502,41.491437],[1.989517,41.491406],[1.989517,41.491359],[1.989505,41.491323],[1.989473,41.491256],[1.989451,41.491206],[1.989441,41.491143],[1.989442,41.491118],[1.98948,41.490997],[1.989512,41.490934],[1.989531,41.490887],[1.989533,41.49081],[1.989534,41.490746],[1.989526,41.49072],[1.989494,41.490695],[1.989448,41.490657],[1.989406,41.49062],[1.989378,41.49059],[1.989378,41.490554],[1.989393,41.490526],[1.989417,41.490522],[1.989464,41.490521],[1.989543,41.49053],[1.989603,41.490539],[1.989715,41.490542],[1.989829,41.490541],[1.989902,41.490537],[1.989941,41.490521],[1.989988,41.490486],[1.990017,41.490451],[1.990025,41.490403],[1.98999,41.490256],[1.989964,41.490164],[1.989922,41.490021],[1.989923,41.489933],[1.989949,41.489906],[1.989978,41.489894],[1.990066,41.489863],[1.990124,41.489837],[1.990169,41.489804],[1.990207,41.489749],[1.990223,41.489695],[1.99023,41.48951],[1.990244,41.489412],[1.990264,41.48938],[1.990311,41.489345],[1.99034,41.48932],[1.990382,41.489298],[1.990415,41.489266],[1.99044,41.489229],[1.990458,41.489165],[1.990471,41.489114],[1.990481,41.489023],[1.990458,41.488993],[1.990427,41.488958],[1.990385,41.488917],[1.990325,41.488854],[1.990255,41.488788],[1.990201,41.488705],[1.990172,41.488653],[1.990151,41.488577],[1.990147,41.488479],[1.990132,41.488375],[1.990137,41.488319],[1.990162,41.488228],[1.990217,41.488084],[1.990245,41.488027],[1.990792,41.486841],[1.995475,41.486003],[1.995334,41.485911],[1.995299,41.485885],[1.995272,41.485856],[1.995218,41.48574],[1.995181,41.485602],[1.995158,41.485487],[1.995156,41.485425],[1.995166,41.485364],[1.995189,41.485298],[1.995242,41.485199],[1.995319,41.485126],[1.995473,41.48498],[1.995568,41.48489],[1.995734,41.484768],[1.995903,41.484654],[1.996001,41.484529],[1.996064,41.484396],[1.996105,41.484335],[1.996176,41.484198],[1.996211,41.484099],[1.996236,41.483999],[1.996241,41.483883],[1.996244,41.483655],[1.996248,41.483259],[1.996248,41.483094],[1.996276,41.482951],[1.996297,41.482855],[1.996323,41.482785],[1.996352,41.48266],[1.996389,41.482494],[1.996411,41.482395],[1.996431,41.482316],[1.996545,41.482207],[1.99657,41.482103],[1.99659,41.481987],[1.996597,41.481908],[1.996607,41.481841],[1.996609,41.481776],[1.996607,41.481733],[1.996599,41.481672],[1.996582,41.481589],[1.996562,41.481519],[1.996545,41.481475],[1.996526,41.481424],[1.996501,41.481375],[1.996447,41.481282],[1.996359,41.481137],[1.996333,41.481083],[1.996302,41.481023],[1.996289,41.480965],[1.996278,41.480925],[1.996277,41.480882],[1.996287,41.480807],[1.996305,41.480689],[1.996326,41.480547],[1.996345,41.48045],[1.996357,41.480372],[1.996355,41.480304],[1.996349,41.480232],[1.996338,41.480158],[1.996308,41.480002],[1.996296,41.479957],[1.996297,41.479918],[1.996295,41.479813],[1.996295,41.479732],[1.996288,41.47963],[1.996288,41.47954],[1.996291,41.479452],[1.996322,41.479358],[1.996363,41.479259],[1.996412,41.479179],[1.996472,41.479083],[1.996552,41.478953],[1.996641,41.478816],[1.996753,41.478648],[1.996851,41.478485],[1.997019,41.478188],[1.997076,41.478083],[1.997109,41.477988],[1.997126,41.477908],[1.997112,41.477825],[1.997076,41.477688],[1.997013,41.4775],[1.996955,41.47733],[1.996893,41.477157],[1.996842,41.477032],[1.996814,41.47694],[1.996797,41.476875],[1.99677,41.476766],[1.996775,41.476712],[1.996783,41.476622],[1.996791,41.476548],[1.996797,41.476479],[1.99681,41.476387],[1.996828,41.476285],[1.996839,41.476171],[1.996852,41.475801],[1.996835,41.475674],[1.996816,41.475613],[1.996759,41.475458],[1.996736,41.475402],[1.99673,41.475338],[1.996737,41.475284],[1.996755,41.475227],[1.996775,41.475155],[1.996858,41.474961],[1.996901,41.474862],[1.996943,41.474772],[1.997014,41.474653],[1.99711,41.474519],[1.997147,41.47447],[1.997715,41.473699],[1.997765,41.473624],[1.997804,41.473567],[1.997852,41.473496],[1.99789,41.473434],[1.99793,41.473374],[1.997973,41.473308],[1.998254,41.47285],[1.998323,41.472749],[1.998575,41.472792],[1.998595,41.472787],[1.998616,41.472784],[1.998636,41.472783],[1.998658,41.472784],[1.998679,41.472787],[1.998699,41.472791],[1.998718,41.472797],[1.998737,41.472805],[1.998754,41.472814],[1.998769,41.472824],[1.998929,41.472884],[1.999091,41.472952],[1.999245,41.472995],[1.999273,41.473002],[1.99946,41.47304],[1.999609,41.473061],[2.000213,41.473118],[2.000604,41.473139],[2.000916,41.473145],[2.000975,41.473149],[2.001343,41.473182],[2.001401,41.47319],[2.001828,41.473246],[2.00203,41.473264],[2.002041,41.473265],[2.002233,41.473269],[2.002254,41.473269],[2.002799,41.473264],[2.002839,41.473112],[2.002896,41.472952],[2.002926,41.472854],[2.00294,41.472792],[2.00294,41.472719],[2.002926,41.472672],[2.002906,41.472627],[2.002886,41.472552],[2.002868,41.472479],[2.002843,41.472377],[2.002828,41.472272],[2.002825,41.472196],[2.002828,41.472105],[2.002828,41.472004],[2.002819,41.471949],[2.002822,41.471893],[2.00283,41.47187],[2.002843,41.471842],[2.002876,41.47181],[2.002926,41.471784],[2.002981,41.471768],[2.003024,41.471773],[2.003075,41.471796],[2.003124,41.471825],[2.003163,41.471845],[2.003206,41.471855],[2.003309,41.471875],[2.00345,41.4719],[2.003512,41.47191],[2.003541,41.471891],[2.003566,41.471867],[2.003581,41.471846],[2.003591,41.471802],[2.003611,41.471739],[2.003666,41.471614],[2.003715,41.471522],[2.003761,41.47144],[2.003831,41.471354],[2.003903,41.47127],[2.003964,41.471193],[2.003996,41.471132],[2.004029,41.471053],[2.004086,41.470919],[2.004139,41.470813],[2.004172,41.470726],[2.004208,41.47061],[2.004246,41.470488],[2.004286,41.470354],[2.004326,41.47022],[2.004372,41.470091],[2.004413,41.469987],[2.004478,41.469835],[2.004557,41.46969],[2.004635,41.469585],[2.004728,41.469485],[2.004814,41.46941],[2.004945,41.469321],[2.005175,41.469195],[2.005401,41.46907],[2.005561,41.468983],[2.005603,41.468943],[2.005812,41.468098],[2.005837,41.467908],[2.005866,41.467651],[2.005876,41.467544],[2.00587,41.467364],[2.005871,41.467232],[2.005865,41.467161],[2.005852,41.467122],[2.005824,41.46703],[2.005757,41.46685],[2.005712,41.466713],[2.005662,41.46655],[2.005638,41.466449],[2.005621,41.466335],[2.005604,41.466177],[2.005586,41.466006],[2.005575,41.465818],[2.005579,41.465635],[2.0056,41.465347],[2.005609,41.465041],[2.005611,41.464641],[2.005661,41.46441],[2.005688,41.46431],[2.005688,41.464252],[2.005666,41.4641],[2.005645,41.463953],[2.005624,41.463816],[2.005603,41.463686],[2.0056,41.463502],[2.005607,41.463395],[2.005621,41.463262],[2.005586,41.463236],[2.005392,41.463095],[2.005304,41.463031],[2.004822,41.46297],[2.00471,41.462972],[2.004604,41.462967],[2.004496,41.462973],[2.004391,41.462983],[2.004291,41.462997],[2.004137,41.463028],[2.004029,41.463058],[2.003917,41.463089],[2.003803,41.463124],[2.0037,41.463172],[2.003624,41.463183],[2.003551,41.463178],[2.003458,41.463121],[2.003289,41.462952],[2.00297,41.462522],[2.002771,41.46221],[2.002574,41.461899],[2.002469,41.46174],[2.002375,41.461599],[2.002166,41.461514],[2.001917,41.461425],[2.001517,41.461268],[2.001031,41.461047],[2.000401,41.460676],[2.00002,41.460422],[1.99973,41.460241],[1.999264,41.459911],[1.999203,41.459841],[1.99895,41.459078],[1.998944,41.458988],[1.998984,41.458863],[1.999248,41.458451],[1.999381,41.45831],[1.999632,41.458079],[2.000453,41.457361],[2.000712,41.457073],[2.0009,41.456688],[2.001036,41.456507],[2.001131,41.45631],[2.001048,41.456109],[2.000789,41.455834],[2.000251,41.455238],[1.999535,41.454527],[1.999308,41.454391],[1.998384,41.453947],[1.997804,41.453653],[1.997327,41.453378],[1.9968,41.452951],[1.996436,41.452582],[1.996198,41.452274],[1.995915,41.451839],[1.995723,41.451406],[1.995555,41.450601],[1.995567,41.449799],[1.995647,41.44918],[1.995728,41.44846],[1.995867,41.447666],[1.995957,41.446988],[1.995994,41.44608],[1.996063,41.445233],[1.996125,41.444426],[1.996139,41.443651],[1.996152,41.442817],[1.996094,41.441875],[1.996038,41.44096],[1.995958,41.439927],[1.995774,41.439009],[1.995691,41.438596],[1.995705,41.438311],[1.995643,41.438047],[1.995536,41.437868],[1.995458,41.437769],[1.995299,41.437201],[1.99514,41.436591],[1.995089,41.436278],[1.994081,41.435588],[1.994072,41.43568],[1.994072,41.43577],[1.994074,41.435896],[1.994089,41.436159],[1.994075,41.43635],[1.993998,41.436521],[1.993905,41.436707],[1.993625,41.437044],[1.993216,41.437451],[1.992583,41.43803],[1.992098,41.43842],[1.991797,41.438655],[1.991468,41.438921],[1.991083,41.43918],[1.990832,41.439355],[1.990633,41.439459],[1.990408,41.439621],[1.988817,41.440493],[1.988299,41.440819],[1.987951,41.441059],[1.987651,41.441296],[1.98752,41.441386],[1.987398,41.441483],[1.98722,41.441642],[1.986724,41.442131],[1.986513,41.442308],[1.986149,41.442577],[1.985783,41.442846],[1.985541,41.443026],[1.985266,41.443294],[1.984993,41.443542],[1.984865,41.443625],[1.984662,41.443727],[1.984426,41.443843],[1.984212,41.443982],[1.98373,41.444361],[1.983464,41.444574],[1.983142,41.44479],[1.982708,41.445054],[1.982484,41.445171],[1.982236,41.445284],[1.982082,41.445356],[1.981805,41.445514],[1.981572,41.445694],[1.98133,41.445914],[1.981156,41.446077],[1.981104,41.446148],[1.981046,41.446253],[1.980977,41.446426],[1.980823,41.44673],[1.980573,41.4472],[1.980475,41.447344],[1.980413,41.447438],[1.980244,41.447658],[1.980097,41.447884],[1.979893,41.44815],[1.979758,41.448293],[1.979612,41.448434],[1.979518,41.448508],[1.979388,41.448577],[1.979209,41.448652],[1.97898,41.448725],[1.978804,41.448775],[1.978711,41.448829],[1.978589,41.44893],[1.978389,41.449151],[1.978213,41.449393],[1.977695,41.45011],[1.977571,41.450318],[1.977386,41.450634],[1.977307,41.450865],[1.977279,41.451034],[1.977281,41.45118],[1.977282,41.451365],[1.977287,41.451565],[1.977275,41.451802],[1.977258,41.451946],[1.977248,41.45211],[1.977247,41.452266],[1.977229,41.452406],[1.977215,41.452555],[1.977187,41.452743],[1.977144,41.452918],[1.977055,41.453212],[1.976982,41.453476],[1.976948,41.453612],[1.976925,41.453755],[1.976927,41.453922],[1.976915,41.45417],[1.976909,41.454274],[1.976874,41.454446],[1.976844,41.454574],[1.976784,41.454758],[1.976742,41.455012],[1.976744,41.455173],[1.976748,41.455419],[1.976766,41.455807],[1.976756,41.455941],[1.976742,41.456026],[1.97667,41.456379],[1.97652,41.457047],[1.976278,41.457715],[1.976059,41.458289],[1.975918,41.458789],[1.975822,41.459124],[1.975709,41.459624],[1.975603,41.459927],[1.975491,41.460108],[1.975343,41.46034],[1.975214,41.460585],[1.974917,41.461211],[1.974697,41.461586],[1.974482,41.461909],[1.974067,41.462514],[1.973976,41.462662],[1.973905,41.462813],[1.973822,41.46297],[1.973679,41.463204],[1.973493,41.463455],[1.973293,41.463705],[1.972025,41.463725],[1.971494,41.463735],[1.970917,41.463749],[1.970591,41.463746],[1.970486,41.463746],[1.970435,41.463751],[1.970375,41.463758],[1.970179,41.463785],[1.969984,41.463814],[1.969813,41.463837],[1.96971,41.463851],[1.969581,41.463873],[1.969492,41.46389],[1.969391,41.463907],[1.969317,41.463915],[1.969229,41.46392],[1.968947,41.463917],[1.968904,41.463915],[1.96887,41.463908],[1.968779,41.463884],[1.968692,41.46386],[1.968567,41.4638],[1.968429,41.46373],[1.968299,41.46366],[1.968185,41.463593],[1.968034,41.463512],[1.967929,41.463452],[1.967824,41.463398],[1.967687,41.46333],[1.967614,41.463289],[1.967555,41.463258],[1.967483,41.463227],[1.967397,41.463187],[1.967354,41.463161],[1.967307,41.463131],[1.96727,41.463115],[1.967225,41.463091],[1.967167,41.463065],[1.967112,41.463029],[1.96707,41.462999],[1.967006,41.462966],[1.966892,41.462906],[1.966847,41.462878],[1.966786,41.462839],[1.966753,41.462818],[1.966695,41.462788],[1.966642,41.462759],[1.966569,41.462718],[1.966509,41.462679],[1.966453,41.462638],[1.96639,41.462597],[1.96629,41.462543],[1.966199,41.462491],[1.966099,41.462438],[1.965949,41.462366],[1.965869,41.462325],[1.965826,41.462302],[1.965755,41.462261],[1.965681,41.462219],[1.965626,41.4622],[1.965558,41.462173],[1.965505,41.46215],[1.965387,41.462091],[1.965302,41.462044],[1.965148,41.461955],[1.964975,41.461862],[1.964722,41.461698],[1.964545,41.461592],[1.964467,41.461547],[1.964403,41.461508],[1.964331,41.461458],[1.964275,41.46141],[1.964205,41.461351],[1.964168,41.46133],[1.964125,41.461317],[1.964068,41.461304],[1.964021,41.461291],[1.963996,41.461282],[1.963969,41.461262],[1.963954,41.461241],[1.963941,41.461207],[1.96393,41.461186],[1.963911,41.46117],[1.963844,41.461123],[1.963735,41.461056],[1.963644,41.461004],[1.963525,41.460935],[1.963477,41.460903],[1.963442,41.46088],[1.963428,41.46086],[1.963418,41.460843],[1.963404,41.460811],[1.963366,41.460784],[1.963302,41.460738],[1.963253,41.460705],[1.96322,41.460687],[1.963182,41.460671],[1.963146,41.46065],[1.963094,41.460615],[1.963044,41.460596],[1.962983,41.460576],[1.962932,41.460553],[1.962892,41.460521],[1.962855,41.460495],[1.962781,41.460454],[1.962736,41.460434],[1.962703,41.460412],[1.962672,41.460378],[1.962646,41.460361],[1.962598,41.460335],[1.962543,41.460296],[1.962501,41.460268],[1.962443,41.460235],[1.962401,41.460212],[1.962303,41.460144],[1.962168,41.46005],[1.962114,41.460011],[1.962075,41.459974],[1.962054,41.459955],[1.962027,41.459942],[1.961968,41.459909],[1.961833,41.459813],[1.961771,41.459777],[1.961715,41.459758],[1.96166,41.459748],[1.96158,41.45973],[1.961115,41.460039],[1.960492,41.460455],[1.959776,41.460925],[1.95963,41.460975],[1.959514,41.461049],[1.959146,41.461285],[1.958873,41.46145],[1.958553,41.461619],[1.958242,41.461764],[1.957639,41.462055],[1.957171,41.462299],[1.957105,41.46238],[1.956498,41.462867],[1.956283,41.463034],[1.955814,41.463367],[1.955567,41.463537],[1.955206,41.463758],[1.954726,41.464031],[1.953661,41.464697],[1.953564,41.464755],[1.953096,41.465081],[1.952977,41.465168],[1.952739,41.465334],[1.952229,41.465751],[1.95191,41.466026],[1.950852,41.467006],[1.951656,41.467696],[1.951216,41.467939],[1.951212,41.467942],[1.951666,41.468975],[1.950744,41.471755],[1.950291,41.471348],[1.949838,41.47094],[1.949272,41.470471],[1.948707,41.470002],[1.94839,41.469731],[1.948073,41.469461],[1.947581,41.468914],[1.947383,41.468674],[1.947184,41.468434],[1.947052,41.46823],[1.94692,41.468025],[1.946785,41.467826],[1.94665,41.467628],[1.946582,41.467548],[1.946495,41.467484],[1.946346,41.467424],[1.946213,41.467391],[1.946092,41.467369],[1.945969,41.467371],[1.945726,41.467408],[1.945525,41.467456],[1.945311,41.467511],[1.945157,41.467577],[1.944876,41.467724],[1.94462,41.467887],[1.944259,41.468142],[1.943619,41.468755],[1.942978,41.469367],[1.942768,41.469554],[1.942558,41.469741],[1.942306,41.469931],[1.942055,41.470121],[1.941858,41.470296],[1.941645,41.470506],[1.941437,41.470734],[1.941174,41.471029],[1.940912,41.471323],[1.940577,41.471694],[1.940243,41.472066],[1.939832,41.47247],[1.939421,41.472874],[1.93921,41.473098],[1.938999,41.473322],[1.938746,41.473601],[1.938492,41.47388],[1.938344,41.47408],[1.937992,41.474498],[1.937902,41.474699],[1.937841,41.474857],[1.937784,41.474964],[1.937758,41.475042],[1.93771,41.475253],[1.937649,41.475381],[1.937573,41.475478],[1.937444,41.475611],[1.937306,41.475735],[1.93706,41.4759],[1.93676,41.476121],[1.936337,41.476492],[1.936023,41.476823],[1.935838,41.477031],[1.935595,41.477397],[1.93507,41.477978],[1.934562,41.478551],[1.934433,41.478708],[1.934309,41.478872],[1.934278,41.478917],[1.934202,41.479014],[1.93413,41.479109],[1.934011,41.479263],[1.933936,41.479413],[1.933868,41.479539],[1.933766,41.479746],[1.933681,41.479941],[1.933571,41.480237],[1.933543,41.480375],[1.933514,41.480494],[1.933521,41.480631],[1.933574,41.480826],[1.933614,41.481098],[1.933652,41.481291],[1.9337,41.481505],[1.933757,41.481752],[1.933808,41.482108],[1.933812,41.482379],[1.933802,41.482528],[1.933785,41.482731],[1.933758,41.482942],[1.933708,41.483138],[1.933642,41.483326],[1.933548,41.483518],[1.933466,41.483691],[1.933409,41.483789],[1.933332,41.483911],[1.933077,41.484251],[1.932881,41.484476],[1.932853,41.484515],[1.932829,41.484575],[1.932793,41.484674],[1.932775,41.484749],[1.932749,41.484897],[1.932681,41.485054],[1.932558,41.485271],[1.932425,41.48546],[1.932248,41.48563],[1.932044,41.485798],[1.931837,41.485955],[1.931688,41.486041],[1.931496,41.486109],[1.931372,41.486138],[1.931163,41.486167],[1.930742,41.486245],[1.930443,41.486327],[1.930117,41.486409],[1.929932,41.486485],[1.929771,41.486524],[1.929555,41.486563],[1.929287,41.486624],[1.929195,41.486643],[1.929041,41.486678],[1.928888,41.486713],[1.928556,41.486798],[1.928031,41.486924],[1.927651,41.487013],[1.927475,41.487054],[1.927263,41.487087],[1.927092,41.487126],[1.926739,41.487236],[1.926409,41.487361],[1.926134,41.487464],[1.9259,41.487552],[1.92567,41.487629],[1.925381,41.487714],[1.925182,41.487789],[1.924874,41.487899],[1.924764,41.487939],[1.924444,41.488045],[1.924226,41.48812],[1.923973,41.488255],[1.923801,41.488368],[1.923593,41.488506],[1.92345,41.488609],[1.923262,41.488764],[1.922985,41.488989],[1.922742,41.489248],[1.922501,41.489511],[1.922315,41.48972],[1.922222,41.489849],[1.922077,41.49009],[1.922013,41.490205],[1.921946,41.490359],[1.921885,41.490496],[1.921849,41.49061],[1.921799,41.490806],[1.921721,41.491104],[1.921654,41.491361],[1.921607,41.491746],[1.921551,41.492285],[1.921563,41.492607],[1.92154,41.492884],[1.921546,41.493067],[1.921565,41.493341],[1.921607,41.493507],[1.921801,41.493973],[1.921959,41.494303],[1.922126,41.494764],[1.922204,41.495027],[1.922262,41.495291],[1.922279,41.495367],[1.922303,41.495417]]]}},{"type":"Feature","properties":{"nationalCode":"34090808056","name":"Castelldefels"},"geometry":{"type":"Polygon","coordinates":[[[1.942661,41.280271],[1.944531,41.279893],[1.947613,41.280877],[1.949831,41.283527],[1.950629,41.283673],[1.952358,41.283337],[1.953642,41.283741],[1.957299,41.287103],[1.959433,41.287848],[1.960693,41.289991],[1.963372,41.292252],[1.966082,41.293035],[1.971031,41.293289],[1.977956,41.296599],[1.978287,41.296234],[1.979244,41.295634],[1.979741,41.295261],[1.980216,41.29461],[1.981295,41.294204],[1.981535,41.294058],[1.98241,41.293012],[1.98268,41.292793],[1.983523,41.292423],[1.983911,41.29219],[1.984667,41.291149],[1.985039,41.291016],[1.986346,41.291094],[1.987613,41.291264],[1.989138,41.288578],[1.99035,41.286473],[1.999376,41.270748],[2.00283,41.264736],[2.002998,41.264444],[2.002736,41.264434],[2.0024,41.264413],[2.002077,41.264409],[2.001742,41.264387],[2.001407,41.264384],[2.001072,41.264371],[2.000773,41.264357],[2.000462,41.264344],[2.000139,41.26434],[1.999816,41.264327],[1.999504,41.264305],[1.99918,41.264283],[1.998868,41.26426],[1.998531,41.264221],[1.998207,41.264199],[1.997967,41.264182],[1.99768,41.264168],[1.997392,41.264145],[1.997153,41.264137],[1.99689,41.26413],[1.996592,41.264134],[1.99633,41.264146],[1.996079,41.264148],[1.995781,41.264143],[1.995448,41.264157],[1.995151,41.264179],[1.994889,41.264181],[1.99459,41.264176],[1.994338,41.264151],[1.99405,41.264137],[1.993798,41.264121],[1.993547,41.264114],[1.993189,41.264111],[1.992865,41.264089],[1.992627,41.264091],[1.992388,41.264083],[1.992088,41.264069],[1.991754,41.264075],[1.991503,41.264068],[1.991193,41.264072],[1.990871,41.264068],[1.990572,41.264063],[1.990322,41.264065],[1.990047,41.264059],[1.989749,41.264063],[1.989438,41.264058],[1.989153,41.264071],[1.988878,41.264065],[1.988592,41.264068],[1.988295,41.264081],[1.98802,41.264075],[1.987721,41.26407],[1.987458,41.264063],[1.987206,41.264047],[1.986931,41.264041],[1.986668,41.264035],[1.986382,41.264038],[1.98612,41.26404],[1.985856,41.264025],[1.985581,41.264019],[1.985307,41.264022],[1.985033,41.264025],[1.984771,41.264036],[1.984485,41.264039],[1.984222,41.264033],[1.983947,41.264027],[1.983673,41.26403],[1.983411,41.264032],[1.983101,41.264036],[1.98285,41.264038],[1.982588,41.264041],[1.982338,41.264051],[1.982088,41.264053],[1.981802,41.264057],[1.98155,41.264041],[1.981287,41.264034],[1.981036,41.264027],[1.980761,41.264021],[1.980511,41.264023],[1.980248,41.264025],[1.979997,41.264018],[1.979735,41.26402],[1.979485,41.264031],[1.979246,41.264033],[1.979235,41.264033],[1.978983,41.264026],[1.978697,41.26402],[1.978434,41.264014],[1.978124,41.264018],[1.977873,41.26402],[1.977622,41.264013],[1.977384,41.264014],[1.977121,41.264017],[1.976824,41.26403],[1.976527,41.264051],[1.976207,41.264074],[1.975861,41.26408],[1.975586,41.264065],[1.975335,41.264058],[1.975084,41.26406],[1.974821,41.264053],[1.974475,41.26405],[1.974213,41.264053],[1.973915,41.264066],[1.973629,41.264069],[1.973331,41.264064],[1.973033,41.264068],[1.972735,41.264072],[1.972448,41.264075],[1.972187,41.264086],[1.971949,41.264097],[1.971592,41.264112],[1.971259,41.264118],[1.971007,41.26411],[1.970721,41.264114],[1.970483,41.264115],[1.970234,41.264135],[1.969948,41.264147],[1.969615,41.264153],[1.969293,41.264167],[1.969008,41.264179],[1.968733,41.264173],[1.968434,41.264168],[1.968099,41.264155],[1.967824,41.26414],[1.9675,41.264118],[1.967191,41.264132],[1.966883,41.264163],[1.966539,41.264187],[1.966204,41.264174],[1.965906,41.264178],[1.965608,41.264182],[1.965333,41.264185],[1.965262,41.264188],[1.964999,41.264181],[1.964689,41.264186],[1.964451,41.264187],[1.964188,41.264189],[1.963832,41.264214],[1.963533,41.264209],[1.963247,41.264203],[1.962984,41.264205],[1.962652,41.264229],[1.962342,41.264233],[1.962008,41.26423],[1.961769,41.264231],[1.961435,41.264227],[1.961183,41.264211],[1.960861,41.264207],[1.960598,41.26421],[1.960335,41.264203],[1.960084,41.264196],[1.959811,41.264208],[1.959559,41.2642],[1.959285,41.264203],[1.958975,41.264199],[1.9587,41.264201],[1.958438,41.264204],[1.958139,41.26419],[1.957875,41.264174],[1.957588,41.264168],[1.957301,41.264154],[1.957027,41.264157],[1.956764,41.264159],[1.956513,41.264152],[1.956237,41.264137],[1.955986,41.26413],[1.955712,41.264132],[1.955462,41.264143],[1.955201,41.264154],[1.954938,41.264148],[1.954686,41.264132],[1.954387,41.264118],[1.954111,41.264102],[1.953823,41.264088],[1.95356,41.264081],[1.953273,41.264067],[1.95301,41.26406],[1.952736,41.264063],[1.952486,41.264074],[1.952212,41.264076],[1.951924,41.264062],[1.951648,41.264038],[1.951349,41.264024],[1.951085,41.264008],[1.950786,41.264003],[1.950535,41.263996],[1.950248,41.26399],[1.949999,41.264001],[1.949724,41.263995],[1.949448,41.263979],[1.949161,41.263974],[1.948886,41.263968],[1.948623,41.263952],[1.948335,41.263937],[1.948072,41.263922],[1.947783,41.263898],[1.947543,41.263873],[1.947255,41.263849],[1.946991,41.263833],[1.946715,41.263818],[1.946427,41.263786],[1.946138,41.263762],[1.945863,41.263747],[1.945587,41.263732],[1.945311,41.263708],[1.945071,41.263691],[1.944807,41.263675],[1.944567,41.26365],[1.944455,41.263638],[1.94434,41.263812],[1.942767,41.266203],[1.942703,41.266305],[1.941296,41.267581],[1.939445,41.269299],[1.939771,41.270446],[1.938913,41.271411],[1.937383,41.273907],[1.937247,41.274796],[1.93916,41.276892],[1.94331,41.279225],[1.942661,41.280271]]]}},{"type":"Feature","properties":{"nationalCode":"34090808068","name":"Cervelló"},"geometry":{"type":"Polygon","coordinates":[[[1.875776,41.398944],[1.875988,41.399231],[1.876111,41.399404],[1.876175,41.39947],[1.876249,41.399544],[1.876383,41.3997],[1.876404,41.399725],[1.87647,41.399833],[1.876523,41.399928],[1.876552,41.400007],[1.876566,41.400101],[1.876568,41.400174],[1.87657,41.400235],[1.876547,41.400352],[1.87654,41.400393],[1.876501,41.400512],[1.876446,41.400659],[1.876386,41.400804],[1.876383,41.400812],[1.876344,41.400911],[1.876343,41.400998],[1.876377,41.401086],[1.876401,41.401148],[1.876457,41.40128],[1.876562,41.401424],[1.876658,41.401518],[1.876745,41.401602],[1.876824,41.401681],[1.876964,41.401813],[1.877067,41.401893],[1.877159,41.401987],[1.877185,41.402032],[1.877221,41.402109],[1.877254,41.40216],[1.877279,41.402218],[1.877282,41.402222],[1.877318,41.402289],[1.877355,41.402339],[1.877358,41.402342],[1.877397,41.402383],[1.877454,41.402452],[1.877484,41.402487],[1.877503,41.402521],[1.877514,41.402554],[1.877516,41.402615],[1.877523,41.402684],[1.877526,41.402762],[1.877526,41.402814],[1.877527,41.402868],[1.877503,41.402942],[1.87749,41.402994],[1.877462,41.403072],[1.87745,41.403126],[1.877434,41.403179],[1.877427,41.403223],[1.877427,41.40327],[1.877463,41.40346],[1.877502,41.403578],[1.877561,41.403762],[1.877594,41.403909],[1.877616,41.404167],[1.877907,41.404443],[1.878101,41.404574],[1.878289,41.404747],[1.878423,41.404887],[1.878504,41.404964],[1.87859,41.405042],[1.878653,41.405085],[1.878694,41.405106],[1.878829,41.405166],[1.878997,41.405218],[1.879108,41.405249],[1.879241,41.405283],[1.879326,41.405305],[1.879406,41.405315],[1.879571,41.405321],[1.879663,41.405322],[1.879915,41.405299],[1.88014,41.405275],[1.880377,41.405268],[1.880675,41.405273],[1.88094,41.405297],[1.881123,41.405321],[1.881367,41.405344],[1.881553,41.405356],[1.881645,41.405364],[1.881721,41.405384],[1.881781,41.405403],[1.881873,41.405429],[1.881951,41.405443],[1.882089,41.405468],[1.882157,41.405484],[1.882277,41.405521],[1.882351,41.405546],[1.882428,41.405573],[1.882537,41.405608],[1.882603,41.40563],[1.882628,41.405652],[1.882649,41.405681],[1.882664,41.405722],[1.88267,41.405788],[1.882678,41.405855],[1.882684,41.405879],[1.882699,41.405932],[1.882718,41.40608],[1.882747,41.406268],[1.882798,41.406433],[1.882846,41.40655],[1.882907,41.406715],[1.882962,41.406816],[1.883012,41.406874],[1.883093,41.406963],[1.883155,41.407011],[1.883227,41.407069],[1.883367,41.407219],[1.883546,41.407319],[1.88369,41.407398],[1.883797,41.407486],[1.884014,41.407633],[1.884259,41.407822],[1.884408,41.407887],[1.884717,41.408019],[1.884951,41.408143],[1.88503,41.408133],[1.885144,41.408155],[1.885324,41.408216],[1.885529,41.40825],[1.885594,41.408251],[1.885635,41.408238],[1.885744,41.408191],[1.885935,41.408189],[1.886181,41.408209],[1.886614,41.408175],[1.886769,41.408151],[1.886951,41.408113],[1.887099,41.408094],[1.88741,41.408192],[1.887611,41.408226],[1.887893,41.408251],[1.888215,41.40828],[1.888305,41.408251],[1.888542,41.40821],[1.888776,41.408156],[1.889196,41.408182],[1.889434,41.408084],[1.889817,41.408009],[1.890278,41.407868],[1.890665,41.407751],[1.89067,41.407749],[1.890675,41.407747],[1.89068,41.407746],[1.890686,41.407744],[1.890691,41.407742],[1.890697,41.40774],[1.890701,41.407738],[1.890706,41.407736],[1.890711,41.407734],[1.890716,41.407732],[1.89072,41.40773],[1.890738,41.407724],[1.890743,41.407722],[1.890747,41.40772],[1.890751,41.407719],[1.890757,41.407717],[1.890763,41.407715],[1.890765,41.407714],[1.890807,41.407701],[1.890851,41.407687],[1.890885,41.407676],[1.89096,41.407637],[1.891047,41.40759],[1.891125,41.407542],[1.891319,41.407425],[1.891653,41.407216],[1.891867,41.407092],[1.89208,41.406967],[1.892262,41.406838],[1.892331,41.406787],[1.892578,41.406775],[1.892866,41.406848],[1.893171,41.40698],[1.893323,41.407111],[1.893474,41.407243],[1.893624,41.407382],[1.89371,41.407462],[1.894036,41.407599],[1.894549,41.407618],[1.894666,41.407569],[1.894897,41.407626],[1.895816,41.407669],[1.895959,41.407676],[1.896088,41.407664],[1.896247,41.407645],[1.896533,41.407597],[1.896801,41.407594],[1.896958,41.407628],[1.897179,41.407691],[1.897423,41.407855],[1.897614,41.407977],[1.897786,41.408041],[1.897966,41.408117],[1.898136,41.408179],[1.898322,41.408238],[1.898527,41.408305],[1.898722,41.40834],[1.898972,41.408369],[1.89921,41.408405],[1.899388,41.408452],[1.899413,41.408313],[1.899423,41.408208],[1.899439,41.408105],[1.899456,41.408046],[1.899518,41.407941],[1.899571,41.407843],[1.899614,41.407761],[1.899639,41.407694],[1.899672,41.407633],[1.899717,41.407591],[1.899756,41.40756],[1.899769,41.40755],[1.899827,41.407521],[1.899858,41.407499],[1.899871,41.407484],[1.899885,41.407469],[1.899894,41.407453],[1.899903,41.407437],[1.899912,41.407417],[1.899932,41.407371],[1.899939,41.407356],[1.899965,41.4073],[1.899984,41.407263],[1.900006,41.407226],[1.900029,41.40719],[1.900052,41.407154],[1.900077,41.407136],[1.900105,41.407116],[1.900106,41.407116],[1.900113,41.407114],[1.900118,41.407112],[1.900122,41.40711],[1.900128,41.407108],[1.900132,41.407106],[1.900137,41.407104],[1.900143,41.407102],[1.900148,41.4071],[1.900153,41.407099],[1.900159,41.407097],[1.900164,41.407095],[1.900169,41.407092],[1.900174,41.40709],[1.90018,41.407087],[1.900184,41.407084],[1.900188,41.407082],[1.900192,41.40708],[1.900196,41.407078],[1.9002,41.407076],[1.900206,41.407073],[1.900211,41.40707],[1.900217,41.407067],[1.900222,41.407065],[1.900226,41.407063],[1.90023,41.40706],[1.900234,41.407057],[1.900239,41.407055],[1.900244,41.407052],[1.900249,41.407049],[1.900257,41.407046],[1.900266,41.407041],[1.900272,41.407039],[1.900282,41.407034],[1.900286,41.407032],[1.900291,41.407029],[1.900296,41.407026],[1.900301,41.407023],[1.900305,41.407021],[1.900311,41.407018],[1.900316,41.407017],[1.90032,41.407015],[1.900326,41.407013],[1.900331,41.407011],[1.900337,41.407009],[1.900343,41.407007],[1.900344,41.407007],[1.900349,41.407005],[1.900354,41.407003],[1.90036,41.407001],[1.900365,41.406999],[1.900372,41.406997],[1.900376,41.406996],[1.900381,41.406994],[1.900387,41.406993],[1.900393,41.406992],[1.9004,41.406991],[1.900405,41.406991],[1.90041,41.40699],[1.900416,41.40699],[1.900422,41.40699],[1.900427,41.40699],[1.900432,41.40699],[1.900437,41.406991],[1.900443,41.406991],[1.900447,41.406991],[1.900452,41.406991],[1.900457,41.406991],[1.900464,41.406991],[1.900471,41.40699],[1.900478,41.406988],[1.900484,41.406987],[1.90049,41.406985],[1.900496,41.406982],[1.900501,41.406979],[1.900505,41.406977],[1.900509,41.406974],[1.900513,41.406971],[1.900518,41.406967],[1.900523,41.406964],[1.900527,41.406961],[1.900532,41.406958],[1.900537,41.406954],[1.900541,41.406951],[1.900545,41.406947],[1.900549,41.406944],[1.900553,41.40694],[1.900558,41.406937],[1.900562,41.406934],[1.900566,41.40693],[1.900572,41.406926],[1.900577,41.406923],[1.900582,41.406919],[1.900586,41.406916],[1.900591,41.406913],[1.900596,41.406909],[1.900601,41.406905],[1.900606,41.406902],[1.90061,41.406899],[1.900614,41.406897],[1.900618,41.406894],[1.900621,41.406892],[1.900625,41.406889],[1.900629,41.406886],[1.900632,41.406884],[1.900636,41.406881],[1.900639,41.406878],[1.900644,41.406874],[1.900649,41.406871],[1.900654,41.406867],[1.900659,41.406864],[1.900664,41.40686],[1.90067,41.406857],[1.900675,41.406853],[1.90068,41.40685],[1.900684,41.406847],[1.900688,41.406844],[1.900692,41.406842],[1.900697,41.406838],[1.900702,41.406834],[1.900708,41.406831],[1.900711,41.406828],[1.900715,41.406826],[1.900719,41.406824],[1.900723,41.406821],[1.900728,41.406819],[1.900732,41.406816],[1.900736,41.406814],[1.90074,41.406812],[1.900745,41.40681],[1.900751,41.406807],[1.900757,41.406805],[1.900764,41.406803],[1.900768,41.406802],[1.900773,41.4068],[1.900778,41.406799],[1.900784,41.406797],[1.900791,41.406795],[1.900797,41.406792],[1.900804,41.406789],[1.900808,41.406787],[1.900812,41.406785],[1.900817,41.406782],[1.900823,41.40678],[1.900829,41.406777],[1.900834,41.406775],[1.900839,41.406772],[1.900844,41.406768],[1.90085,41.406765],[1.900853,41.406762],[1.900857,41.40676],[1.900861,41.406757],[1.900865,41.406755],[1.900868,41.406752],[1.900872,41.40675],[1.900878,41.406747],[1.900883,41.406744],[1.900888,41.40674],[1.900892,41.406737],[1.900895,41.406735],[1.900899,41.406732],[1.900903,41.406729],[1.900906,41.406726],[1.90091,41.406723],[1.900914,41.40672],[1.900918,41.406718],[1.900922,41.406715],[1.900925,41.406712],[1.900929,41.40671],[1.900933,41.406707],[1.900937,41.406705],[1.900942,41.406702],[1.900946,41.406699],[1.90095,41.406696],[1.900954,41.406694],[1.900959,41.406692],[1.900963,41.406689],[1.900967,41.406687],[1.900972,41.406684],[1.900976,41.406682],[1.90098,41.406679],[1.900985,41.406677],[1.900989,41.406675],[1.900994,41.406671],[1.900998,41.406669],[1.901002,41.406667],[1.901008,41.406664],[1.901013,41.406662],[1.901019,41.406659],[1.901024,41.406657],[1.90103,41.406654],[1.901035,41.406651],[1.90104,41.406648],[1.901046,41.406646],[1.901051,41.406644],[1.901056,41.406641],[1.901062,41.406639],[1.901067,41.406637],[1.901073,41.406635],[1.901079,41.406633],[1.901085,41.40663],[1.90109,41.406628],[1.901096,41.406625],[1.9011,41.406622],[1.901105,41.406619],[1.901111,41.406616],[1.901116,41.406613],[1.90112,41.406611],[1.901124,41.406608],[1.901129,41.406605],[1.901134,41.406602],[1.90114,41.4066],[1.901145,41.406596],[1.90115,41.406593],[1.901154,41.406591],[1.901158,41.406588],[1.901164,41.406585],[1.901168,41.406583],[1.901172,41.406581],[1.901176,41.406579],[1.901181,41.406576],[1.901186,41.406573],[1.901191,41.40657],[1.901197,41.406567],[1.901202,41.406564],[1.901208,41.406561],[1.901213,41.406559],[1.901219,41.406556],[1.901224,41.406554],[1.90123,41.40655],[1.901235,41.406547],[1.90124,41.406545],[1.901246,41.406543],[1.901251,41.40654],[1.901257,41.406538],[1.901262,41.406535],[1.901268,41.406532],[1.901273,41.406529],[1.901279,41.406526],[1.901283,41.406523],[1.901288,41.40652],[1.901294,41.406517],[1.901299,41.406514],[1.901304,41.406511],[1.90131,41.406508],[1.901315,41.406504],[1.901321,41.406501],[1.901327,41.406498],[1.901331,41.406496],[1.901335,41.406493],[1.901339,41.406491],[1.901343,41.406489],[1.901348,41.406487],[1.901352,41.406485],[1.901357,41.406482],[1.901361,41.40648],[1.901364,41.406477],[1.90137,41.406474],[1.901374,41.406472],[1.901378,41.406469],[1.901382,41.406467],[1.901385,41.406464],[1.90139,41.406461],[1.901396,41.406458],[1.901401,41.406455],[1.901406,41.406451],[1.90141,41.406449],[1.901415,41.406445],[1.901419,41.406442],[1.901423,41.406439],[1.901427,41.406436],[1.901431,41.406433],[1.901436,41.406431],[1.901441,41.406428],[1.901446,41.406425],[1.901451,41.406423],[1.901455,41.406421],[1.90146,41.406418],[1.901465,41.406415],[1.901471,41.406412],[1.901476,41.406409],[1.90148,41.406407],[1.901486,41.406404],[1.901492,41.406401],[1.901497,41.406398],[1.901503,41.406395],[1.901509,41.406392],[1.901514,41.406389],[1.90152,41.406386],[1.901525,41.406383],[1.901531,41.406379],[1.901534,41.406377],[1.901538,41.406374],[1.901542,41.406372],[1.901547,41.406368],[1.901553,41.406365],[1.901558,41.406362],[1.901563,41.406358],[1.901568,41.406355],[1.901572,41.406352],[1.901576,41.40635],[1.90158,41.406347],[1.901583,41.406345],[1.901587,41.406343],[1.901591,41.406341],[1.901597,41.406337],[1.901602,41.406334],[1.901607,41.406331],[1.901613,41.406328],[1.901617,41.406325],[1.901621,41.406322],[1.901625,41.406319],[1.901629,41.406317],[1.901634,41.406314],[1.901638,41.406311],[1.901642,41.406309],[1.901646,41.406306],[1.90165,41.406304],[1.901654,41.406301],[1.901658,41.406299],[1.901662,41.406296],[1.901666,41.406293],[1.90167,41.406291],[1.901674,41.406288],[1.901678,41.406286],[1.901683,41.406284],[1.901687,41.406282],[1.901691,41.40628],[1.901695,41.406278],[1.901699,41.406276],[1.901704,41.406273],[1.901709,41.406271],[1.901713,41.406269],[1.901718,41.406266],[1.901722,41.406264],[1.901726,41.406262],[1.901732,41.406259],[1.901738,41.406256],[1.901744,41.406254],[1.901889,41.406152],[1.902176,41.405964],[1.902283,41.405887],[1.902326,41.405863],[1.902371,41.405835],[1.902403,41.405812],[1.902434,41.40579],[1.90245,41.405779],[1.902579,41.405649],[1.902641,41.405599],[1.902716,41.405545],[1.902815,41.40549],[1.902894,41.405472],[1.903083,41.405477],[1.903232,41.405469],[1.903454,41.405434],[1.903623,41.405374],[1.903739,41.405303],[1.903741,41.405302],[1.903829,41.405214],[1.903855,41.405183],[1.903898,41.405135],[1.903986,41.405035],[1.904179,41.404878],[1.90429,41.404809],[1.904313,41.404799],[1.904345,41.404783],[1.90439,41.404755],[1.904437,41.404729],[1.904465,41.404717],[1.90452,41.404695],[1.904573,41.404674],[1.904599,41.404664],[1.904625,41.404656],[1.904652,41.40465],[1.904694,41.404647],[1.904725,41.404649],[1.904756,41.40465],[1.904787,41.404654],[1.904818,41.404658],[1.904859,41.404663],[1.9049,41.404668],[1.904941,41.404672],[1.904983,41.404676],[1.905042,41.404673],[1.905167,41.404675],[1.905175,41.404675],[1.905192,41.404673],[1.905213,41.404668],[1.905224,41.404666],[1.905235,41.404665],[1.90524,41.404665],[1.905248,41.404667],[1.905265,41.404671],[1.905298,41.404682],[1.905315,41.404686],[1.905326,41.404689],[1.905347,41.404694],[1.905364,41.404697],[1.905375,41.404698],[1.90538,41.404698],[1.905388,41.404697],[1.905405,41.404693],[1.905437,41.404685],[1.905503,41.404667],[1.905536,41.404659],[1.905758,41.404606],[1.90587,41.404581],[1.905904,41.404574],[1.905927,41.40457],[1.905974,41.404564],[1.906115,41.404546],[1.906161,41.404539],[1.906184,41.404535],[1.90623,41.404526],[1.90632,41.404506],[1.90641,41.404484],[1.906587,41.404439],[1.906613,41.404432],[1.906629,41.404426],[1.906663,41.404415],[1.906728,41.40439],[1.906761,41.404379],[1.906795,41.404369],[1.906812,41.404365],[1.90683,41.404362],[1.906843,41.404361],[1.906869,41.404361],[1.906882,41.404362],[1.906908,41.404365],[1.906934,41.40437],[1.906951,41.404374],[1.906984,41.404382],[1.907018,41.404392],[1.907084,41.404415],[1.907171,41.404447],[1.907215,41.404461],[1.90726,41.404475],[1.907283,41.40448],[1.907355,41.404497],[1.907392,41.404504],[1.907559,41.404531],[1.907652,41.404523],[1.907792,41.404533],[1.907848,41.404542],[1.907891,41.404546],[1.907946,41.404559],[1.90797,41.40456],[1.908003,41.404545],[1.908057,41.404547],[1.908151,41.404555],[1.908234,41.404549],[1.908339,41.404536],[1.908436,41.404515],[1.908542,41.404491],[1.908623,41.404475],[1.908671,41.404489],[1.908689,41.404516],[1.9087,41.40453],[1.908737,41.40455],[1.908894,41.404627],[1.908919,41.404636],[1.908936,41.404646],[1.908948,41.404654],[1.908954,41.404659],[1.908965,41.404673],[1.908974,41.404688],[1.90899,41.404718],[1.908999,41.404733],[1.909004,41.40474],[1.909023,41.404766],[1.909034,41.404778],[1.909045,41.404789],[1.909051,41.404794],[1.909064,41.404802],[1.909084,41.404812],[1.909093,41.404817],[1.909116,41.404831],[1.909129,41.40484],[1.909138,41.404846],[1.909156,41.404858],[1.909211,41.404897],[1.909229,41.40491],[1.909238,41.404916],[1.909248,41.404923],[1.909262,41.404932],[1.909269,41.404937],[1.909294,41.404953],[1.909308,41.40496],[1.909329,41.40497],[1.909352,41.404978],[1.909363,41.404982],[1.909399,41.404991],[1.909471,41.405007],[1.909579,41.40503],[1.909585,41.405032],[1.909597,41.405038],[1.90962,41.405054],[1.909628,41.405058],[1.909632,41.40506],[1.909644,41.405063],[1.90966,41.405068],[1.909667,41.40507],[1.909703,41.405079],[1.909723,41.405084],[1.909742,41.40509],[1.909754,41.405095],[1.909777,41.405105],[1.90978,41.405107],[1.909785,41.405111],[1.909794,41.40512],[1.9098,41.405123],[1.909822,41.40513],[1.909867,41.405145],[1.9099,41.405156],[1.909933,41.405167],[1.909977,41.405183],[1.909998,41.40519],[1.910055,41.405207],[1.910086,41.405216],[1.910127,41.40523],[1.910147,41.405236],[1.910164,41.40524],[1.910179,41.405242],[1.910186,41.405243],[1.910198,41.405243],[1.910207,41.405243],[1.910225,41.405241],[1.910261,41.405235],[1.910279,41.405234],[1.910316,41.405234],[1.910335,41.405236],[1.91036,41.405239],[1.91041,41.405246],[1.910431,41.40525],[1.910459,41.405256],[1.910473,41.405259],[1.910513,41.405268],[1.910565,41.405281],[1.910591,41.405288],[1.91063,41.405299],[1.910649,41.405306],[1.910689,41.405321],[1.910808,41.405372],[1.910884,41.405392],[1.910961,41.40542],[1.911115,41.405476],[1.911158,41.40549],[1.911187,41.405499],[1.911245,41.405514],[1.911252,41.405516],[1.91126,41.405517],[1.911267,41.405518],[1.911282,41.40552],[1.911292,41.40552],[1.911312,41.405519],[1.911322,41.405518],[1.911328,41.405516],[1.91134,41.405512],[1.911349,41.405509],[1.911353,41.405507],[1.911358,41.405504],[1.911367,41.405499],[1.911386,41.405488],[1.911395,41.405483],[1.911459,41.405465],[1.91153,41.405442],[1.911542,41.405437],[1.911551,41.405434],[1.911599,41.40543],[1.91162,41.405428],[1.91165,41.40542],[1.911677,41.405417],[1.911726,41.405411],[1.911762,41.405408],[1.911809,41.405405],[1.911839,41.405403],[1.911882,41.405395],[1.912008,41.405352],[1.912097,41.405343],[1.912118,41.405346],[1.912132,41.405345],[1.912146,41.405343],[1.912151,41.405342],[1.912156,41.405341],[1.912162,41.40534],[1.912167,41.405339],[1.912172,41.405339],[1.912177,41.405338],[1.912182,41.405337],[1.912187,41.405336],[1.912192,41.405336],[1.912198,41.405335],[1.912204,41.405334],[1.912209,41.405333],[1.912214,41.405333],[1.912219,41.405331],[1.912224,41.40533],[1.91223,41.405329],[1.912235,41.405328],[1.912241,41.405327],[1.912246,41.405325],[1.912251,41.405324],[1.912256,41.405322],[1.912262,41.405321],[1.912267,41.40532],[1.912272,41.405318],[1.912277,41.405317],[1.912282,41.405316],[1.912288,41.405314],[1.912294,41.405313],[1.9123,41.405311],[1.912304,41.40531],[1.912309,41.405308],[1.912315,41.405307],[1.912321,41.405306],[1.912326,41.405305],[1.912332,41.405304],[1.912337,41.405304],[1.912342,41.405302],[1.912348,41.405301],[1.912353,41.4053],[1.912359,41.4053],[1.912365,41.405299],[1.91237,41.405299],[1.912376,41.405298],[1.912382,41.405297],[1.912387,41.405297],[1.912393,41.405296],[1.912399,41.405296],[1.912406,41.405296],[1.912412,41.405296],[1.912417,41.405296],[1.912423,41.405295],[1.912428,41.405295],[1.912434,41.405295],[1.912439,41.405295],[1.912444,41.405295],[1.91245,41.405294],[1.912455,41.405294],[1.912461,41.405294],[1.912466,41.405294],[1.912473,41.405294],[1.912478,41.405294],[1.912484,41.405294],[1.912489,41.405294],[1.912495,41.405294],[1.9125,41.405294],[1.912521,41.405293],[1.912533,41.405293],[1.912546,41.405293],[1.912558,41.405294],[1.912565,41.405293],[1.91257,41.405294],[1.912575,41.405294],[1.912581,41.405294],[1.912585,41.405294],[1.912587,41.405294],[1.912593,41.405295],[1.912598,41.405295],[1.912605,41.405295],[1.91261,41.405295],[1.912616,41.405295],[1.912622,41.405295],[1.912627,41.405295],[1.912632,41.405295],[1.912639,41.405295],[1.912644,41.405295],[1.91265,41.405295],[1.912655,41.405295],[1.91266,41.405295],[1.912666,41.405295],[1.912671,41.405295],[1.912678,41.405294],[1.912684,41.405294],[1.912691,41.405294],[1.912696,41.405294],[1.912701,41.405293],[1.912706,41.405293],[1.912712,41.405293],[1.912717,41.405293],[1.912722,41.405292],[1.912729,41.405291],[1.912734,41.405291],[1.91274,41.40529],[1.912746,41.40529],[1.912751,41.405289],[1.912758,41.405289],[1.912762,41.405288],[1.912767,41.405288],[1.912772,41.405287],[1.912778,41.405287],[1.912783,41.405287],[1.912788,41.405286],[1.912793,41.405286],[1.912799,41.405286],[1.912819,41.405283],[1.912829,41.405282],[1.912838,41.405281],[1.912848,41.405279],[1.912857,41.405278],[1.912867,41.405277],[1.91288,41.405275],[1.912893,41.405274],[1.912906,41.405273],[1.912919,41.405272],[1.912932,41.405271],[1.912945,41.40527],[1.912958,41.40527],[1.912971,41.405269],[1.912984,41.405269],[1.912997,41.405268],[1.913011,41.405267],[1.913025,41.405265],[1.913038,41.405264],[1.913052,41.405262],[1.913066,41.40526],[1.913079,41.405258],[1.913092,41.405256],[1.913105,41.405254],[1.913118,41.405251],[1.913131,41.405249],[1.913145,41.405246],[1.913159,41.405243],[1.913173,41.40524],[1.913188,41.405237],[1.913202,41.405234],[1.913213,41.405232],[1.913225,41.40523],[1.913237,41.405228],[1.913248,41.405226],[1.91326,41.405224],[1.913274,41.405223],[1.913288,41.405222],[1.913302,41.405221],[1.913316,41.405221],[1.91333,41.40522],[1.913346,41.40522],[1.913362,41.405219],[1.913378,41.405218],[1.913393,41.405217],[1.913409,41.405218],[1.913423,41.405218],[1.913438,41.405219],[1.913452,41.405221],[1.913466,41.405223],[1.91348,41.405225],[1.913493,41.405227],[1.913505,41.405228],[1.913517,41.405231],[1.91353,41.405233],[1.913542,41.405236],[1.913552,41.405239],[1.913562,41.405242],[1.913571,41.405246],[1.913581,41.405249],[1.913591,41.405252],[1.9136,41.405255],[1.913609,41.405258],[1.913618,41.405261],[1.913628,41.405263],[1.913637,41.405265],[1.913646,41.405266],[1.913655,41.405267],[1.913665,41.405267],[1.913674,41.405267],[1.913683,41.405267],[1.913698,41.405267],[1.913712,41.405266],[1.913726,41.405265],[1.913741,41.405264],[1.913755,41.405262],[1.913769,41.40526],[1.913783,41.405259],[1.913796,41.405256],[1.91381,41.405254],[1.913824,41.405252],[1.913837,41.405249],[1.91385,41.405247],[1.913863,41.405244],[1.913876,41.405242],[1.91389,41.405239],[1.913902,41.405237],[1.913914,41.405234],[1.913926,41.405232],[1.913939,41.40523],[1.913951,41.405227],[1.913965,41.405225],[1.913978,41.405223],[1.913992,41.40522],[1.914005,41.405218],[1.914019,41.405216],[1.914036,41.405214],[1.914053,41.405212],[1.914069,41.405211],[1.914086,41.405209],[1.914103,41.405207],[1.914119,41.405205],[1.914135,41.405202],[1.91415,41.4052],[1.914166,41.405197],[1.914182,41.405194],[1.914199,41.405192],[1.914216,41.405189],[1.914234,41.405187],[1.91425,41.405184],[1.914267,41.405179],[1.914272,41.405178],[1.914277,41.405176],[1.914282,41.405175],[1.914287,41.405173],[1.914292,41.40517],[1.914297,41.405168],[1.914302,41.405164],[1.914306,41.405161],[1.91431,41.405157],[1.914315,41.405153],[1.914321,41.405146],[1.914327,41.405139],[1.914333,41.405131],[1.914339,41.405123],[1.914345,41.405116],[1.914354,41.405109],[1.914363,41.405103],[1.914373,41.405098],[1.914383,41.405092],[1.914392,41.405087],[1.914407,41.405079],[1.914422,41.405072],[1.91443,41.405068],[1.914439,41.405066],[1.914444,41.405064],[1.914448,41.405063],[1.914454,41.405061],[1.914461,41.40506],[1.914465,41.405058],[1.914472,41.405056],[1.914478,41.405055],[1.914483,41.405054],[1.914489,41.405053],[1.914496,41.405051],[1.914502,41.40505],[1.91451,41.405049],[1.914517,41.405047],[1.914523,41.405046],[1.914529,41.405045],[1.914536,41.405044],[1.914543,41.405043],[1.914549,41.405042],[1.914556,41.405042],[1.914563,41.405042],[1.91457,41.405042],[1.914577,41.405042],[1.914585,41.405042],[1.914592,41.405043],[1.914598,41.405044],[1.914605,41.405044],[1.914612,41.405045],[1.914618,41.405046],[1.914626,41.405048],[1.914632,41.40505],[1.914641,41.405052],[1.914649,41.405054],[1.914657,41.405056],[1.914665,41.405058],[1.914672,41.405061],[1.914679,41.405063],[1.914685,41.405065],[1.914692,41.405068],[1.914697,41.40507],[1.914703,41.405073],[1.914708,41.405076],[1.914715,41.405078],[1.914722,41.405081],[1.914727,41.405083],[1.914732,41.405085],[1.914745,41.405096],[1.914747,41.405098],[1.914758,41.405108],[1.914768,41.405119],[1.914778,41.40513],[1.914788,41.40514],[1.914799,41.40515],[1.91481,41.405158],[1.914822,41.405166],[1.914834,41.405173],[1.914847,41.405181],[1.914859,41.405188],[1.914868,41.405192],[1.914878,41.405197],[1.914887,41.405202],[1.914896,41.405206],[1.914905,41.405211],[1.914915,41.405217],[1.914924,41.405223],[1.914933,41.405229],[1.914943,41.405235],[1.914952,41.40524],[1.914963,41.405247],[1.914974,41.405253],[1.914986,41.405259],[1.914997,41.405265],[1.915008,41.405271],[1.915022,41.405279],[1.915035,41.405287],[1.915049,41.405295],[1.915063,41.405302],[1.915077,41.40531],[1.915088,41.405315],[1.915099,41.40532],[1.915111,41.405325],[1.915122,41.405331],[1.915134,41.405336],[1.915148,41.405342],[1.915163,41.405349],[1.915178,41.405355],[1.915193,41.405361],[1.915208,41.405367],[1.915222,41.405373],[1.915236,41.405379],[1.915251,41.405384],[1.915265,41.40539],[1.91528,41.405395],[1.915279,41.405398],[1.915279,41.405413],[1.915279,41.405427],[1.915279,41.405445],[1.915281,41.405462],[1.915282,41.40548],[1.915282,41.405497],[1.91528,41.405515],[1.915276,41.405532],[1.91527,41.405548],[1.915263,41.405565],[1.915255,41.405582],[1.915248,41.405598],[1.915241,41.405612],[1.915235,41.405625],[1.915228,41.405637],[1.915221,41.40565],[1.915215,41.405664],[1.91521,41.405677],[1.915205,41.405691],[1.915201,41.405704],[1.915197,41.405718],[1.915193,41.405731],[1.915188,41.405746],[1.915182,41.405761],[1.915178,41.405776],[1.915174,41.40579],[1.915173,41.405805],[1.915175,41.405822],[1.915181,41.405838],[1.915188,41.405855],[1.915195,41.405871],[1.915201,41.405888],[1.915204,41.405898],[1.915207,41.405908],[1.91521,41.405918],[1.915213,41.405928],[1.915215,41.405938],[1.915217,41.405957],[1.915218,41.405975],[1.915218,41.405994],[1.915218,41.406013],[1.915219,41.406032],[1.915221,41.406044],[1.915222,41.406055],[1.915224,41.406067],[1.915226,41.406078],[1.915228,41.40609],[1.91523,41.406096],[1.915258,41.406156],[1.915266,41.406165],[1.915278,41.406178],[1.915291,41.406191],[1.915298,41.406197],[1.915304,41.406204],[1.915311,41.406213],[1.915318,41.406222],[1.915325,41.40623],[1.915332,41.406239],[1.91534,41.406248],[1.915347,41.406256],[1.915355,41.406265],[1.915363,41.406273],[1.915372,41.406281],[1.91538,41.406289],[1.915392,41.4063],[1.915404,41.406311],[1.915416,41.406321],[1.915428,41.406332],[1.91544,41.406342],[1.915452,41.406352],[1.915463,41.406361],[1.915474,41.40637],[1.915486,41.406379],[1.915498,41.406388],[1.915511,41.406395],[1.915524,41.406403],[1.915538,41.40641],[1.915551,41.406417],[1.915564,41.406425],[1.915573,41.406431],[1.915582,41.406436],[1.915591,41.406442],[1.9156,41.406448],[1.915608,41.406454],[1.915625,41.406466],[1.915642,41.406478],[1.915658,41.406491],[1.915674,41.406503],[1.91569,41.406516],[1.915694,41.406514],[1.915697,41.406513],[1.915702,41.406511],[1.915707,41.406511],[1.915712,41.40651],[1.915717,41.406509],[1.915763,41.406502],[1.91578,41.4065],[1.915797,41.406498],[1.915806,41.406496],[1.915815,41.406495],[1.915826,41.406491],[1.915837,41.406487],[1.915849,41.406483],[1.91586,41.406479],[1.915871,41.406475],[1.915886,41.406471],[1.9159,41.406468],[1.915915,41.406465],[1.91593,41.406462],[1.915944,41.406459],[1.915959,41.406455],[1.915974,41.406451],[1.915989,41.406447],[1.916004,41.406443],[1.916019,41.406439],[1.916035,41.406434],[1.916051,41.406429],[1.916067,41.406424],[1.916083,41.406419],[1.916099,41.406414],[1.916115,41.406409],[1.916131,41.406405],[1.916148,41.4064],[1.916164,41.406395],[1.91618,41.40639],[1.916194,41.406385],[1.916208,41.406379],[1.916222,41.406373],[1.916236,41.406368],[1.91625,41.406362],[1.916263,41.406357],[1.916275,41.406352],[1.916288,41.406347],[1.9163,41.406343],[1.916313,41.406338],[1.916393,41.406307],[1.916399,41.406304],[1.916404,41.406302],[1.916408,41.406301],[1.916413,41.406298],[1.916418,41.406296],[1.916424,41.406294],[1.916431,41.406291],[1.916436,41.406289],[1.916441,41.406287],[1.916445,41.406286],[1.91645,41.406283],[1.916454,41.406282],[1.916461,41.406279],[1.916467,41.406277],[1.916472,41.406275],[1.91648,41.406272],[1.916486,41.40627],[1.91649,41.406269],[1.916497,41.406266],[1.916503,41.406264],[1.916508,41.406263],[1.916516,41.406261],[1.916521,41.40626],[1.916526,41.406259],[1.916533,41.406257],[1.916538,41.406255],[1.916543,41.406254],[1.916551,41.406252],[1.916556,41.40625],[1.91656,41.406249],[1.916567,41.406247],[1.916573,41.406245],[1.916578,41.406244],[1.916585,41.406242],[1.916591,41.40624],[1.916595,41.406239],[1.916601,41.406237],[1.916605,41.406236],[1.916613,41.406234],[1.916619,41.406232],[1.916624,41.40623],[1.916632,41.406228],[1.916637,41.406227],[1.916642,41.406226],[1.916649,41.406224],[1.916655,41.406222],[1.91666,41.406221],[1.916668,41.40622],[1.916674,41.406218],[1.916678,41.406217],[1.916685,41.406215],[1.916691,41.406214],[1.916694,41.406213],[1.916698,41.406213],[1.916703,41.406212],[1.916707,41.406211],[1.916712,41.40621],[1.916717,41.406209],[1.916724,41.406208],[1.916731,41.406206],[1.916736,41.406205],[1.916744,41.406204],[1.91675,41.406203],[1.916754,41.406202],[1.916761,41.406201],[1.916767,41.4062],[1.916772,41.406199],[1.91678,41.406199],[1.916786,41.406198],[1.91679,41.406197],[1.916797,41.406196],[1.916803,41.406195],[1.916807,41.406195],[1.916815,41.406194],[1.916821,41.406193],[1.916825,41.406193],[1.916832,41.406192],[1.916837,41.406191],[1.916841,41.406191],[1.916848,41.40619],[1.916854,41.406189],[1.916859,41.406189],[1.916865,41.406188],[1.91687,41.406187],[1.916874,41.406187],[1.91688,41.406186],[1.916886,41.406185],[1.91689,41.406185],[1.916898,41.406184],[1.916903,41.406183],[1.916906,41.406183],[1.916913,41.406182],[1.916919,41.406181],[1.916923,41.406181],[1.916931,41.40618],[1.916937,41.406179],[1.916941,41.406179],[1.916947,41.406178],[1.916953,41.406178],[1.916957,41.406177],[1.916965,41.406176],[1.916968,41.406176],[1.916972,41.406176],[1.916977,41.406175],[1.916985,41.406174],[1.916992,41.406173],[1.916996,41.406173],[1.917005,41.406172],[1.917009,41.406172],[1.917017,41.406171],[1.917025,41.406171],[1.917031,41.40617],[1.917036,41.40617],[1.917044,41.406169],[1.917051,41.406169],[1.917055,41.406169],[1.917062,41.406168],[1.917068,41.406167],[1.917073,41.406167],[1.917079,41.406166],[1.917084,41.406165],[1.917092,41.406164],[1.917097,41.406163],[1.917102,41.406163],[1.917109,41.406161],[1.917116,41.406161],[1.917121,41.40616],[1.917129,41.406159],[1.917135,41.406158],[1.91714,41.406157],[1.917148,41.406156],[1.917155,41.406155],[1.91716,41.406154],[1.917169,41.406153],[1.917175,41.406153],[1.917179,41.406152],[1.917187,41.406151],[1.917194,41.40615],[1.917199,41.406149],[1.917208,41.406149],[1.917214,41.406148],[1.917219,41.406148],[1.917226,41.406147],[1.917234,41.406146],[1.91724,41.406146],[1.917243,41.406146],[1.917249,41.406146],[1.917255,41.406145],[1.91726,41.406145],[1.917269,41.406144],[1.917276,41.406143],[1.917281,41.406143],[1.917289,41.406143],[1.917296,41.406143],[1.9173,41.406143],[1.917308,41.406142],[1.917315,41.406142],[1.91732,41.406142],[1.917327,41.406142],[1.917341,41.406142],[1.917357,41.406143],[1.91737,41.406144],[1.917382,41.406145],[1.917388,41.406146],[1.917393,41.406147],[1.9174,41.406147],[1.917406,41.406148],[1.91741,41.406149],[1.917417,41.40615],[1.917422,41.406151],[1.917426,41.406151],[1.917433,41.406153],[1.917439,41.406154],[1.917443,41.406155],[1.91745,41.406156],[1.917455,41.406157],[1.91746,41.406158],[1.917467,41.40616],[1.917473,41.406161],[1.917478,41.406161],[1.917485,41.406163],[1.917492,41.406164],[1.917497,41.406165],[1.917505,41.406167],[1.917511,41.406168],[1.917516,41.406169],[1.917523,41.406171],[1.917529,41.406172],[1.917534,41.406173],[1.917543,41.406174],[1.917546,41.406174],[1.917554,41.406175],[1.917561,41.406176],[1.917568,41.406177],[1.917573,41.406177],[1.917586,41.406178],[1.917601,41.406179],[1.917616,41.40618],[1.917632,41.406181],[1.917646,41.406182],[1.917659,41.406182],[1.917671,41.406182],[1.917676,41.406182],[1.917682,41.406182],[1.917687,41.406181],[1.917692,41.406181],[1.9177,41.406182],[1.917706,41.406181],[1.91771,41.406181],[1.917717,41.406181],[1.917723,41.406181],[1.917728,41.406181],[1.917736,41.406181],[1.917742,41.406181],[1.917746,41.406181],[1.917759,41.406181],[1.917772,41.406181],[1.917785,41.406182],[1.917799,41.406183],[1.917806,41.406183],[1.917812,41.406184],[1.917817,41.406184],[1.917824,41.406185],[1.917829,41.406186],[1.917833,41.406187],[1.91784,41.406188],[1.917845,41.406189],[1.917849,41.40619],[1.917856,41.406191],[1.917861,41.406192],[1.917865,41.406193],[1.917871,41.406194],[1.917876,41.406196],[1.91788,41.406197],[1.917886,41.406199],[1.917891,41.4062],[1.917895,41.406202],[1.917901,41.406204],[1.917905,41.406206],[1.917909,41.406208],[1.917915,41.406211],[1.91792,41.406213],[1.917924,41.406215],[1.917931,41.406218],[1.917937,41.40622],[1.91794,41.406222],[1.917947,41.406224],[1.917952,41.406226],[1.917956,41.406228],[1.917962,41.406231],[1.917967,41.406233],[1.917971,41.406235],[1.917978,41.406238],[1.917983,41.40624],[1.917987,41.406242],[1.917993,41.406245],[1.917998,41.406247],[1.918002,41.406248],[1.918007,41.406251],[1.918011,41.406252],[1.918017,41.406254],[1.918022,41.406257],[1.918027,41.406259],[1.91803,41.406261],[1.918034,41.406263],[1.918037,41.406265],[1.918043,41.406268],[1.918048,41.406271],[1.918052,41.406273],[1.918058,41.406276],[1.918062,41.406278],[1.918066,41.406281],[1.918072,41.406284],[1.918077,41.406287],[1.918081,41.40629],[1.918087,41.406293],[1.918092,41.406296],[1.918095,41.406298],[1.918101,41.406301],[1.918106,41.406303],[1.918109,41.406305],[1.918115,41.406309],[1.918121,41.406311],[1.918124,41.406313],[1.918129,41.406316],[1.918133,41.406318],[1.918136,41.40632],[1.918142,41.406323],[1.918146,41.406325],[1.91815,41.406327],[1.918154,41.40633],[1.918157,41.406332],[1.918184,41.406347],[1.918187,41.40635],[1.918191,41.406352],[1.918195,41.406356],[1.918198,41.406358],[1.918202,41.40636],[1.918204,41.406362],[1.918209,41.406366],[1.918212,41.406369],[1.918215,41.406371],[1.918219,41.406374],[1.918222,41.406377],[1.918225,41.40638],[1.91823,41.406384],[1.918233,41.406387],[1.918235,41.406389],[1.91824,41.406393],[1.918243,41.406396],[1.918245,41.406399],[1.918249,41.406403],[1.918252,41.406406],[1.918255,41.406409],[1.918259,41.406414],[1.918262,41.406418],[1.918265,41.40642],[1.918269,41.406425],[1.918272,41.406429],[1.918274,41.406431],[1.918278,41.406435],[1.918279,41.406436],[1.918281,41.406439],[1.918284,41.406442],[1.918287,41.406446],[1.91829,41.40645],[1.918293,41.406452],[1.918297,41.406457],[1.9183,41.40646],[1.918303,41.406462],[1.918307,41.406466],[1.91831,41.406469],[1.918313,41.406471],[1.918318,41.406475],[1.918322,41.406477],[1.918325,41.406479],[1.91833,41.406482],[1.918334,41.406485],[1.918337,41.406487],[1.918343,41.40649],[1.918347,41.406492],[1.91835,41.406494],[1.918356,41.406497],[1.918361,41.4065],[1.918364,41.406501],[1.918371,41.406504],[1.918376,41.406506],[1.91838,41.406507],[1.918387,41.40651],[1.918393,41.406512],[1.918396,41.406513],[1.918403,41.406516],[1.918409,41.406518],[1.918414,41.406519],[1.918422,41.406522],[1.918428,41.406524],[1.918432,41.406526],[1.918439,41.406529],[1.918444,41.406531],[1.918452,41.406534],[1.918456,41.406535],[1.918462,41.406538],[1.918466,41.406539],[1.918473,41.406542],[1.918478,41.406545],[1.918482,41.406546],[1.91849,41.406549],[1.918496,41.406551],[1.918501,41.406553],[1.918508,41.406556],[1.918514,41.406559],[1.918518,41.406561],[1.918524,41.406563],[1.918528,41.406565],[1.918536,41.406568],[1.918543,41.40657],[1.918549,41.406573],[1.918552,41.406575],[1.918558,41.406577],[1.918562,41.406578],[1.91857,41.406581],[1.918573,41.406583],[1.918576,41.406584],[1.918581,41.406586],[1.918588,41.406589],[1.918593,41.406592],[1.918598,41.406593],[1.918605,41.406596],[1.918611,41.406599],[1.918615,41.406601],[1.918621,41.406604],[1.918626,41.406606],[1.91863,41.406608],[1.918637,41.406611],[1.918642,41.406614],[1.918647,41.406615],[1.918654,41.406619],[1.918659,41.406621],[1.918663,41.406623],[1.918669,41.406626],[1.918674,41.406629],[1.918678,41.406631],[1.918685,41.406633],[1.91869,41.406636],[1.918694,41.406637],[1.9187,41.40664],[1.918704,41.406642],[1.918707,41.406644],[1.918714,41.406646],[1.918719,41.406649],[1.918722,41.40665],[1.918729,41.406653],[1.918733,41.406655],[1.918737,41.406657],[1.918742,41.40666],[1.918747,41.406663],[1.918751,41.406664],[1.918757,41.406667],[1.918761,41.406669],[1.918765,41.406671],[1.918771,41.406674],[1.918775,41.406677],[1.918778,41.406679],[1.918784,41.406682],[1.918789,41.406685],[1.918793,41.406687],[1.918798,41.406691],[1.918802,41.406693],[1.918806,41.406695],[1.918811,41.406699],[1.918816,41.406702],[1.918819,41.406704],[1.918825,41.406708],[1.91883,41.406711],[1.918833,41.406713],[1.91884,41.406717],[1.918845,41.40672],[1.918849,41.406722],[1.918854,41.406725],[1.918859,41.406728],[1.918863,41.40673],[1.918869,41.406734],[1.918874,41.406737],[1.918879,41.406739],[1.918885,41.406743],[1.91889,41.406745],[1.918894,41.406747],[1.9189,41.406751],[1.918905,41.406754],[1.918912,41.406757],[1.918916,41.406759],[1.918921,41.406762],[1.918925,41.406764],[1.918931,41.406767],[1.918937,41.40677],[1.918941,41.406772],[1.918948,41.406776],[1.918953,41.406779],[1.918957,41.406781],[1.918963,41.406783],[1.918967,41.406785],[1.918973,41.406789],[1.918978,41.406791],[1.918982,41.406793],[1.91899,41.406797],[1.918995,41.406799],[1.919,41.406801],[1.919006,41.406804],[1.919012,41.406807],[1.919016,41.406808],[1.919023,41.406811],[1.91903,41.406814],[1.919034,41.406816],[1.91904,41.406819],[1.919045,41.406821],[1.919049,41.406823],[1.919056,41.406827],[1.919062,41.406829],[1.919067,41.40683],[1.919074,41.406833],[1.91908,41.406834],[1.919083,41.406835],[1.919091,41.406837],[1.919097,41.406839],[1.919102,41.40684],[1.91911,41.406842],[1.919116,41.406843],[1.91912,41.406844],[1.919128,41.406845],[1.919134,41.406846],[1.919139,41.406847],[1.919147,41.406848],[1.919153,41.406849],[1.919166,41.40685],[1.919181,41.40685],[1.919193,41.40685],[1.919205,41.40685],[1.919221,41.40685],[1.91923,41.406851],[1.919237,41.40685],[1.919245,41.40685],[1.919251,41.40685],[1.919257,41.406849],[1.919265,41.406848],[1.919271,41.406848],[1.919276,41.406847],[1.919284,41.406846],[1.91929,41.406846],[1.919295,41.406845],[1.919303,41.406844],[1.919309,41.406844],[1.919313,41.406843],[1.91932,41.406841],[1.919326,41.40684],[1.91933,41.40684],[1.919336,41.406838],[1.919342,41.406837],[1.919346,41.406836],[1.919352,41.406834],[1.919357,41.406833],[1.919361,41.406832],[1.919367,41.40683],[1.919373,41.406828],[1.919377,41.406827],[1.919384,41.406825],[1.919389,41.406824],[1.919392,41.406822],[1.919398,41.40682],[1.919403,41.406818],[1.919407,41.406817],[1.919414,41.406815],[1.919419,41.406813],[1.919423,41.406811],[1.919429,41.406809],[1.919434,41.406807],[1.919437,41.406805],[1.919443,41.406802],[1.919448,41.4068],[1.919452,41.406798],[1.919457,41.406796],[1.919461,41.406794],[1.919467,41.40679],[1.919471,41.406788],[1.919475,41.406786],[1.91948,41.406783],[1.919485,41.40678],[1.919489,41.406778],[1.919495,41.406775],[1.9195,41.406772],[1.919503,41.40677],[1.919508,41.406767],[1.919513,41.406765],[1.919516,41.406763],[1.919522,41.406759],[1.919527,41.406757],[1.919531,41.406755],[1.919538,41.406752],[1.919543,41.40675],[1.919547,41.406748],[1.919553,41.406744],[1.919559,41.406742],[1.919563,41.406741],[1.91957,41.406738],[1.919575,41.406737],[1.919578,41.406735],[1.919584,41.406733],[1.919589,41.406732],[1.919593,41.406731],[1.9196,41.406729],[1.919605,41.406728],[1.919609,41.406727],[1.919614,41.406725],[1.919618,41.406725],[1.919623,41.406724],[1.919628,41.406723],[1.919633,41.406722],[1.919637,41.406721],[1.919644,41.406719],[1.91965,41.406718],[1.919653,41.406717],[1.91966,41.406715],[1.919665,41.406714],[1.919668,41.406713],[1.919675,41.40671],[1.919681,41.406709],[1.919685,41.406708],[1.919692,41.406706],[1.919697,41.406704],[1.919701,41.406703],[1.919707,41.406702],[1.919713,41.4067],[1.919717,41.406699],[1.919725,41.406697],[1.919731,41.406696],[1.919735,41.406694],[1.919741,41.406693],[1.919746,41.406691],[1.919751,41.40669],[1.919759,41.406688],[1.919765,41.406687],[1.919769,41.406685],[1.919776,41.406683],[1.919781,41.406682],[1.919785,41.406681],[1.919791,41.406679],[1.919797,41.406677],[1.919802,41.406676],[1.919808,41.406674],[1.919814,41.406673],[1.919818,41.406672],[1.919824,41.406669],[1.91983,41.406668],[1.919834,41.406667],[1.919838,41.406665],[1.919842,41.406664],[1.919846,41.406664],[1.919851,41.406662],[1.919856,41.40666],[1.91986,41.406659],[1.919865,41.406657],[1.919869,41.406656],[1.919874,41.406655],[1.919878,41.406654],[1.919884,41.406652],[1.91989,41.406651],[1.919894,41.40665],[1.919898,41.406649],[1.919904,41.406648],[1.919909,41.406646],[1.919913,41.406646],[1.91992,41.406645],[1.919926,41.406644],[1.91993,41.406643],[1.919936,41.406642],[1.919941,41.406642],[1.919945,41.406641],[1.919953,41.40664],[1.919958,41.40664],[1.919962,41.40664],[1.919969,41.406639],[1.919974,41.406639],[1.919978,41.406639],[1.919991,41.406639],[1.920003,41.40664],[1.920015,41.40664],[1.920027,41.406641],[1.92004,41.406642],[1.920055,41.406643],[1.920067,41.406643],[1.920072,41.406644],[1.920078,41.406645],[1.920084,41.406646],[1.920087,41.406647],[1.920094,41.406648],[1.9201,41.406649],[1.920105,41.40665],[1.920112,41.406652],[1.920118,41.406653],[1.920122,41.406654],[1.920128,41.406657],[1.920134,41.406659],[1.920138,41.40666],[1.920146,41.406663],[1.920152,41.406665],[1.920156,41.406666],[1.920163,41.406668],[1.920168,41.406671],[1.920172,41.406672],[1.920179,41.406675],[1.920185,41.406677],[1.920189,41.406678],[1.920196,41.40668],[1.920201,41.406682],[1.920205,41.406683],[1.920211,41.406685],[1.920217,41.406687],[1.920221,41.406688],[1.920229,41.40669],[1.920234,41.406692],[1.920237,41.406694],[1.920244,41.406696],[1.920249,41.406698],[1.920253,41.406699],[1.920259,41.406701],[1.920263,41.406702],[1.92027,41.406705],[1.920276,41.406707],[1.920282,41.406708],[1.920286,41.406709],[1.920291,41.406711],[1.920295,41.406712],[1.920301,41.406713],[1.920357,41.406728],[1.920363,41.40673],[1.920368,41.406732],[1.920376,41.406734],[1.920381,41.406736],[1.920386,41.406739],[1.92039,41.40674],[1.920398,41.406743],[1.920405,41.406746],[1.920409,41.406748],[1.920415,41.406751],[1.920422,41.406755],[1.920427,41.406758],[1.920431,41.40676],[1.920439,41.406763],[1.920444,41.406766],[1.920448,41.406768],[1.920454,41.406771],[1.920458,41.406774],[1.920462,41.406776],[1.920466,41.40678],[1.920469,41.406783],[1.920472,41.406786],[1.920475,41.406791],[1.920477,41.406795],[1.920478,41.406797],[1.920479,41.406801],[1.920479,41.406805],[1.920479,41.406808],[1.920477,41.406813],[1.920475,41.406817],[1.920473,41.40682],[1.92047,41.406823],[1.920468,41.406826],[1.920464,41.40683],[1.920461,41.406833],[1.920458,41.406836],[1.920454,41.40684],[1.92045,41.406844],[1.920447,41.406847],[1.920442,41.406852],[1.920438,41.406856],[1.920436,41.406858],[1.920431,41.406862],[1.920427,41.406866],[1.920424,41.406869],[1.920419,41.406874],[1.920416,41.406878],[1.920413,41.406881],[1.920409,41.406885],[1.920407,41.406889],[1.920406,41.406892],[1.920405,41.406897],[1.920404,41.406901],[1.920404,41.406904],[1.920404,41.406909],[1.920405,41.406913],[1.920406,41.406916],[1.920408,41.406921],[1.92041,41.406925],[1.920412,41.406928],[1.920415,41.406933],[1.920418,41.406938],[1.92042,41.406941],[1.920422,41.406946],[1.920425,41.40695],[1.920426,41.406954],[1.920428,41.40696],[1.920429,41.406965],[1.92043,41.406968],[1.920432,41.406974],[1.920433,41.406978],[1.920434,41.406981],[1.920434,41.406987],[1.920435,41.406992],[1.920435,41.406996],[1.920435,41.407002],[1.920435,41.407006],[1.920435,41.40701],[1.920435,41.407016],[1.920435,41.407021],[1.920435,41.407025],[1.920435,41.40703],[1.920435,41.407034],[1.920434,41.407038],[1.920433,41.407044],[1.920433,41.407048],[1.920433,41.407052],[1.920433,41.407057],[1.920433,41.407061],[1.920433,41.407065],[1.920432,41.40707],[1.920432,41.407074],[1.920432,41.407079],[1.920432,41.407084],[1.920432,41.407088],[1.920432,41.407092],[1.920432,41.407095],[1.920432,41.407099],[1.920432,41.407103],[1.920432,41.407109],[1.920431,41.407114],[1.920431,41.407117],[1.920431,41.407122],[1.920431,41.407126],[1.920432,41.40713],[1.920433,41.407136],[1.920435,41.407141],[1.920436,41.407144],[1.920437,41.407149],[1.920438,41.407154],[1.920439,41.407158],[1.92044,41.407164],[1.920441,41.407169],[1.920442,41.407173],[1.920443,41.407177],[1.920443,41.407181],[1.920445,41.407187],[1.920446,41.407191],[1.920447,41.407195],[1.920449,41.407201],[1.92045,41.407205],[1.920451,41.407209],[1.920452,41.407214],[1.920454,41.407219],[1.920454,41.407222],[1.920455,41.407228],[1.920456,41.407232],[1.920456,41.407237],[1.920457,41.40724],[1.920458,41.407244],[1.920459,41.407247],[1.920461,41.407253],[1.920463,41.407258],[1.920464,41.407262],[1.920467,41.407267],[1.920468,41.407272],[1.92047,41.407275],[1.920473,41.407281],[1.920474,41.407284],[1.920477,41.407289],[1.92048,41.407294],[1.920482,41.407299],[1.920484,41.407302],[1.920487,41.407307],[1.92049,41.407311],[1.920492,41.407314],[1.920495,41.407319],[1.920498,41.407323],[1.920501,41.407327],[1.920502,41.407329],[1.920505,41.407333],[1.920507,41.407335],[1.92051,41.407339],[1.920512,41.407342],[1.920514,41.407345],[1.920517,41.407349],[1.92052,41.407352],[1.920522,41.407355],[1.920525,41.407359],[1.920528,41.407362],[1.920531,41.407366],[1.920533,41.407368],[1.920536,41.407372],[1.920539,41.407374],[1.920541,41.407377],[1.920545,41.40738],[1.920548,41.407384],[1.920551,41.407387],[1.920554,41.40739],[1.920556,41.407393],[1.92056,41.407396],[1.920564,41.407398],[1.920568,41.407401],[1.920573,41.407405],[1.920577,41.407407],[1.92058,41.407409],[1.920585,41.407412],[1.920588,41.407414],[1.920593,41.407417],[1.920598,41.40742],[1.920602,41.407422],[1.920605,41.407424],[1.920611,41.407427],[1.920615,41.407429],[1.920619,41.407432],[1.920625,41.407436],[1.92063,41.407439],[1.920633,41.40744],[1.920639,41.407444],[1.920643,41.407446],[1.920646,41.407447],[1.920651,41.407449],[1.920654,41.407451],[1.920659,41.407453],[1.920663,41.407455],[1.920667,41.407458],[1.920668,41.407458],[1.920671,41.407461],[1.920674,41.407465],[1.920678,41.407468],[1.920681,41.407471],[1.920683,41.407474],[1.920687,41.407478],[1.92069,41.40748],[1.920693,41.407483],[1.920697,41.407486],[1.920699,41.407489],[1.920703,41.407493],[1.920706,41.407496],[1.92071,41.4075],[1.920714,41.407503],[1.920718,41.407506],[1.92072,41.407508],[1.920725,41.407513],[1.920729,41.407516],[1.920732,41.407518],[1.920737,41.407522],[1.920741,41.407524],[1.920743,41.407526],[1.920747,41.407529],[1.92075,41.407531],[1.920754,41.407534],[1.920758,41.407537],[1.920762,41.40754],[1.92077,41.407546],[1.92078,41.407553],[1.920794,41.407565],[1.920799,41.40757],[1.920804,41.407575],[1.920808,41.407579],[1.920811,41.407582],[1.920817,41.407586],[1.920821,41.40759],[1.920824,41.407593],[1.920826,41.407595],[1.920829,41.407598],[1.920833,41.407602],[1.920833,41.407603],[1.920919,41.407722],[1.92092,41.407725],[1.920923,41.407729],[1.920927,41.407734],[1.92093,41.407739],[1.920932,41.407743],[1.920934,41.407746],[1.920936,41.407751],[1.920937,41.407756],[1.920938,41.407758],[1.92094,41.407763],[1.920942,41.407767],[1.920943,41.40777],[1.920945,41.407776],[1.920947,41.407781],[1.920948,41.407784],[1.92095,41.407789],[1.920952,41.407793],[1.920953,41.407796],[1.920955,41.407801],[1.920957,41.407805],[1.920958,41.407808],[1.92096,41.407813],[1.920961,41.407817],[1.920961,41.40782],[1.920963,41.407825],[1.920964,41.407829],[1.920965,41.407832],[1.920966,41.407837],[1.920967,41.407841],[1.920968,41.407845],[1.920969,41.407849],[1.92097,41.407853],[1.92097,41.407857],[1.920971,41.407861],[1.920971,41.407864],[1.920972,41.407868],[1.920973,41.407872],[1.920974,41.407875],[1.920974,41.407878],[1.920976,41.407882],[1.920977,41.407886],[1.920977,41.407889],[1.920978,41.407892],[1.920979,41.407896],[1.920981,41.4079],[1.920982,41.407903],[1.920984,41.407907],[1.920985,41.40791],[1.920986,41.407913],[1.920987,41.407916],[1.920988,41.40792],[1.92099,41.407923],[1.920991,41.407927],[1.920993,41.407931],[1.920995,41.407934],[1.920996,41.407937],[1.920998,41.407942],[1.920999,41.407945],[1.921001,41.407948],[1.921002,41.407951],[1.921003,41.407954],[1.921004,41.407957],[1.921005,41.407959],[1.921007,41.407963],[1.921009,41.407966],[1.92101,41.407969],[1.921012,41.407973],[1.921014,41.407975],[1.921016,41.407979],[1.921018,41.407982],[1.92102,41.407987],[1.921022,41.407991],[1.921024,41.407994],[1.921025,41.407996],[1.921027,41.408001],[1.921029,41.408005],[1.921031,41.408008],[1.921034,41.408012],[1.921036,41.408016],[1.921039,41.40802],[1.92104,41.408023],[1.921042,41.408026],[1.921044,41.408029],[1.921047,41.408034],[1.921049,41.408039],[1.921051,41.408042],[1.921054,41.408047],[1.921057,41.40805],[1.921058,41.408053],[1.921061,41.408057],[1.921064,41.408061],[1.921065,41.408064],[1.921069,41.408069],[1.921071,41.408073],[1.921073,41.408075],[1.921075,41.408079],[1.921077,41.408083],[1.921078,41.408086],[1.921081,41.408091],[1.921083,41.408095],[1.921084,41.408098],[1.921086,41.408102],[1.921087,41.408106],[1.921089,41.40811],[1.921091,41.408113],[1.921107,41.408145],[1.921109,41.40815],[1.92111,41.408152],[1.921111,41.408156],[1.921112,41.408159],[1.921114,41.408163],[1.921116,41.408166],[1.921118,41.40817],[1.92112,41.408174],[1.921123,41.408178],[1.921125,41.408183],[1.921127,41.408187],[1.921128,41.40819],[1.92113,41.408194],[1.921132,41.408197],[1.921133,41.4082],[1.921136,41.408205],[1.921138,41.408209],[1.921139,41.408212],[1.921141,41.408217],[1.921143,41.408221],[1.921144,41.408224],[1.921147,41.408229],[1.921149,41.408233],[1.921151,41.408236],[1.921153,41.40824],[1.921155,41.408243],[1.921158,41.408247],[1.92116,41.40825],[1.921162,41.408253],[1.921165,41.408258],[1.921167,41.408262],[1.921168,41.408265],[1.921171,41.408269],[1.921173,41.408273],[1.921174,41.408275],[1.921177,41.40828],[1.921179,41.408284],[1.921181,41.408287],[1.921184,41.408293],[1.921187,41.408297],[1.921189,41.4083],[1.921192,41.408305],[1.921195,41.408309],[1.921198,41.408312],[1.921213,41.408335],[1.921214,41.408336],[1.921216,41.408339],[1.92122,41.408345],[1.921223,41.40835],[1.921225,41.408353],[1.921225,41.408353],[1.921226,41.408356],[1.921229,41.408359],[1.921231,41.408362],[1.921235,41.408367],[1.921237,41.40837],[1.921239,41.408374],[1.921241,41.408376],[1.921242,41.408379],[1.921245,41.408382],[1.921246,41.408385],[1.921249,41.408389],[1.921251,41.408393],[1.921254,41.408396],[1.921258,41.408402],[1.921261,41.408407],[1.921263,41.408411],[1.921265,41.408414],[1.921267,41.408418],[1.921269,41.40842],[1.921273,41.408426],[1.921276,41.408432],[1.921278,41.408437],[1.92128,41.408441],[1.921282,41.408443],[1.921284,41.408447],[1.921286,41.408452],[1.921289,41.408455],[1.921292,41.408461],[1.921294,41.408466],[1.921296,41.408469],[1.921299,41.408475],[1.921301,41.408479],[1.921302,41.408482],[1.921305,41.408486],[1.921307,41.408489],[1.921309,41.408492],[1.921312,41.408496],[1.921313,41.4085],[1.921315,41.408503],[1.921317,41.408508],[1.921318,41.408511],[1.92132,41.408514],[1.921321,41.408518],[1.921322,41.408522],[1.921322,41.408527],[1.921323,41.40853],[1.921323,41.408533],[1.921323,41.408536],[1.921322,41.40854],[1.921322,41.408543],[1.921322,41.408547],[1.921321,41.408552],[1.92132,41.408555],[1.921319,41.408559],[1.921318,41.408564],[1.921317,41.408567],[1.921316,41.408571],[1.921314,41.408575],[1.921313,41.408578],[1.921312,41.408581],[1.921311,41.408586],[1.921311,41.408589],[1.92131,41.408593],[1.921323,41.40862],[1.921367,41.408639],[1.921392,41.408686],[1.921397,41.408694],[1.921408,41.408708],[1.921426,41.408727],[1.921434,41.408737],[1.921441,41.408747],[1.921444,41.408752],[1.921446,41.408758],[1.92145,41.408772],[1.921453,41.408798],[1.921456,41.408811],[1.921468,41.408847],[1.921474,41.408864],[1.921483,41.408881],[1.921488,41.408889],[1.921509,41.408917],[1.921525,41.408935],[1.921557,41.408969],[1.921594,41.409005],[1.921612,41.409023],[1.921628,41.409036],[1.921639,41.409045],[1.921662,41.409061],[1.92167,41.409066],[1.921685,41.409075],[1.921702,41.409082],[1.921714,41.409087],[1.921738,41.409095],[1.921747,41.409097],[1.921764,41.409101],[1.921781,41.409103],[1.921792,41.409104],[1.921815,41.409104],[1.921851,41.409101],[1.921869,41.409099],[1.921896,41.409094],[1.921922,41.409087],[1.921935,41.409083],[1.921974,41.409069],[1.921998,41.409059],[1.922046,41.409037],[1.922092,41.409015],[1.922115,41.409004],[1.922148,41.408986],[1.922173,41.40897],[1.922188,41.408959],[1.922219,41.408937],[1.922244,41.408918],[1.922256,41.408908],[1.922273,41.408892],[1.922287,41.408876],[1.922304,41.408854],[1.922313,41.408843],[1.922349,41.408803],[1.922353,41.408797],[1.922359,41.408785],[1.92237,41.408759],[1.922377,41.408747],[1.922409,41.408698],[1.922441,41.408647],[1.922453,41.408626],[1.922468,41.408597],[1.922477,41.408583],[1.922514,41.408531],[1.922556,41.408471],[1.922592,41.408421],[1.922629,41.408371],[1.922654,41.408353],[1.922656,41.40835],[1.922658,41.408348],[1.922661,41.408344],[1.922663,41.408341],[1.922665,41.408339],[1.922668,41.408335],[1.922671,41.408331],[1.922673,41.408329],[1.922675,41.408324],[1.922678,41.40832],[1.92268,41.408317],[1.922684,41.408312],[1.922687,41.408308],[1.922689,41.408305],[1.922694,41.4083],[1.922696,41.408296],[1.922698,41.408293],[1.922701,41.408289],[1.922702,41.408287],[1.922704,41.408284],[1.922706,41.408282],[1.92271,41.408278],[1.922714,41.408274],[1.922716,41.408271],[1.922721,41.408267],[1.922724,41.408263],[1.922727,41.40826],[1.922732,41.408254],[1.922735,41.408251],[1.922739,41.408247],[1.922744,41.408242],[1.922747,41.408238],[1.92275,41.408235],[1.922754,41.408231],[1.922758,41.408227],[1.922761,41.408224],[1.922766,41.408218],[1.922769,41.408214],[1.922772,41.408211],[1.922777,41.408206],[1.922781,41.408201],[1.922784,41.408198],[1.922789,41.408193],[1.922793,41.408189],[1.922796,41.408186],[1.922801,41.408181],[1.922806,41.408177],[1.922809,41.408174],[1.922816,41.408169],[1.922818,41.408167],[1.922821,41.408165],[1.922825,41.408163],[1.922832,41.408158],[1.922837,41.408155],[1.92284,41.408152],[1.922846,41.408148],[1.922852,41.408145],[1.922855,41.408143],[1.922862,41.40814],[1.922867,41.408137],[1.922871,41.408135],[1.922876,41.408132],[1.92288,41.408129],[1.922886,41.408125],[1.922889,41.408123],[1.922891,41.408121],[1.922896,41.408118],[1.922899,41.408116],[1.922903,41.408113],[1.922906,41.408111],[1.922908,41.40811],[1.922912,41.408107],[1.922918,41.408102],[1.922923,41.408098],[1.922926,41.408095],[1.922929,41.408093],[1.922933,41.40809],[1.922936,41.408088],[1.922939,41.408087],[1.922943,41.408084],[1.922949,41.408079],[1.922954,41.408076],[1.922958,41.408074],[1.922964,41.408069],[1.922967,41.408068],[1.92297,41.408066],[1.922974,41.408063],[1.922978,41.408062],[1.922982,41.408059],[1.922985,41.408057],[1.922992,41.408054],[1.922999,41.40805],[1.923004,41.408048],[1.923008,41.408045],[1.923014,41.408042],[1.923019,41.40804],[1.923023,41.408038],[1.923029,41.408036],[1.923034,41.408034],[1.923037,41.408032],[1.923042,41.40803],[1.923046,41.408028],[1.923049,41.408026],[1.923054,41.408024],[1.923057,41.408021],[1.923062,41.408019],[1.923066,41.408016],[1.92307,41.408013],[1.923073,41.40801],[1.923076,41.408008],[1.923079,41.408005],[1.923081,41.408002],[1.923083,41.407999],[1.923086,41.407996],[1.923089,41.407993],[1.923092,41.40799],[1.923095,41.407988],[1.923097,41.407985],[1.923105,41.407976],[1.923109,41.407973],[1.923111,41.407971],[1.923115,41.407968],[1.923119,41.407966],[1.923122,41.407964],[1.923128,41.407961],[1.923133,41.40796],[1.923138,41.407958],[1.923141,41.407956],[1.923147,41.407954],[1.923152,41.407953],[1.923156,41.407951],[1.923162,41.407949],[1.923167,41.407946],[1.92317,41.407945],[1.923176,41.407941],[1.923181,41.407939],[1.923185,41.407937],[1.923191,41.407933],[1.923195,41.407931],[1.923199,41.407928],[1.923204,41.407925],[1.923209,41.407922],[1.923212,41.40792],[1.923218,41.407917],[1.923224,41.407914],[1.923228,41.407912],[1.923234,41.407909],[1.923238,41.407906],[1.923242,41.407904],[1.923248,41.4079],[1.923253,41.407897],[1.923257,41.407895],[1.923263,41.407892],[1.923268,41.407889],[1.923272,41.407887],[1.923277,41.407884],[1.923282,41.407881],[1.923285,41.407879],[1.923291,41.407875],[1.923296,41.407872],[1.9233,41.40787],[1.923306,41.407866],[1.92331,41.407863],[1.923313,41.407862],[1.923318,41.407858],[1.923323,41.407856],[1.923326,41.407854],[1.92333,41.407852],[1.923334,41.40785],[1.923337,41.407848],[1.923342,41.407845],[1.923346,41.407843],[1.923349,41.407842],[1.923354,41.407839],[1.923359,41.407837],[1.923362,41.407836],[1.923369,41.407833],[1.923375,41.407831],[1.92338,41.40783],[1.923387,41.407827],[1.923392,41.407826],[1.923397,41.407825],[1.923403,41.407824],[1.923409,41.407823],[1.923414,41.407823],[1.923421,41.407822],[1.923427,41.407822],[1.923431,41.407822],[1.923438,41.407821],[1.923444,41.407821],[1.923449,41.407821],[1.923457,41.407821],[1.923463,41.40782],[1.923468,41.40782],[1.923475,41.407819],[1.923481,41.407819],[1.923485,41.407819],[1.923498,41.40782],[1.923512,41.407821],[1.923518,41.407821],[1.923525,41.407823],[1.92353,41.407824],[1.923535,41.407825],[1.923542,41.407827],[1.923547,41.407829],[1.923551,41.407831],[1.923557,41.407834],[1.923563,41.407836],[1.923567,41.407839],[1.923572,41.407842],[1.923576,41.407844],[1.923583,41.407848],[1.923588,41.407852],[1.923592,41.407854],[1.923595,41.407856],[1.923599,41.407859],[1.923602,41.407861],[1.923605,41.407863],[1.923612,41.407867],[1.923616,41.40787],[1.923621,41.407874],[1.923625,41.407877],[1.923627,41.407879],[1.923631,41.407882],[1.923636,41.407886],[1.92364,41.407888],[1.923643,41.40789],[1.923647,41.407893],[1.92365,41.407896],[1.923653,41.407898],[1.923656,41.4079],[1.923663,41.407905],[1.923667,41.407909],[1.923671,41.407911],[1.923676,41.407916],[1.923681,41.407919],[1.923685,41.407922],[1.923691,41.407927],[1.923696,41.407931],[1.923699,41.407933],[1.923705,41.407938],[1.923709,41.407942],[1.923712,41.407945],[1.923715,41.407947],[1.923719,41.40795],[1.923722,41.407952],[1.923724,41.407954],[1.923728,41.407957],[1.923734,41.407962],[1.923736,41.407964],[1.923739,41.407966],[1.923742,41.40797],[1.923748,41.407975],[1.92375,41.407977],[1.923753,41.407979],[1.923756,41.407982],[1.923759,41.407984],[1.923763,41.407987],[1.923767,41.407991],[1.92377,41.407994],[1.923775,41.407998],[1.923778,41.408002],[1.923782,41.408005],[1.923786,41.408009],[1.92379,41.408013],[1.923793,41.408015],[1.923797,41.408019],[1.923801,41.408022],[1.923804,41.408025],[1.923808,41.408029],[1.923812,41.408033],[1.923815,41.408035],[1.92382,41.40804],[1.923824,41.408044],[1.923827,41.408046],[1.923832,41.408051],[1.923835,41.408055],[1.923838,41.408057],[1.923843,41.408062],[1.923846,41.408066],[1.923849,41.408069],[1.923852,41.408074],[1.923855,41.408078],[1.923857,41.40808],[1.923861,41.408085],[1.923863,41.408089],[1.923865,41.408091],[1.92387,41.408096],[1.923873,41.4081],[1.923876,41.408102],[1.923881,41.408107],[1.923885,41.40811],[1.923888,41.408113],[1.923893,41.408118],[1.923898,41.408121],[1.923901,41.408124],[1.923907,41.408128],[1.923912,41.408132],[1.923916,41.408134],[1.923922,41.408138],[1.923927,41.408141],[1.92393,41.408144],[1.923936,41.408148],[1.923941,41.408151],[1.923945,41.408153],[1.923951,41.408156],[1.923955,41.408158],[1.923961,41.408161],[1.923966,41.408164],[1.92397,41.408166],[1.923976,41.408169],[1.923982,41.408172],[1.923987,41.408174],[1.923994,41.408178],[1.923999,41.40818],[1.924003,41.408182],[1.92401,41.408185],[1.924015,41.408188],[1.924019,41.40819],[1.924026,41.408193],[1.924031,41.408195],[1.924035,41.408197],[1.92404,41.408199],[1.924045,41.408201],[1.92405,41.408202],[1.924054,41.408203],[1.924058,41.408205],[1.924064,41.408207],[1.924068,41.408208],[1.924073,41.40821],[1.924076,41.408212],[1.924083,41.408214],[1.924088,41.408217],[1.924093,41.408219],[1.924096,41.40822],[1.924101,41.408222],[1.924104,41.408224],[1.924112,41.408227],[1.92412,41.40823],[1.924126,41.408232],[1.924131,41.408233],[1.924135,41.408235],[1.92414,41.408236],[1.924144,41.408238],[1.924147,41.408239],[1.924152,41.40824],[1.92416,41.408243],[1.924166,41.408244],[1.924171,41.408246],[1.924174,41.408247],[1.924179,41.408249],[1.924185,41.408251],[1.92419,41.408252],[1.924197,41.408254],[1.924202,41.408256],[1.924206,41.408257],[1.924214,41.408259],[1.92422,41.408261],[1.924225,41.408262],[1.924231,41.408264],[1.924237,41.408266],[1.924241,41.408268],[1.924248,41.40827],[1.924254,41.408271],[1.924258,41.408273],[1.924265,41.408275],[1.92427,41.408277],[1.924274,41.408278],[1.92428,41.40828],[1.924286,41.408283],[1.924291,41.408285],[1.924296,41.408286],[1.924303,41.408289],[1.924308,41.408291],[1.924312,41.408293],[1.924318,41.408295],[1.924323,41.408296],[1.92433,41.408298],[1.924338,41.4083],[1.924343,41.408302],[1.924347,41.408303],[1.924351,41.408304],[1.924357,41.408306],[1.924364,41.408308],[1.92437,41.408309],[1.924375,41.408311],[1.924381,41.408313],[1.924387,41.408314],[1.924391,41.408315],[1.924398,41.408317],[1.924404,41.408319],[1.924408,41.408321],[1.924415,41.408323],[1.924446,41.408335],[1.924449,41.408336],[1.924453,41.408338],[1.924458,41.408341],[1.924462,41.408343],[1.924466,41.408345],[1.924471,41.408348],[1.924475,41.408351],[1.924478,41.408353],[1.924479,41.408353],[1.924482,41.408356],[1.924486,41.408359],[1.924489,41.408361],[1.924493,41.408364],[1.924496,41.408367],[1.924498,41.40837],[1.924503,41.408374],[1.924506,41.408377],[1.924508,41.40838],[1.92451,41.408382],[1.92454,41.408438],[1.924543,41.408446],[1.924545,41.408452],[1.924547,41.408463],[1.924548,41.408481],[1.924549,41.408504],[1.924549,41.408516],[1.924555,41.408592],[1.924558,41.40863],[1.924561,41.408647],[1.924563,41.408659],[1.92457,41.408682],[1.924592,41.40875],[1.924598,41.408773],[1.9246,41.408784],[1.924602,41.408826],[1.924605,41.408855],[1.924608,41.408869],[1.924612,41.408884],[1.924615,41.408891],[1.924619,41.408901],[1.924631,41.408921],[1.924644,41.408941],[1.924674,41.408978],[1.924695,41.409003],[1.924723,41.409035],[1.924737,41.409051],[1.92475,41.409063],[1.924768,41.409078],[1.924776,41.409086],[1.924781,41.409091],[1.92479,41.409103],[1.924806,41.409127],[1.924816,41.409138],[1.924829,41.409148],[1.924855,41.409166],[1.92491,41.409201],[1.924936,41.40922],[1.924948,41.409228],[1.924969,41.409247],[1.925013,41.409284],[1.925036,41.409301],[1.925045,41.409307],[1.925064,41.409317],[1.925084,41.409326],[1.925098,41.409331],[1.925127,41.409339],[1.925136,41.409341],[1.925143,41.409342],[1.925157,41.409342],[1.925185,41.409342],[1.925198,41.409343],[1.92521,41.409346],[1.925216,41.409348],[1.925277,41.409377],[1.925369,41.409422],[1.925415,41.409444],[1.925432,41.409453],[1.925465,41.409471],[1.925528,41.40951],[1.925561,41.409527],[1.925611,41.40955],[1.925677,41.40958],[1.92571,41.409595],[1.925855,41.409671],[1.925941,41.409715],[1.926001,41.409745],[1.92603,41.409761],[1.926057,41.409779],[1.92607,41.409789],[1.926077,41.409796],[1.926081,41.409801],[1.926087,41.409811],[1.926101,41.409844],[1.926106,41.409855],[1.926109,41.40986],[1.92612,41.409874],[1.926134,41.409892],[1.926141,41.409902],[1.926158,41.409929],[1.926165,41.409943],[1.926175,41.409964],[1.926196,41.410017],[1.926216,41.410069],[1.926217,41.410074],[1.926219,41.410084],[1.926217,41.410114],[1.926215,41.410139],[1.926214,41.410152],[1.92621,41.410171],[1.926208,41.410176],[1.926201,41.410185],[1.926183,41.410201],[1.926178,41.410207],[1.926176,41.41021],[1.926163,41.410237],[1.926157,41.41025],[1.926151,41.41027],[1.92615,41.410284],[1.92615,41.410291],[1.926151,41.4103],[1.926156,41.410319],[1.92616,41.410329],[1.926166,41.410343],[1.926177,41.410364],[1.926208,41.41041],[1.926236,41.410453],[1.92625,41.410471],[1.926271,41.410493],[1.926281,41.410505],[1.926314,41.410546],[1.926352,41.410591],[1.926356,41.410596],[1.926366,41.410605],[1.926389,41.410622],[1.926399,41.410631],[1.926404,41.410636],[1.926413,41.410647],[1.926429,41.410669],[1.926439,41.410679],[1.92645,41.410687],[1.926465,41.410698],[1.926472,41.410703],[1.926492,41.410718],[1.926499,41.410727],[1.926507,41.41074],[1.926516,41.410756],[1.926521,41.410765],[1.926545,41.410803],[1.926554,41.41082],[1.926557,41.410828],[1.926561,41.410841],[1.926562,41.41085],[1.926561,41.410862],[1.926561,41.410868],[1.926562,41.410886],[1.926564,41.410896],[1.926569,41.410906],[1.926584,41.410926],[1.926602,41.410948],[1.926612,41.410965],[1.926623,41.410987],[1.92663,41.410998],[1.926649,41.41102],[1.926675,41.411048],[1.926688,41.411062],[1.926703,41.411084],[1.926716,41.411104],[1.926723,41.411114],[1.926735,41.411128],[1.926779,41.41117],[1.9268,41.411191],[1.926851,41.41124],[1.926862,41.411252],[1.926881,41.411279],[1.92689,41.411293],[1.926902,41.411313],[1.926909,41.411323],[1.926963,41.411386],[1.927003,41.411432],[1.92702,41.411449],[1.927022,41.411451],[1.927046,41.411473],[1.927059,41.411483],[1.92708,41.411498],[1.927097,41.411508],[1.927134,41.411528],[1.927198,41.41156],[1.927224,41.411573],[1.927277,41.411596],[1.927328,41.411618],[1.927354,41.411627],[1.927381,41.411636],[1.927395,41.41164],[1.92743,41.411649],[1.927479,41.41166],[1.927503,41.411665],[1.927602,41.41169],[1.927635,41.411699],[1.927651,41.411704],[1.927807,41.411755],[1.92781,41.411756],[1.927817,41.411759],[1.927825,41.411762],[1.927829,41.411763],[1.927836,41.411765],[1.927842,41.411768],[1.927845,41.411769],[1.927852,41.411772],[1.927857,41.411773],[1.927866,41.411777],[1.92787,41.411779],[1.92788,41.411783],[1.927898,41.41179],[1.927907,41.411794],[1.927916,41.411798],[1.927921,41.411799],[1.927928,41.411802],[1.927935,41.411805],[1.927938,41.411806],[1.927942,41.411807],[1.927949,41.41181],[1.927955,41.411812],[1.92796,41.411814],[1.927969,41.411817],[1.927974,41.411819],[1.927983,41.411822],[1.928002,41.411828],[1.928011,41.411831],[1.928021,41.411834],[1.928025,41.411836],[1.928032,41.411838],[1.928036,41.41184],[1.928043,41.411842],[1.92805,41.411845],[1.928055,41.411847],[1.928065,41.41185],[1.928079,41.411856],[1.928099,41.411863],[1.928108,41.411866],[1.928123,41.411872],[1.92813,41.411874],[1.928142,41.411879],[1.92815,41.411882],[1.928156,41.411884],[1.928167,41.411887],[1.928175,41.41189],[1.92818,41.411892],[1.928191,41.411895],[1.928207,41.411901],[1.928218,41.411904],[1.928225,41.411907],[1.928254,41.411916],[1.928312,41.411943],[1.928368,41.41198],[1.928456,41.412056],[1.928463,41.412063],[1.928477,41.412077],[1.928501,41.412107],[1.928514,41.412121],[1.92852,41.412127],[1.928533,41.412136],[1.928552,41.412149],[1.92856,41.412156],[1.928566,41.412163],[1.928569,41.412168],[1.928577,41.412189],[1.928587,41.412217],[1.928592,41.412232],[1.928604,41.412264],[1.928611,41.41228],[1.928613,41.412283],[1.928619,41.412289],[1.928634,41.4123],[1.92864,41.412307],[1.928671,41.41237],[1.928711,41.412442],[1.928725,41.412472],[1.928732,41.412481],[1.928737,41.412485],[1.928757,41.412501],[1.928927,41.412638],[1.929167,41.412787],[1.929245,41.41283],[1.929298,41.412859],[1.929325,41.412872],[1.929368,41.412892],[1.929454,41.412928],[1.929536,41.412963],[1.929578,41.412979],[1.929609,41.412988],[1.92976,41.413031],[1.92976,41.413031],[1.929797,41.413042],[1.929814,41.413049],[1.929902,41.413096],[1.929966,41.413129],[1.930035,41.413167],[1.930044,41.413171],[1.930063,41.413179],[1.930102,41.413192],[1.930121,41.413199],[1.930139,41.413207],[1.930162,41.413219],[1.930174,41.413224],[1.930248,41.413251],[1.930383,41.413296],[1.930445,41.413317],[1.930527,41.413345],[1.930567,41.413359],[1.930604,41.413373],[1.930652,41.413393],[1.930676,41.413403],[1.930808,41.413453],[1.930815,41.413455],[1.930829,41.413459],[1.930858,41.413467],[1.930862,41.413468],[1.930872,41.413472],[1.930884,41.413478],[1.930902,41.413489],[1.930947,41.413515],[1.931026,41.413559],[1.931096,41.413598],[1.931136,41.413625],[1.931182,41.413658],[1.931184,41.41366],[1.931192,41.413666],[1.9312,41.413672],[1.931206,41.413676],[1.931209,41.413679],[1.931216,41.413684],[1.931224,41.41369],[1.93123,41.413694],[1.93124,41.413703],[1.931248,41.413708],[1.931257,41.413716],[1.931262,41.413719],[1.931272,41.413728],[1.931282,41.413736],[1.931288,41.41374],[1.931292,41.413744],[1.9313,41.413751],[1.931309,41.413757],[1.931314,41.413762],[1.931325,41.413771],[1.931334,41.413778],[1.931339,41.413783],[1.93135,41.413792],[1.931361,41.413802],[1.931368,41.413808],[1.931383,41.41382],[1.931399,41.413834],[1.931412,41.413845],[1.93142,41.413853],[1.931437,41.413867],[1.931446,41.413875],[1.931463,41.413889],[1.93147,41.413896],[1.931485,41.413909],[1.931496,41.413919],[1.931513,41.413934],[1.931555,41.413963],[1.931558,41.413966],[1.931563,41.413971],[1.931571,41.413977],[1.931578,41.413983],[1.931582,41.413987],[1.931589,41.413993],[1.931593,41.413996],[1.931598,41.414001],[1.931606,41.414007],[1.93161,41.41401],[1.931615,41.414015],[1.931624,41.414022],[1.93163,41.414027],[1.931635,41.41403],[1.931643,41.414037],[1.931647,41.414041],[1.931656,41.414047],[1.931665,41.414054],[1.931671,41.414058],[1.931682,41.414067],[1.931692,41.414075],[1.931698,41.414078],[1.931705,41.414084],[1.931717,41.414093],[1.931729,41.414101],[1.931734,41.414105],[1.931746,41.414114],[1.931752,41.414118],[1.931761,41.414124],[1.931767,41.414128],[1.931779,41.414136],[1.931803,41.414153],[1.931815,41.414161],[1.931827,41.41417],[1.931833,41.414174],[1.931841,41.41418],[1.931851,41.414187],[1.93187,41.414201],[1.931879,41.414208],[1.931884,41.414211],[1.93189,41.414216],[1.931894,41.414218],[1.931898,41.414221],[1.931906,41.414226],[1.931911,41.41423],[1.931921,41.414237],[1.931931,41.414243],[1.931936,41.414246],[1.931942,41.414251],[1.931947,41.414254],[1.931949,41.414256],[1.931953,41.414258],[1.931957,41.414261],[1.931959,41.414263],[1.931963,41.414265],[1.931966,41.414268],[1.931968,41.414269],[1.931971,41.414272],[1.931972,41.414273],[1.931975,41.414275],[1.931976,41.414276],[1.93198,41.414279],[1.931983,41.414282],[1.931985,41.414284],[1.931989,41.414288],[1.931995,41.414293],[1.932083,41.414359],[1.932088,41.414363],[1.932097,41.414369],[1.932103,41.414373],[1.932106,41.414375],[1.932111,41.414378],[1.932116,41.414382],[1.932119,41.414384],[1.932123,41.414387],[1.932128,41.41439],[1.93213,41.414392],[1.932131,41.414393],[1.932135,41.414396],[1.932139,41.414399],[1.932141,41.414401],[1.932146,41.414405],[1.932153,41.414411],[1.932163,41.414419],[1.932167,41.414423],[1.932172,41.414427],[1.932175,41.414429],[1.932178,41.414432],[1.932181,41.414433],[1.932185,41.414437],[1.932189,41.41444],[1.932192,41.414442],[1.932198,41.414446],[1.932201,41.414448],[1.932208,41.414453],[1.93222,41.414461],[1.932226,41.414465],[1.932232,41.41447],[1.932235,41.414472],[1.932239,41.414475],[1.932242,41.414477],[1.932247,41.41448],[1.932251,41.414484],[1.932254,41.414486],[1.932261,41.414491],[1.932265,41.414495],[1.932268,41.414497],[1.932274,41.414502],[1.932278,41.414504],[1.932284,41.414509],[1.93229,41.414514],[1.932294,41.414518],[1.932306,41.414532],[1.932324,41.414547],[1.932341,41.414561],[1.93235,41.414569],[1.932357,41.414575],[1.93237,41.414586],[1.932378,41.414592],[1.932392,41.414604],[1.932404,41.414614],[1.932419,41.414626],[1.93243,41.414635],[1.932437,41.414641],[1.932449,41.414649],[1.932455,41.414654],[1.932462,41.414659],[1.932471,41.414665],[1.932479,41.414671],[1.932487,41.414676],[1.932496,41.414682],[1.932503,41.414686],[1.93251,41.41469],[1.932517,41.414695],[1.932523,41.414698],[1.932748,41.414801],[1.932761,41.414807],[1.932779,41.414815],[1.932802,41.414825],[1.932826,41.414836],[1.932847,41.414845],[1.932868,41.414853],[1.93288,41.414858],[1.932889,41.414862],[1.932904,41.414867],[1.932913,41.414871],[1.932921,41.414873],[1.932929,41.414876],[1.932937,41.414879],[1.93295,41.414883],[1.932958,41.414885],[1.932971,41.414889],[1.932979,41.414891],[1.93299,41.414894],[1.933,41.414896],[1.933009,41.414898],[1.93302,41.414901],[1.933037,41.414904],[1.933047,41.414906],[1.933057,41.414908],[1.933066,41.41491],[1.933077,41.414912],[1.933085,41.414913],[1.933098,41.414915],[1.933106,41.414916],[1.93312,41.414917],[1.933128,41.414918],[1.933143,41.41492],[1.933158,41.414921],[1.93318,41.414923],[1.933226,41.414926],[1.933259,41.414929],[1.933283,41.414931],[1.9333,41.414932],[1.933312,41.414933],[1.933322,41.414934],[1.933332,41.414934],[1.933343,41.414935],[1.933358,41.414935],[1.933371,41.414935],[1.933384,41.414936],[1.933401,41.414936],[1.933413,41.414936],[1.933432,41.414936],[1.933446,41.414935],[1.933458,41.414935],[1.933472,41.414935],[1.933482,41.414934],[1.933497,41.414934],[1.933509,41.414933],[1.933537,41.414931],[1.933557,41.41493],[1.933573,41.414929],[1.933603,41.414928],[1.933618,41.414927],[1.933628,41.414927],[1.933638,41.414926],[1.933643,41.414926],[1.933653,41.414924],[1.933659,41.414924],[1.933669,41.414922],[1.933679,41.414921],[1.93369,41.414919],[1.933701,41.414917],[1.93371,41.414915],[1.933723,41.414912],[1.933738,41.414909],[1.933755,41.414905],[1.933778,41.4149],[1.933798,41.414895],[1.933826,41.414889],[1.933853,41.414883],[1.93387,41.414879],[1.933884,41.414875],[1.933899,41.414871],[1.933918,41.414866],[1.933947,41.414858],[1.933968,41.414852],[1.933986,41.414847],[1.934002,41.414843],[1.934039,41.414834],[1.934059,41.414828],[1.934069,41.414825],[1.934078,41.414823],[1.934087,41.41482],[1.934097,41.414817],[1.934111,41.414813],[1.934134,41.414805],[1.934157,41.414798],[1.934174,41.414792],[1.934197,41.414784],[1.93422,41.414776],[1.934234,41.414771],[1.934251,41.414765],[1.934268,41.414759],[1.934277,41.414755],[1.934294,41.414749],[1.934311,41.414742],[1.934345,41.414728],[1.934356,41.414724],[1.93437,41.414719],[1.934379,41.414715],[1.934388,41.414712],[1.934396,41.414709],[1.934406,41.414705],[1.934418,41.414701],[1.934434,41.414696],[1.934449,41.414691],[1.934467,41.414685],[1.934478,41.414681],[1.93449,41.414677],[1.934498,41.414673],[1.934504,41.414671],[1.934524,41.414661],[1.934638,41.414602],[1.934716,41.414561],[1.934725,41.414557],[1.934763,41.414537],[1.934786,41.414526],[1.934806,41.414516],[1.934825,41.414509],[1.93483,41.414507],[1.934836,41.414505],[1.934842,41.414503],[1.934848,41.414501],[1.934853,41.414499],[1.934861,41.414497],[1.934867,41.414496],[1.934873,41.414495],[1.934877,41.414494],[1.934881,41.414493],[1.934886,41.414492],[1.934892,41.414492],[1.9349,41.414491],[1.934904,41.41449],[1.93491,41.41449],[1.934918,41.41449],[1.934926,41.414489],[1.934932,41.414489],[1.934943,41.414489],[1.934954,41.414489],[1.934965,41.414489],[1.934976,41.41449],[1.934987,41.41449],[1.935013,41.41449],[1.935031,41.41449],[1.935041,41.41449],[1.93506,41.41449],[1.93507,41.41449],[1.935085,41.41449],[1.935097,41.41449],[1.935142,41.41449],[1.935174,41.414491],[1.935199,41.414492],[1.935225,41.414493],[1.935248,41.414495],[1.935264,41.414497],[1.935283,41.4145],[1.9353,41.414503],[1.935314,41.414507],[1.935329,41.41451],[1.935347,41.414515],[1.935362,41.41452],[1.935373,41.414525],[1.935442,41.414572],[1.935534,41.414635],[1.935606,41.414682],[1.935687,41.414713],[1.935819,41.414743],[1.935968,41.414773],[1.936104,41.414811],[1.936217,41.414843],[1.936308,41.41487],[1.936653,41.415208],[1.936642,41.41518],[1.936617,41.415131],[1.936586,41.415074],[1.936554,41.415034],[1.93651,41.414995],[1.936437,41.414947],[1.936549,41.414861],[1.936696,41.41481],[1.936841,41.41476],[1.936925,41.414709],[1.936983,41.414684],[1.937072,41.414645],[1.937178,41.414604],[1.937332,41.414553],[1.937408,41.414521],[1.937497,41.41455],[1.937625,41.414585],[1.93763,41.414582],[1.937649,41.414454],[1.93776,41.414547],[1.937944,41.414558],[1.938347,41.414641],[1.938509,41.414664],[1.938831,41.414688],[1.938992,41.414643],[1.939141,41.414645],[1.939171,41.414647],[1.939445,41.414562],[1.93969,41.414464],[1.939838,41.414426],[1.939912,41.414157],[1.939969,41.414069],[1.939935,41.413876],[1.940004,41.413504],[1.94002,41.413463],[1.940022,41.413437],[1.940021,41.413409],[1.939944,41.412504],[1.940836,41.409966],[1.940824,41.409953],[1.940777,41.409871],[1.940714,41.409771],[1.940681,41.409686],[1.940627,41.409583],[1.940578,41.409506],[1.940525,41.409431],[1.94045,41.409343],[1.940404,41.409277],[1.940349,41.409173],[1.940312,41.409104],[1.940266,41.409038],[1.940191,41.408933],[1.940136,41.408845],[1.940111,41.408773],[1.940083,41.408687],[1.940054,41.408609],[1.940032,41.408551],[1.94,41.408497],[1.939957,41.408451],[1.939925,41.408408],[1.939871,41.408324],[1.939836,41.408241],[1.93982,41.40816],[1.939801,41.408079],[1.939776,41.407998],[1.939726,41.407875],[1.939672,41.407783],[1.93961,41.4077],[1.939551,41.407648],[1.939466,41.407566],[1.939374,41.407476],[1.939295,41.407399],[1.939207,41.407336],[1.93915,41.407308],[1.939061,41.407273],[1.939021,41.40725],[1.938937,41.407196],[1.938848,41.407154],[1.938672,41.40708],[1.938522,41.407011],[1.938419,41.406954],[1.938335,41.406889],[1.938284,41.406839],[1.938249,41.406779],[1.938205,41.406659],[1.93816,41.406507],[1.938121,41.406329],[1.938096,41.406197],[1.938089,41.406095],[1.938128,41.406013],[1.938198,41.405908],[1.938276,41.405788],[1.938308,41.405716],[1.938313,41.405639],[1.938324,41.405517],[1.938326,41.405378],[1.938309,41.405248],[1.938282,41.405124],[1.938264,41.405044],[1.938211,41.404904],[1.938345,41.404969],[1.938529,41.405066],[1.938907,41.405283],[1.939199,41.405446],[1.939367,41.405549],[1.939706,41.405743],[1.940027,41.405925],[1.940343,41.4061],[1.940721,41.406314],[1.940969,41.406452],[1.941271,41.406628],[1.941383,41.406694],[1.941484,41.406748],[1.941577,41.40678],[1.941679,41.406802],[1.941863,41.40682],[1.941902,41.406822],[1.941914,41.406848],[1.942069,41.407122],[1.942492,41.407231],[1.942562,41.407218],[1.942593,41.407213],[1.942605,41.407229],[1.942995,41.407143],[1.94331,41.407071],[1.943505,41.40703],[1.943753,41.406969],[1.943831,41.406951],[1.944019,41.406905],[1.944199,41.406866],[1.944378,41.406822],[1.944495,41.406786],[1.944666,41.406802],[1.944838,41.406778],[1.944929,41.406762],[1.94498,41.406806],[1.945053,41.406878],[1.945124,41.406933],[1.945155,41.40689],[1.945241,41.40677],[1.945309,41.406678],[1.945328,41.406644],[1.945398,41.406538],[1.945438,41.406443],[1.945461,41.406382],[1.945511,41.406296],[1.945586,41.406161],[1.945629,41.406082],[1.945613,41.405956],[1.945654,41.405869],[1.945713,41.405736],[1.945747,41.405672],[1.945792,41.405609],[1.945836,41.405549],[1.945861,41.405483],[1.945893,41.405411],[1.945933,41.405318],[1.945951,41.405245],[1.945964,41.40518],[1.945974,41.405139],[1.946,41.405107],[1.946023,41.405058],[1.94604,41.405005],[1.946049,41.404951],[1.946048,41.404891],[1.946036,41.404815],[1.94602,41.404726],[1.946,41.404609],[1.94598,41.404503],[1.94596,41.404367],[1.945938,41.404211],[1.945917,41.404054],[1.945904,41.403971],[1.945882,41.403859],[1.945851,41.403741],[1.945828,41.40366],[1.949014,41.403456],[1.949293,41.403229],[1.949252,41.402887],[1.949398,41.402883],[1.949523,41.402874],[1.949618,41.402867],[1.949732,41.402853],[1.949841,41.402838],[1.949905,41.402842],[1.949992,41.402856],[1.950076,41.402877],[1.950209,41.402911],[1.950355,41.402947],[1.950442,41.402977],[1.950575,41.403015],[1.950896,41.403119],[1.950982,41.403145],[1.951137,41.403197],[1.951231,41.403233],[1.951357,41.403272],[1.951483,41.403312],[1.951603,41.403359],[1.951799,41.403436],[1.951977,41.403519],[1.95205,41.403553],[1.952122,41.403604],[1.952216,41.403671],[1.952343,41.403765],[1.952413,41.403823],[1.952478,41.403883],[1.952528,41.403944],[1.952582,41.404003],[1.95262,41.404042],[1.952674,41.404112],[1.952724,41.404175],[1.952774,41.404243],[1.952817,41.404313],[1.952854,41.404379],[1.952878,41.40441],[1.952908,41.404466],[1.95296,41.404505],[1.953042,41.404557],[1.953113,41.404602],[1.953105,41.404617],[1.953087,41.404652],[1.95308,41.404698],[1.953079,41.404741],[1.953086,41.404787],[1.953101,41.404821],[1.953121,41.404869],[1.953155,41.404936],[1.953205,41.405017],[1.953251,41.405088],[1.953336,41.405218],[1.953411,41.405342],[1.953483,41.405457],[1.953553,41.405559],[1.95361,41.405631],[1.953644,41.405679],[1.953695,41.405733],[1.953731,41.405769],[1.953814,41.405838],[1.953952,41.405948],[1.954078,41.406047],[1.954299,41.406233],[1.95437,41.406297],[1.954404,41.406326],[1.954559,41.406411],[1.954691,41.406538],[1.954847,41.406659],[1.954933,41.406726],[1.955043,41.406789],[1.95515,41.406835],[1.955295,41.406893],[1.955441,41.406954],[1.95559,41.407003],[1.955764,41.407064],[1.955917,41.407113],[1.956083,41.407171],[1.956205,41.407217],[1.956331,41.407275],[1.956457,41.407333],[1.95657,41.40739],[1.956657,41.407433],[1.95685,41.407512],[1.957022,41.407592],[1.9571,41.407622],[1.957803,41.407861],[1.958111,41.407982],[1.95925,41.408373],[1.95948,41.408467],[1.959796,41.408601],[1.960124,41.408753],[1.96024,41.408762],[1.960372,41.408777],[1.960552,41.408793],[1.960646,41.408794],[1.960928,41.408798],[1.961169,41.408813],[1.961451,41.408819],[1.961781,41.408826],[1.961866,41.408784],[1.964133,41.408129],[1.964141,41.408097],[1.964115,41.408058],[1.964096,41.408029],[1.964081,41.408013],[1.964058,41.407986],[1.964079,41.407964],[1.964094,41.407945],[1.964107,41.407922],[1.964112,41.4079],[1.964105,41.407871],[1.964092,41.407847],[1.964073,41.407821],[1.964027,41.407784],[1.963967,41.407734],[1.963796,41.407592],[1.963658,41.407481],[1.963549,41.407386],[1.963462,41.407317],[1.963382,41.407247],[1.963272,41.407145],[1.963223,41.407105],[1.963211,41.407088],[1.963222,41.40708],[1.963242,41.407082],[1.963294,41.4071],[1.963357,41.40712],[1.963411,41.407133],[1.963495,41.407145],[1.963627,41.407159],[1.963741,41.407175],[1.963802,41.407176],[1.963865,41.407165],[1.963911,41.40714],[1.963943,41.407113],[1.963964,41.407091],[1.963978,41.407061],[1.963988,41.407015],[1.963991,41.406941],[1.963997,41.406736],[1.964009,41.406644],[1.964021,41.406575],[1.964038,41.406521],[1.964066,41.406465],[1.96409,41.406421],[1.96414,41.406353],[1.964218,41.40626],[1.964295,41.406181],[1.964383,41.406106],[1.964447,41.406064],[1.9645,41.40605],[1.964578,41.40604],[1.964693,41.406024],[1.964799,41.406016],[1.964898,41.406018],[1.964975,41.406035],[1.965119,41.406095],[1.965186,41.40613],[1.965268,41.406156],[1.965324,41.406175],[1.965394,41.406176],[1.965469,41.40616],[1.965525,41.40612],[1.965582,41.406061],[1.965633,41.405992],[1.965682,41.405947],[1.96576,41.405917],[1.965814,41.40591],[1.965864,41.405916],[1.965914,41.405965],[1.966027,41.406078],[1.966158,41.406216],[1.966286,41.406348],[1.966345,41.406419],[1.966413,41.406496],[1.966473,41.406547],[1.966541,41.406593],[1.966606,41.406639],[1.966652,41.406647],[1.966732,41.406634],[1.966785,41.406605],[1.966821,41.406562],[1.966836,41.406502],[1.966815,41.406457],[1.966772,41.406372],[1.966756,41.406341],[1.966722,41.406277],[1.966692,41.406216],[1.966666,41.406152],[1.966644,41.406078],[1.966639,41.406039],[1.966636,41.40598],[1.966643,41.405907],[1.966653,41.405831],[1.966667,41.405764],[1.966676,41.405714],[1.966693,41.405661],[1.96671,41.405614],[1.966726,41.405573],[1.966748,41.405534],[1.966772,41.4055],[1.96681,41.405456],[1.966859,41.405409],[1.966916,41.405368],[1.966977,41.405333],[1.967038,41.405308],[1.967072,41.405296],[1.96723,41.405295],[1.966545,41.404943],[1.966603,41.40492],[1.966669,41.404904],[1.966752,41.404891],[1.966853,41.404884],[1.966963,41.404886],[1.967111,41.404909],[1.967238,41.404927],[1.967298,41.404935],[1.967363,41.404938],[1.967442,41.404935],[1.967572,41.404925],[1.967736,41.404905],[1.967978,41.40488],[1.968133,41.404862],[1.968288,41.404843],[1.96841,41.40482],[1.968493,41.404807],[1.968591,41.404781],[1.968661,41.404754],[1.968715,41.404716],[1.968752,41.404671],[1.968785,41.404613],[1.968815,41.404548],[1.968874,41.404447],[1.96892,41.404382],[1.968963,41.404332],[1.969023,41.404284],[1.96907,41.404258],[1.969139,41.404224],[1.969215,41.404184],[1.969317,41.404123],[1.969405,41.404072],[1.969457,41.404052],[1.969505,41.404043],[1.969592,41.404044],[1.969643,41.404051],[1.96973,41.404063],[1.969824,41.404074],[1.969929,41.404077],[1.970094,41.404074],[1.970156,41.404072],[1.970215,41.404067],[1.970286,41.404046],[1.97038,41.404016],[1.970465,41.403982],[1.970522,41.403958],[1.970568,41.40393],[1.970628,41.403889],[1.970731,41.403846],[1.97083,41.403819],[1.970967,41.403791],[1.971128,41.403763],[1.971211,41.403746],[1.97129,41.403721],[1.971428,41.403676],[1.971535,41.40364],[1.971643,41.403604],[1.971738,41.403574],[1.971833,41.403553],[1.972024,41.403513],[1.972127,41.403489],[1.972283,41.403454],[1.972412,41.403405],[1.972513,41.403359],[1.972567,41.403323],[1.972614,41.403281],[1.972665,41.403215],[1.972706,41.403153],[1.972795,41.403006],[1.972891,41.402914],[1.972958,41.402849],[1.973048,41.402759],[1.97315,41.402659],[1.973202,41.402608],[1.973235,41.402569],[1.973263,41.402523],[1.973286,41.402469],[1.973307,41.402387],[1.973321,41.402314],[1.973332,41.402249],[1.973338,41.402206],[1.973356,41.402158],[1.973382,41.40212],[1.973409,41.40209],[1.973449,41.402053],[1.973489,41.402021],[1.973541,41.401994],[1.973592,41.401974],[1.973636,41.401956],[1.973678,41.401936],[1.973715,41.401908],[1.973769,41.401863],[1.973804,41.401823],[1.973831,41.401772],[1.97384,41.401729],[1.973846,41.401639],[1.973841,41.401528],[1.973826,41.401398],[1.973817,41.401249],[1.973821,41.401154],[1.973832,41.401095],[1.973847,41.401043],[1.97387,41.400989],[1.973898,41.400946],[1.973941,41.400907],[1.973994,41.400874],[1.974079,41.400838],[1.974155,41.40082],[1.974258,41.400805],[1.974375,41.400796],[1.974504,41.400785],[1.974637,41.400767],[1.974773,41.400751],[1.974926,41.400725],[1.975011,41.400711],[1.975022,41.400746],[1.975055,41.400786],[1.975118,41.400825],[1.975209,41.400866],[1.975374,41.400922],[1.975502,41.400963],[1.975634,41.400995],[1.975729,41.401005],[1.975808,41.401017],[1.975872,41.401036],[1.975962,41.401047],[1.976077,41.401046],[1.976264,41.401039],[1.976435,41.401028],[1.976672,41.401007],[1.976803,41.400993],[1.976991,41.400964],[1.97712,41.40094],[1.977298,41.400894],[1.977462,41.400857],[1.977578,41.400858],[1.977581,41.400843],[1.977762,41.400851],[1.977928,41.400668],[1.977944,41.400671],[1.978214,41.400731],[1.9786,41.400815],[1.978819,41.400863],[1.978969,41.400719],[1.979131,41.400567],[1.979331,41.400378],[1.979585,41.400105],[1.97983,41.399876],[1.980007,41.399961],[1.980072,41.399969],[1.98013,41.399965],[1.980215,41.399935],[1.980353,41.399918],[1.980515,41.399908],[1.980689,41.399913],[1.980903,41.399918],[1.981103,41.399921],[1.981154,41.399919],[1.981217,41.399911],[1.981273,41.399909],[1.981324,41.399918],[1.981379,41.399938],[1.981425,41.399964],[1.981465,41.399995],[1.981503,41.400018],[1.981561,41.400034],[1.981604,41.400036],[1.981656,41.400031],[1.981713,41.400019],[1.981762,41.399991],[1.981807,41.399953],[1.981841,41.399909],[1.981888,41.399874],[1.981963,41.399829],[1.982072,41.399797],[1.982431,41.399756],[1.982716,41.399737],[1.982915,41.399724],[1.983112,41.399793],[1.983195,41.399823],[1.983307,41.399868],[1.98355,41.399978],[1.983854,41.400126],[1.984126,41.400277],[1.984347,41.400413],[1.98454,41.40054],[1.984708,41.400659],[1.984881,41.400793],[1.985034,41.400919],[1.985284,41.40115],[1.98545,41.401345],[1.985759,41.401717],[1.985855,41.401888],[1.985946,41.402035],[1.986018,41.40219],[1.986068,41.402323],[1.986107,41.402431],[1.986157,41.402597],[1.986198,41.402737],[1.986233,41.402884],[1.986279,41.403064],[1.986326,41.403276],[1.986357,41.403426],[1.986386,41.403572],[1.986423,41.403732],[1.986454,41.403858],[1.986493,41.404003],[1.986532,41.404152],[1.986581,41.404299],[1.98664,41.404464],[1.986677,41.404557],[1.986731,41.404689],[1.986799,41.404839],[1.986842,41.404926],[1.986879,41.404995],[1.986922,41.405074],[1.986978,41.405171],[1.987087,41.405346],[1.987131,41.405409],[1.987246,41.405578],[1.987377,41.40575],[1.987561,41.405964],[1.987768,41.406186],[1.98791,41.406326],[1.988104,41.406513],[1.988339,41.406734],[1.988458,41.406848],[1.988652,41.40703],[1.988877,41.40726],[1.989014,41.407416],[1.989158,41.407579],[1.989698,41.407163],[1.989792,41.406366],[1.990447,41.405698],[1.991183,41.404541],[1.991389,41.404415],[1.991613,41.404378],[1.992011,41.404262],[1.992395,41.403813],[1.992604,41.403732],[1.993422,41.403804],[1.99347,41.403726],[1.993751,41.40325],[1.994119,41.402968],[1.994734,41.402505],[1.995145,41.4021],[1.995368,41.401739],[1.99549,41.401301],[1.995496,41.400905],[1.995227,41.400052],[1.995205,41.397433],[1.995089,41.396547],[1.994704,41.395889],[1.993958,41.395516],[1.992916,41.394868],[1.991936,41.394407],[1.990919,41.394082],[1.989573,41.394149],[1.989234,41.394101],[1.988584,41.393724],[1.988228,41.392983],[1.9868,41.391047],[1.985688,41.390104],[1.985941,41.389031],[1.985414,41.388397],[1.984992,41.388037],[1.983667,41.387284],[1.983166,41.386829],[1.982948,41.386487],[1.982101,41.38448],[1.981714,41.383795],[1.981408,41.383394],[1.981468,41.383085],[1.981224,41.382853],[1.980989,41.382449],[1.981064,41.382175],[1.980917,41.381498],[1.981827,41.380585],[1.979251,41.380345],[1.979204,41.380356],[1.978788,41.38023],[1.979242,41.378509],[1.979772,41.377784],[1.980319,41.377436],[1.980697,41.377375],[1.981392,41.377398],[1.982274,41.377369],[1.982913,41.376963],[1.983937,41.376757],[1.984344,41.376613],[1.984672,41.376365],[1.985343,41.375606],[1.985821,41.375603],[1.986508,41.375844],[1.988912,41.376793],[1.990648,41.375894],[1.989533,41.374911],[1.988547,41.374053],[1.986805,41.372851],[1.986136,41.372547],[1.984134,41.372463],[1.981981,41.372448],[1.982537,41.371749],[1.981096,41.369623],[1.981586,41.369314],[1.980502,41.368578],[1.979868,41.368722],[1.979569,41.368564],[1.979263,41.368623],[1.979247,41.368569],[1.978376,41.368283],[1.97803,41.368136],[1.977269,41.367557],[1.976777,41.36738],[1.976267,41.367276],[1.975642,41.367231],[1.973388,41.367293],[1.973071,41.367207],[1.972496,41.366872],[1.971854,41.366612],[1.970866,41.366664],[1.969637,41.366375],[1.9688,41.366051],[1.967002,41.36567],[1.966293,41.365457],[1.965598,41.365127],[1.965132,41.364805],[1.964703,41.364671],[1.964613,41.3649],[1.963989,41.365341],[1.963499,41.365488],[1.962798,41.365545],[1.959745,41.366101],[1.959397,41.366242],[1.958711,41.366649],[1.958185,41.366807],[1.95462,41.367384],[1.954103,41.367797],[1.953731,41.367815],[1.953554,41.367871],[1.953335,41.367981],[1.953004,41.36814],[1.952516,41.368405],[1.952146,41.368656],[1.951769,41.368855],[1.951505,41.36907],[1.951301,41.369273],[1.950898,41.369601],[1.950628,41.369851],[1.950337,41.370236],[1.950198,41.37062],[1.950116,41.370863],[1.950125,41.371193],[1.950192,41.371359],[1.950258,41.371631],[1.95028,41.371982],[1.950161,41.372174],[1.950039,41.372414],[1.950027,41.372598],[1.950094,41.37279],[1.950189,41.372989],[1.95029,41.373178],[1.950365,41.373315],[1.950415,41.373439],[1.95049,41.373874],[1.950443,41.374244],[1.95049,41.374471],[1.950577,41.374732],[1.950569,41.374816],[1.950211,41.374953],[1.949937,41.375095],[1.949742,41.375225],[1.949593,41.375365],[1.949261,41.37567],[1.949237,41.376015],[1.949289,41.376235],[1.949321,41.376661],[1.949212,41.376904],[1.949072,41.377108],[1.948846,41.377366],[1.94861,41.377556],[1.948488,41.377712],[1.948324,41.377905],[1.948465,41.378113],[1.948695,41.378325],[1.949002,41.378523],[1.949235,41.378637],[1.948533,41.385015],[1.94566,41.389039],[1.945099,41.389426],[1.94447,41.389536],[1.94339,41.392057],[1.943081,41.392321],[1.942296,41.393559],[1.941481,41.394634],[1.941108,41.395553],[1.940727,41.396304],[1.940165,41.396818],[1.939213,41.39741],[1.93855,41.397521],[1.93788,41.397706],[1.936653,41.398147],[1.936186,41.398403],[1.933823,41.398651],[1.933258,41.398731],[1.933022,41.398129],[1.93234,41.397641],[1.931915,41.397638],[1.931115,41.39806],[1.929777,41.396837],[1.929084,41.39674],[1.928372,41.396457],[1.927467,41.396426],[1.927226,41.39635],[1.928054,41.395024],[1.928163,41.394777],[1.928181,41.394589],[1.927413,41.39377],[1.926314,41.393426],[1.924612,41.392889],[1.924156,41.392323],[1.923267,41.391725],[1.922245,41.391037],[1.922329,41.390388],[1.922123,41.389901],[1.921779,41.389742],[1.921566,41.389662],[1.920577,41.38944],[1.919843,41.38914],[1.91963,41.388948],[1.919209,41.388692],[1.918158,41.3883],[1.917226,41.388521],[1.916216,41.38919],[1.916194,41.389176],[1.91612,41.389249],[1.915979,41.389406],[1.91579,41.389599],[1.915674,41.389705],[1.915592,41.389732],[1.915525,41.389734],[1.915295,41.389663],[1.915109,41.389587],[1.914939,41.389531],[1.914819,41.389508],[1.914673,41.389506],[1.914518,41.389516],[1.914289,41.389559],[1.914125,41.389587],[1.913932,41.389588],[1.913587,41.389647],[1.913257,41.389697],[1.913108,41.3897],[1.912871,41.389676],[1.912619,41.389644],[1.912355,41.389625],[1.912159,41.389636],[1.91194,41.389657],[1.911698,41.389694],[1.910923,41.38984],[1.910393,41.389927],[1.908311,41.389511],[1.900744,41.390938],[1.89976,41.390716],[1.898585,41.390463],[1.89737,41.390192],[1.896461,41.389996],[1.896177,41.38995],[1.895862,41.389937],[1.895535,41.389952],[1.895068,41.389958],[1.894652,41.389981],[1.894219,41.390021],[1.893751,41.390091],[1.893541,41.390103],[1.893362,41.390089],[1.892915,41.390007],[1.891989,41.389824],[1.891087,41.389631],[1.890594,41.389549],[1.890309,41.389525],[1.889826,41.389498],[1.88934,41.389469],[1.888137,41.389414],[1.887141,41.389368],[1.886226,41.389326],[1.884858,41.389254],[1.883973,41.38921],[1.882659,41.389136],[1.882183,41.389109],[1.881758,41.389085],[1.880908,41.389044],[1.880644,41.389041],[1.880508,41.389066],[1.880402,41.38912],[1.877368,41.389094],[1.876668,41.389609],[1.874829,41.395004],[1.875776,41.398944]]]}},{"type":"Feature","properties":{"nationalCode":"34090808072","name":"Corbera de Llobregat"},"geometry":{"type":"Polygon","coordinates":[[[1.884951,41.408143],[1.884725,41.408238],[1.884574,41.408336],[1.884417,41.40842],[1.884361,41.408469],[1.88432,41.408561],[1.884241,41.40868],[1.884168,41.408762],[1.884095,41.408856],[1.883987,41.408925],[1.883912,41.408992],[1.883813,41.40906],[1.883543,41.409216],[1.883356,41.409343],[1.883232,41.409435],[1.882921,41.409588],[1.882813,41.40963],[1.88275,41.409696],[1.882676,41.409787],[1.882624,41.409896],[1.882577,41.410009],[1.882402,41.410135],[1.882289,41.410273],[1.882271,41.410393],[1.882263,41.410485],[1.882158,41.410545],[1.882122,41.410584],[1.882114,41.410657],[1.882113,41.410716],[1.882073,41.410762],[1.88198,41.410893],[1.881923,41.411],[1.881791,41.411145],[1.881766,41.411255],[1.881755,41.41135],[1.88164,41.411449],[1.881366,41.411546],[1.881186,41.411593],[1.880932,41.411681],[1.880898,41.411732],[1.88092,41.411799],[1.881019,41.41189],[1.881066,41.411983],[1.881197,41.412131],[1.881318,41.412237],[1.881391,41.412345],[1.881474,41.412424],[1.881595,41.41255],[1.881658,41.412643],[1.881711,41.412771],[1.881786,41.412935],[1.881852,41.413092],[1.881878,41.413251],[1.881912,41.413384],[1.881987,41.413528],[1.882116,41.41374],[1.882211,41.413914],[1.882289,41.41411],[1.882287,41.414227],[1.882223,41.414354],[1.882153,41.414473],[1.882129,41.414539],[1.88216,41.4146],[1.882253,41.414669],[1.882512,41.414721],[1.882625,41.414727],[1.882863,41.414665],[1.883097,41.414621],[1.883237,41.414627],[1.883352,41.414704],[1.884091,41.415077],[1.884251,41.415148],[1.884446,41.415215],[1.884723,41.415318],[1.884931,41.415377],[1.885112,41.415462],[1.8853,41.415538],[1.88545,41.415599],[1.885565,41.415707],[1.885769,41.415835],[1.885911,41.415969],[1.886049,41.416115],[1.88614,41.416214],[1.886235,41.416311],[1.886435,41.416452],[1.886584,41.416562],[1.886798,41.41673],[1.886971,41.416876],[1.887114,41.41696],[1.887356,41.417061],[1.887507,41.417127],[1.88758,41.417198],[1.887624,41.417294],[1.887607,41.417373],[1.887665,41.417449],[1.887705,41.417521],[1.887726,41.417613],[1.887771,41.417682],[1.88773,41.417784],[1.887695,41.417853],[1.887658,41.417957],[1.887625,41.41805],[1.887667,41.418166],[1.887817,41.41839],[1.887935,41.41859],[1.888048,41.418556],[1.888092,41.418552],[1.888142,41.418553],[1.888202,41.418566],[1.888246,41.418592],[1.888335,41.418685],[1.888399,41.418769],[1.88851,41.418828],[1.888639,41.418873],[1.888755,41.41892],[1.88879,41.418948],[1.888814,41.418975],[1.888846,41.419059],[1.888884,41.419243],[1.88889,41.419467],[1.88891,41.419575],[1.888977,41.419693],[1.889006,41.419774],[1.889015,41.419867],[1.88899,41.419973],[1.888927,41.420166],[1.888741,41.420452],[1.888712,41.420595],[1.888747,41.42074],[1.888761,41.420952],[1.888786,41.421095],[1.888836,41.421387],[1.888859,41.421554],[1.888897,41.42164],[1.889019,41.421746],[1.889184,41.421898],[1.889262,41.421994],[1.889332,41.422088],[1.889376,41.422171],[1.889428,41.422254],[1.889391,41.422308],[1.889321,41.42237],[1.889191,41.422488],[1.888997,41.422602],[1.888459,41.422768],[1.887969,41.422932],[1.887726,41.422983],[1.887507,41.423009],[1.887436,41.423036],[1.887409,41.423096],[1.887376,41.423217],[1.887378,41.423393],[1.887378,41.423609],[1.887444,41.423798],[1.887499,41.42398],[1.88752,41.424117],[1.887536,41.424259],[1.887595,41.42441],[1.887743,41.424553],[1.887996,41.42483],[1.888154,41.425002],[1.888255,41.425183],[1.888378,41.425356],[1.888504,41.425446],[1.888656,41.425571],[1.888739,41.425658],[1.888939,41.425766],[1.889152,41.425842],[1.889339,41.425932],[1.889472,41.426009],[1.889574,41.426109],[1.889693,41.426254],[1.889851,41.42646],[1.889953,41.426572],[1.890034,41.426758],[1.890129,41.426908],[1.890194,41.427017],[1.890302,41.427195],[1.890427,41.427351],[1.890532,41.427488],[1.890651,41.427585],[1.890827,41.427734],[1.890967,41.427798],[1.891137,41.427863],[1.891203,41.427942],[1.891222,41.428006],[1.891208,41.428056],[1.891166,41.428134],[1.891153,41.428278],[1.891178,41.428392],[1.891204,41.428473],[1.891209,41.428562],[1.89119,41.428706],[1.891154,41.428837],[1.891115,41.428978],[1.891059,41.429099],[1.89105,41.429195],[1.891069,41.429268],[1.891107,41.429431],[1.891165,41.429593],[1.891238,41.429814],[1.891312,41.430024],[1.891451,41.430165],[1.891623,41.430318],[1.891735,41.43041],[1.891811,41.430477],[1.891949,41.430503],[1.892203,41.430539],[1.892482,41.430577],[1.892854,41.430613],[1.892962,41.430607],[1.893208,41.430563],[1.893558,41.430493],[1.893818,41.430435],[1.894179,41.430335],[1.894632,41.430178],[1.894883,41.43007],[1.894972,41.430056],[1.895076,41.430023],[1.895172,41.429969],[1.895238,41.429933],[1.895317,41.429894],[1.895365,41.429872],[1.895446,41.42984],[1.895487,41.429825],[1.895527,41.42981],[1.895557,41.429797],[1.895588,41.429783],[1.895625,41.429765],[1.895662,41.429747],[1.895679,41.42974],[1.895693,41.429733],[1.895711,41.429722],[1.89573,41.429711],[1.895753,41.429695],[1.895776,41.429679],[1.895824,41.42964],[1.89587,41.429603],[1.895889,41.429591],[1.895913,41.429576],[1.895931,41.429564],[1.895944,41.429556],[1.895995,41.429529],[1.896046,41.429502],[1.896083,41.429486],[1.896147,41.429457],[1.896175,41.429444],[1.896211,41.42943],[1.896248,41.429415],[1.896353,41.429375],[1.896426,41.429352],[1.896472,41.429329],[1.896489,41.429317],[1.896567,41.429262],[1.896701,41.429168],[1.896756,41.429123],[1.896818,41.429061],[1.89685,41.429028],[1.89687,41.429003],[1.89689,41.428978],[1.896903,41.428962],[1.896928,41.428935],[1.896953,41.428907],[1.89698,41.428884],[1.897008,41.428861],[1.897031,41.428838],[1.897054,41.428816],[1.897078,41.428775],[1.897089,41.42876],[1.897101,41.428746],[1.897164,41.428689],[1.897222,41.428652],[1.897256,41.428632],[1.897276,41.428626],[1.897324,41.428623],[1.897354,41.42863],[1.897394,41.428648],[1.897432,41.428669],[1.897473,41.4287],[1.897502,41.428721],[1.89754,41.428751],[1.897577,41.428781],[1.897625,41.428831],[1.897656,41.428882],[1.89768,41.428924],[1.897695,41.428952],[1.897709,41.42897],[1.897723,41.428988],[1.897759,41.429016],[1.897796,41.429044],[1.897861,41.429068],[1.898018,41.429106],[1.898134,41.429147],[1.898216,41.429179],[1.898264,41.429198],[1.898291,41.429209],[1.898352,41.429224],[1.898413,41.42924],[1.898481,41.42925],[1.898518,41.429265],[1.89857,41.429278],[1.898623,41.429292],[1.898714,41.42932],[1.898806,41.429348],[1.898854,41.429367],[1.898951,41.429406],[1.899,41.429426],[1.899051,41.429451],[1.899101,41.429475],[1.899165,41.429511],[1.899229,41.429546],[1.89929,41.429587],[1.899343,41.429621],[1.899416,41.429682],[1.89949,41.429743],[1.899525,41.429775],[1.899603,41.429846],[1.899648,41.429888],[1.899725,41.42995],[1.899774,41.429986],[1.899804,41.430014],[1.900009,41.430054],[1.900141,41.43014],[1.900507,41.430614],[1.90068,41.430831],[1.900902,41.43108],[1.901249,41.431473],[1.901553,41.431551],[1.901914,41.431678],[1.902109,41.431727],[1.902209,41.431752],[1.902616,41.431704],[1.902885,41.43158],[1.903048,41.431505],[1.903318,41.431353],[1.903711,41.431183],[1.904098,41.431071],[1.904326,41.431002],[1.904427,41.430984],[1.904624,41.430973],[1.904841,41.430916],[1.904851,41.430914],[1.905086,41.430885],[1.905452,41.430884],[1.905628,41.43089],[1.905844,41.430887],[1.906127,41.430881],[1.906344,41.430929],[1.906503,41.430957],[1.906798,41.43104],[1.906953,41.431098],[1.90717,41.43118],[1.907861,41.431564],[1.907992,41.431622],[1.908645,41.431856],[1.908866,41.432019],[1.909131,41.432185],[1.909277,41.432221],[1.909574,41.4323],[1.909799,41.432308],[1.909977,41.432321],[1.910131,41.432381],[1.910161,41.432393],[1.910182,41.432395],[1.910217,41.432391],[1.910432,41.432376],[1.910612,41.432403],[1.910641,41.432407],[1.910701,41.432414],[1.910754,41.43242],[1.910821,41.432426],[1.910914,41.432436],[1.910954,41.432444],[1.910971,41.432448],[1.911043,41.432458],[1.911118,41.432466],[1.911248,41.43248],[1.911374,41.432494],[1.91148,41.432505],[1.911531,41.43251],[1.911597,41.432518],[1.911656,41.432525],[1.91171,41.432531],[1.911731,41.432533],[1.91175,41.432537],[1.91181,41.432553],[1.911824,41.432557],[1.911884,41.432571],[1.911941,41.432584],[1.911978,41.432593],[1.912026,41.432604],[1.912069,41.432613],[1.912114,41.432624],[1.912163,41.432635],[1.912184,41.43264],[1.912241,41.432653],[1.912257,41.432657],[1.91228,41.432662],[1.91239,41.432687],[1.912435,41.432697],[1.912506,41.432714],[1.912593,41.432734],[1.912614,41.432738],[1.912631,41.432743],[1.912672,41.432756],[1.912709,41.432769],[1.912743,41.432782],[1.912785,41.4328],[1.912901,41.432852],[1.912965,41.432881],[1.913011,41.432903],[1.913078,41.432934],[1.91315,41.432969],[1.913246,41.433015],[1.913294,41.433039],[1.913347,41.433064],[1.913369,41.433074],[1.913389,41.433084],[1.913411,41.433092],[1.913433,41.433097],[1.913458,41.4331],[1.913469,41.4331],[1.913485,41.4331],[1.913581,41.433091],[1.9137,41.433053],[1.913726,41.433043],[1.913897,41.432959],[1.91399,41.432915],[1.914071,41.432883],[1.914228,41.432829],[1.914332,41.432793],[1.914561,41.432705],[1.914664,41.432674],[1.914837,41.432627],[1.915009,41.432593],[1.915298,41.432563],[1.915403,41.432554],[1.915407,41.432553],[1.915526,41.432508],[1.915628,41.432472],[1.915769,41.432423],[1.916181,41.432279],[1.916298,41.432238],[1.916536,41.432185],[1.916791,41.432125],[1.916855,41.432123],[1.916927,41.432121],[1.916985,41.432081],[1.91705,41.431992],[1.917124,41.431938],[1.917144,41.431902],[1.917161,41.431878],[1.917198,41.431802],[1.917296,41.431804],[1.917396,41.431792],[1.917504,41.431778],[1.91765,41.431748],[1.917726,41.431737],[1.917947,41.431691],[1.918085,41.431637],[1.918189,41.4316],[1.918262,41.431587],[1.918489,41.431649],[1.918828,41.431652],[1.91905,41.431635],[1.919445,41.431626],[1.919748,41.431674],[1.91992,41.431722],[1.920028,41.431767],[1.920271,41.43185],[1.920388,41.431866],[1.920517,41.43187],[1.920632,41.431874],[1.920807,41.431877],[1.920966,41.431877],[1.921154,41.431874],[1.921333,41.431907],[1.921441,41.431921],[1.921538,41.431888],[1.921698,41.431804],[1.921832,41.43178],[1.921973,41.431763],[1.922572,41.431449],[1.922773,41.431339],[1.922955,41.431284],[1.923168,41.431291],[1.923178,41.431292],[1.92322,41.431301],[1.92327,41.431317],[1.923296,41.431328],[1.923318,41.431341],[1.923336,41.431356],[1.923343,41.43137],[1.923364,41.431397],[1.923391,41.431425],[1.923414,41.431447],[1.923439,41.431458],[1.923464,41.431468],[1.923493,41.431481],[1.923523,41.431507],[1.923589,41.431576],[1.923608,41.4316],[1.923621,41.431616],[1.923658,41.431654],[1.9237,41.431691],[1.923737,41.431724],[1.923772,41.431752],[1.92382,41.431786],[1.923856,41.431812],[1.923897,41.431851],[1.923936,41.43188],[1.923968,41.4319],[1.924005,41.431922],[1.924047,41.431946],[1.924072,41.431956],[1.924152,41.43198],[1.924203,41.431994],[1.92426,41.432004],[1.924377,41.432023],[1.924715,41.432052],[1.932619,41.434689],[1.933006,41.434728],[1.933114,41.434738],[1.933207,41.434738],[1.933324,41.434729],[1.933489,41.434714],[1.93361,41.434661],[1.933697,41.434641],[1.933822,41.434635],[1.934062,41.434618],[1.93412,41.434619],[1.934366,41.434609],[1.934517,41.434554],[1.934613,41.434546],[1.934734,41.434552],[1.934782,41.434575],[1.934892,41.434645],[1.935013,41.434698],[1.935275,41.434752],[1.93585,41.434875],[1.936158,41.434939],[1.936279,41.434953],[1.936622,41.434993],[1.936981,41.434991],[1.937427,41.434916],[1.937523,41.434874],[1.937536,41.434871],[1.937579,41.434854],[1.937794,41.434763],[1.937888,41.434719],[1.937963,41.434684],[1.938085,41.434627],[1.938158,41.43458],[1.938236,41.43453],[1.938491,41.434366],[1.938504,41.434354],[1.938735,41.4344],[1.938948,41.434507],[1.939253,41.434652],[1.939483,41.434805],[1.939687,41.434904],[1.940147,41.4351],[1.940755,41.435349],[1.940964,41.435449],[1.941086,41.435552],[1.941371,41.43569],[1.941582,41.435785],[1.941689,41.435899],[1.941912,41.436005],[1.942307,41.436167],[1.942543,41.436208],[1.942898,41.436225],[1.943169,41.436193],[1.943373,41.436175],[1.943555,41.43615],[1.943751,41.436154],[1.943924,41.436164],[1.944015,41.436167],[1.944071,41.436172],[1.94411,41.436177],[1.944149,41.436189],[1.94419,41.4362],[1.944228,41.436212],[1.944261,41.436221],[1.944355,41.436252],[1.944438,41.436304],[1.944507,41.436362],[1.94459,41.43642],[1.944679,41.436483],[1.944807,41.436607],[1.944886,41.436732],[1.944907,41.436797],[1.944899,41.43684],[1.944896,41.436909],[1.944876,41.436993],[1.944826,41.437091],[1.944788,41.437181],[1.944779,41.437216],[1.944788,41.437264],[1.944813,41.437319],[1.944869,41.437387],[1.944926,41.437441],[1.944982,41.437486],[1.94504,41.437522],[1.945102,41.437552],[1.945165,41.437583],[1.94522,41.43761],[1.945277,41.437641],[1.94535,41.437666],[1.945411,41.437678],[1.945446,41.437687],[1.945489,41.437706],[1.945535,41.437719],[1.945685,41.437755],[1.945883,41.4378],[1.945942,41.437818],[1.946081,41.437861],[1.946146,41.437893],[1.946184,41.437917],[1.946243,41.437949],[1.94632,41.43801],[1.946358,41.43806],[1.946448,41.438198],[1.946493,41.438268],[1.946553,41.438325],[1.946638,41.438475],[1.946723,41.438612],[1.946738,41.438731],[1.946792,41.438842],[1.946818,41.438894],[1.94684,41.438939],[1.946861,41.438958],[1.94695,41.439035],[1.947036,41.43911],[1.947092,41.439163],[1.947143,41.43923],[1.947205,41.439311],[1.947236,41.439352],[1.94726,41.439413],[1.947278,41.439543],[1.947306,41.439616],[1.947329,41.439719],[1.947354,41.439841],[1.947369,41.439994],[1.947603,41.440059],[1.947695,41.440082],[1.947872,41.440174],[1.948072,41.440289],[1.948202,41.440369],[1.948302,41.440479],[1.948374,41.440666],[1.948412,41.440726],[1.948476,41.440807],[1.948562,41.44082],[1.948688,41.440828],[1.948793,41.440829],[1.94915,41.440975],[1.949505,41.441121],[1.950184,41.441376],[1.951476,41.44105],[1.952326,41.440905],[1.952605,41.440794],[1.952925,41.440123],[1.953147,41.439898],[1.953583,41.439654],[1.954503,41.439326],[1.95495,41.439226],[1.955502,41.439247],[1.95829,41.440342],[1.958942,41.440422],[1.959478,41.440398],[1.959997,41.440457],[1.961924,41.441553],[1.963648,41.442514],[1.964387,41.442788],[1.964981,41.442888],[1.966391,41.442863],[1.967066,41.442771],[1.968157,41.44249],[1.968715,41.44243],[1.971734,41.442632],[1.972197,41.442585],[1.974122,41.441781],[1.975688,41.441605],[1.976718,41.441624],[1.977037,41.441574],[1.977841,41.441296],[1.978511,41.440979],[1.97891,41.440871],[1.978989,41.44112],[1.978951,41.442031],[1.979025,41.442217],[1.979213,41.442335],[1.979247,41.442306],[1.979641,41.442604],[1.979857,41.442613],[1.980133,41.442628],[1.980775,41.442573],[1.981444,41.4424],[1.981529,41.442576],[1.981708,41.442731],[1.981969,41.442845],[1.982067,41.442886],[1.984993,41.443542],[1.985266,41.443294],[1.985541,41.443026],[1.985783,41.442846],[1.986149,41.442577],[1.986513,41.442308],[1.986724,41.442131],[1.98722,41.441642],[1.987398,41.441483],[1.98752,41.441386],[1.987651,41.441296],[1.987951,41.441059],[1.988299,41.440819],[1.988817,41.440493],[1.990408,41.439621],[1.985908,41.436913],[1.986901,41.435624],[1.986808,41.434839],[1.984602,41.434272],[1.984374,41.434349],[1.984159,41.434402],[1.983901,41.434524],[1.983764,41.43458],[1.983639,41.434615],[1.983447,41.434649],[1.983172,41.434639],[1.982719,41.434638],[1.982483,41.434654],[1.982321,41.434188],[1.980309,41.433751],[1.979128,41.43334],[1.978209,41.43296],[1.976075,41.432383],[1.974198,41.432172],[1.972899,41.430332],[1.972256,41.42857],[1.972158,41.428509],[1.97206,41.428449],[1.971962,41.428387],[1.971865,41.428326],[1.971818,41.428308],[1.971731,41.428276],[1.971643,41.428244],[1.9716,41.428227],[1.971556,41.428211],[1.971492,41.428187],[1.971401,41.428147],[1.971311,41.428107],[1.971227,41.42807],[1.971142,41.428033],[1.971057,41.428008],[1.970973,41.427983],[1.970833,41.427954],[1.970767,41.42794],[1.9707,41.427925],[1.9707,41.427924],[1.970684,41.42792],[1.970635,41.427908],[1.970582,41.427897],[1.97053,41.427887],[1.970482,41.427888],[1.970417,41.427892],[1.970268,41.427903],[1.970141,41.427896],[1.970134,41.427896],[1.970021,41.427889],[1.970021,41.42789],[1.96995,41.427887],[1.96976,41.427868],[1.969594,41.427854],[1.969575,41.427852],[1.969525,41.427852],[1.969229,41.427863],[1.968952,41.427896],[1.968727,41.427817],[1.968701,41.427794],[1.968675,41.427755],[1.96864,41.427693],[1.968605,41.427631],[1.968551,41.427526],[1.968496,41.427422],[1.968466,41.427348],[1.968435,41.427274],[1.9684,41.427203],[1.968368,41.42713],[1.968336,41.427057],[1.968209,41.42684],[1.968166,41.426721],[1.96812,41.426632],[1.968109,41.426618],[1.968105,41.426619],[1.96809,41.426594],[1.968073,41.426553],[1.96802,41.42649],[1.967967,41.426428],[1.967871,41.426339],[1.967776,41.426251],[1.967679,41.426176],[1.967582,41.426102],[1.967493,41.426018],[1.967403,41.425934],[1.967334,41.425859],[1.967265,41.425783],[1.967211,41.425728],[1.967157,41.425672],[1.967116,41.425623],[1.967013,41.425588],[1.966904,41.425562],[1.966767,41.425531],[1.966666,41.425515],[1.966561,41.425497],[1.966546,41.425493],[1.966515,41.425487],[1.966486,41.425477],[1.966459,41.425466],[1.966446,41.42546],[1.966433,41.425453],[1.966423,41.425447],[1.96637,41.425409],[1.966368,41.425408],[1.966325,41.425373],[1.966282,41.425339],[1.966206,41.425287],[1.966172,41.425262],[1.966137,41.425237],[1.966036,41.425159],[1.965887,41.425039],[1.965865,41.425021],[1.965841,41.425002],[1.96553,41.424752],[1.965461,41.424694],[1.965392,41.424635],[1.965373,41.424614],[1.965364,41.424615],[1.965347,41.424597],[1.965336,41.424584],[1.965326,41.424572],[1.965312,41.424551],[1.965299,41.42453],[1.965289,41.424511],[1.965279,41.424492],[1.965265,41.424449],[1.965263,41.42444],[1.965261,41.42443],[1.965251,41.424384],[1.96524,41.424337],[1.96523,41.42429],[1.965209,41.424193],[1.965204,41.424156],[1.965199,41.424083],[1.965191,41.423962],[1.965173,41.423795],[1.965153,41.423662],[1.965133,41.423529],[1.965087,41.423328],[1.965072,41.423255],[1.96507,41.423249],[1.965063,41.423226],[1.965055,41.423203],[1.965041,41.423172],[1.965034,41.423157],[1.965028,41.423146],[1.965022,41.423135],[1.965019,41.423129],[1.965016,41.423124],[1.965005,41.423108],[1.964993,41.423092],[1.964987,41.423084],[1.964933,41.423025],[1.964879,41.422966],[1.964851,41.422939],[1.964823,41.422912],[1.964737,41.422845],[1.964651,41.422778],[1.964509,41.422693],[1.964368,41.422609],[1.964316,41.42258],[1.964194,41.422514],[1.964073,41.422449],[1.964058,41.422441],[1.963844,41.422295],[1.963797,41.422267],[1.963603,41.422155],[1.96341,41.422042],[1.963258,41.42196],[1.963259,41.421959],[1.963132,41.421888],[1.963006,41.421817],[1.96288,41.421745],[1.962782,41.421688],[1.962683,41.421632],[1.962635,41.421605],[1.962587,41.421579],[1.962544,41.421567],[1.962455,41.421543],[1.96241,41.42153],[1.962182,41.421487],[1.961954,41.421443],[1.961903,41.421432],[1.961815,41.421412],[1.961727,41.421391],[1.961702,41.421385],[1.961678,41.421378],[1.961546,41.421347],[1.961415,41.421316],[1.961298,41.421286],[1.961182,41.421256],[1.961081,41.421228],[1.960986,41.421205],[1.960892,41.421181],[1.960762,41.421152],[1.960632,41.421122],[1.960598,41.421116],[1.96053,41.421104],[1.960428,41.421087],[1.960331,41.421069],[1.960241,41.421053],[1.960192,41.421044],[1.960053,41.421019],[1.959949,41.421003],[1.959877,41.421001],[1.959805,41.420998],[1.959704,41.421008],[1.959603,41.421018],[1.959537,41.421019],[1.959474,41.420994],[1.959412,41.420969],[1.959347,41.420945],[1.959323,41.420936],[1.959282,41.42092],[1.959237,41.420904],[1.959188,41.420887],[1.95914,41.420869],[1.959103,41.420855],[1.959051,41.420835],[1.959017,41.420823],[1.958958,41.420801],[1.958921,41.4208],[1.958884,41.4208],[1.958876,41.420799],[1.958867,41.420798],[1.95883,41.420788],[1.958793,41.420778],[1.95874,41.420763],[1.958688,41.420749],[1.958686,41.420748],[1.958685,41.420748],[1.958682,41.420747],[1.958678,41.420747],[1.958675,41.420747],[1.95867,41.420746],[1.958631,41.420729],[1.958592,41.420712],[1.95858,41.420706],[1.958582,41.420704],[1.958569,41.420697],[1.958556,41.420691],[1.958531,41.420678],[1.958494,41.420657],[1.958482,41.42065],[1.958481,41.420651],[1.95847,41.420645],[1.958419,41.420615],[1.958368,41.420584],[1.9583,41.420558],[1.958299,41.420554],[1.958301,41.420538],[1.958262,41.420516],[1.958162,41.420443],[1.958136,41.42044],[1.958085,41.42043],[1.958055,41.420425],[1.957961,41.4204],[1.957935,41.420391],[1.957873,41.420359],[1.957763,41.420299],[1.957593,41.42023],[1.957581,41.420228],[1.957571,41.420231],[1.957515,41.420268],[1.957502,41.42027],[1.957474,41.420264],[1.957458,41.420259],[1.957441,41.420252],[1.95724,41.420157],[1.957224,41.420142],[1.956994,41.420171],[1.956952,41.420148],[1.956882,41.420101],[1.956797,41.420041],[1.956697,41.419968],[1.956467,41.419801],[1.956342,41.419733],[1.956117,41.419614],[1.955902,41.419555],[1.955591,41.419684],[1.955501,41.419695],[1.955336,41.419712],[1.955132,41.419732],[1.954895,41.419729],[1.954658,41.419725],[1.954462,41.419723],[1.954267,41.41972],[1.954015,41.419745],[1.953868,41.419758],[1.953807,41.419768],[1.9537,41.419786],[1.953624,41.419801],[1.953414,41.419843],[1.953305,41.419864],[1.953201,41.419894],[1.953129,41.419948],[1.953119,41.419958],[1.953069,41.420031],[1.953018,41.420046],[1.952968,41.420067],[1.952946,41.420076],[1.952916,41.420086],[1.952686,41.420247],[1.952619,41.42026],[1.952552,41.420273],[1.952325,41.420304],[1.952164,41.420322],[1.952099,41.420335],[1.95205,41.420342],[1.951915,41.420364],[1.951883,41.42037],[1.951855,41.420382],[1.951834,41.420394],[1.951787,41.420442],[1.951765,41.420436],[1.951601,41.420431],[1.951494,41.420424],[1.951457,41.420415],[1.95142,41.420413],[1.951401,41.420416],[1.951381,41.420417],[1.951288,41.420419],[1.951229,41.420427],[1.951213,41.42043],[1.951134,41.420443],[1.951063,41.420463],[1.950926,41.420507],[1.950705,41.42058],[1.950601,41.420614],[1.950493,41.420648],[1.950485,41.42065],[1.950472,41.420654],[1.950461,41.420658],[1.950415,41.420674],[1.95037,41.42069],[1.950335,41.420706],[1.950299,41.420723],[1.950276,41.420735],[1.950226,41.420764],[1.950214,41.42077],[1.950152,41.420805],[1.950106,41.42082],[1.95006,41.420835],[1.950031,41.420844],[1.949977,41.420862],[1.949952,41.42087],[1.949914,41.420881],[1.949821,41.420909],[1.949795,41.420917],[1.949717,41.420941],[1.949631,41.420966],[1.949567,41.420996],[1.949504,41.421036],[1.94942,41.421061],[1.949336,41.421086],[1.949227,41.421116],[1.949164,41.421137],[1.948992,41.421189],[1.948897,41.421099],[1.948819,41.421031],[1.948741,41.420966],[1.948672,41.420908],[1.948649,41.420889],[1.948581,41.420835],[1.948496,41.420768],[1.948421,41.420709],[1.948353,41.420659],[1.94833,41.420642],[1.948318,41.420634],[1.948186,41.420542],[1.948048,41.420465],[1.948002,41.420439],[1.947898,41.420381],[1.947794,41.420323],[1.947698,41.420269],[1.947645,41.42024],[1.947613,41.420222],[1.947511,41.420188],[1.947458,41.420173],[1.947393,41.420178],[1.947293,41.420194],[1.947241,41.420202],[1.947166,41.420221],[1.947149,41.420224],[1.947095,41.420233],[1.947049,41.420241],[1.947006,41.420247],[1.946975,41.420252],[1.946942,41.420255],[1.946913,41.420258],[1.946881,41.42026],[1.946865,41.42026],[1.946849,41.420261],[1.946832,41.420261],[1.946815,41.420261],[1.946796,41.42026],[1.946777,41.42026],[1.946746,41.420258],[1.946709,41.420255],[1.94667,41.420251],[1.946628,41.420246],[1.946591,41.42024],[1.946554,41.420234],[1.946498,41.420224],[1.946434,41.42021],[1.946364,41.420193],[1.946335,41.420185],[1.946305,41.420176],[1.946252,41.420161],[1.946206,41.420146],[1.94613,41.42012],[1.946056,41.420094],[1.945962,41.420058],[1.94595,41.420052],[1.945779,41.419985],[1.945714,41.419959],[1.9455,41.419878],[1.945255,41.419804],[1.945173,41.419706],[1.945185,41.419489],[1.945191,41.419287],[1.945206,41.418991],[1.945213,41.418847],[1.945215,41.418787],[1.945208,41.418679],[1.945205,41.418615],[1.945203,41.418585],[1.9452,41.418556],[1.945189,41.41845],[1.945196,41.418413],[1.945199,41.418393],[1.945222,41.418122],[1.94522,41.418122],[1.945217,41.41809],[1.94521,41.417977],[1.945213,41.417906],[1.9452,41.417789],[1.945192,41.417693],[1.945183,41.417509],[1.945053,41.417511],[1.944924,41.417515],[1.944891,41.417525],[1.944814,41.41754],[1.944812,41.417538],[1.944801,41.417524],[1.944793,41.417515],[1.944782,41.417524],[1.944778,41.417526],[1.944743,41.417533],[1.944707,41.417541],[1.944681,41.417545],[1.944666,41.417549],[1.94465,41.417553],[1.944638,41.417557],[1.944579,41.417577],[1.944566,41.417582],[1.944576,41.417593],[1.94458,41.417598],[1.944482,41.417647],[1.944459,41.417658],[1.944435,41.417671],[1.944385,41.417696],[1.944282,41.417745],[1.944179,41.417796],[1.944195,41.417813],[1.944004,41.417884],[1.943976,41.417893],[1.943881,41.417925],[1.943868,41.417905],[1.943803,41.417924],[1.943784,41.417927],[1.943777,41.417929],[1.943713,41.417947],[1.94368,41.417957],[1.943577,41.417987],[1.943585,41.417996],[1.9436,41.418013],[1.943617,41.418032],[1.943426,41.418076],[1.943296,41.418231],[1.943285,41.418235],[1.943288,41.418239],[1.943105,41.418326],[1.943102,41.418323],[1.943033,41.418354],[1.943021,41.418359],[1.943015,41.418353],[1.942905,41.418394],[1.942809,41.418436],[1.942799,41.418441],[1.942795,41.418441],[1.942797,41.418445],[1.942722,41.418487],[1.942695,41.418457],[1.942495,41.418536],[1.942296,41.418581],[1.942302,41.418587],[1.942336,41.418622],[1.94237,41.418661],[1.942348,41.418674],[1.94227,41.418689],[1.942271,41.418679],[1.942023,41.418702],[1.942016,41.418703],[1.941961,41.41872],[1.941894,41.418729],[1.941727,41.418739],[1.941655,41.41874],[1.941563,41.418737],[1.941434,41.418727],[1.941138,41.418738],[1.941074,41.418774],[1.940978,41.418839],[1.940919,41.41887],[1.940847,41.418891],[1.94068,41.418945],[1.940559,41.418978],[1.940534,41.418981],[1.94051,41.418979],[1.940487,41.418974],[1.94048,41.418969],[1.940453,41.418957],[1.940444,41.418955],[1.940429,41.418953],[1.940424,41.418953],[1.940409,41.418953],[1.940398,41.418952],[1.940386,41.418953],[1.940345,41.418954],[1.940322,41.418952],[1.940302,41.418949],[1.940266,41.418936],[1.939984,41.418958],[1.939713,41.418961],[1.939715,41.41893],[1.93938,41.418931],[1.93936,41.418995],[1.939064,41.419023],[1.93903,41.419016],[1.938997,41.41901],[1.938915,41.418997],[1.938905,41.418999],[1.938894,41.419003],[1.93889,41.419004],[1.938885,41.419007],[1.938875,41.418998],[1.938861,41.418987],[1.93886,41.418984],[1.938851,41.418976],[1.938843,41.418971],[1.938837,41.418969],[1.938832,41.418967],[1.938827,41.418967],[1.938823,41.418967],[1.938818,41.418969],[1.938813,41.418971],[1.938809,41.418974],[1.938805,41.418976],[1.938799,41.418979],[1.938794,41.418977],[1.93879,41.418976],[1.938786,41.418973],[1.93878,41.418967],[1.938775,41.418964],[1.93877,41.418961],[1.938765,41.418958],[1.93876,41.418954],[1.938756,41.418951],[1.938749,41.418945],[1.938745,41.418942],[1.938741,41.41894],[1.938737,41.418941],[1.938731,41.418943],[1.938724,41.418945],[1.938719,41.418947],[1.938711,41.418951],[1.938708,41.418954],[1.938539,41.418951],[1.938514,41.418939],[1.938488,41.418944],[1.938479,41.418945],[1.938451,41.41895],[1.938443,41.418951],[1.938432,41.418948],[1.938423,41.418946],[1.938416,41.418945],[1.938406,41.418945],[1.938397,41.418945],[1.938387,41.418948],[1.938383,41.418951],[1.938379,41.418954],[1.938375,41.418956],[1.938371,41.41896],[1.938365,41.41896],[1.938354,41.418959],[1.938344,41.418959],[1.938338,41.418959],[1.938341,41.418945],[1.93822,41.418936],[1.938159,41.418932],[1.93811,41.418935],[1.938068,41.418941],[1.938044,41.418945],[1.937982,41.418966],[1.937851,41.418927],[1.937863,41.418904],[1.937865,41.418897],[1.937818,41.418883],[1.937678,41.418839],[1.937696,41.418812],[1.937406,41.418693],[1.937398,41.418704],[1.937396,41.418697],[1.937233,41.418623],[1.937228,41.418621],[1.937206,41.418609],[1.937184,41.41859],[1.937176,41.418578],[1.937131,41.418544],[1.937133,41.418542],[1.937147,41.418529],[1.937068,41.418486],[1.937053,41.418473],[1.936993,41.418422],[1.936963,41.418396],[1.936942,41.418378],[1.936956,41.418362],[1.936837,41.418265],[1.936828,41.418268],[1.93682,41.41826],[1.936816,41.418263],[1.936799,41.418251],[1.93679,41.418243],[1.936689,41.418168],[1.936713,41.418134],[1.936721,41.418118],[1.936721,41.418096],[1.936658,41.417994],[1.936639,41.417977],[1.93662,41.417959],[1.936352,41.417807],[1.936359,41.417786],[1.936361,41.417772],[1.936323,41.417705],[1.936305,41.417687],[1.936169,41.417484],[1.936018,41.417295],[1.935919,41.41714],[1.9358,41.41698],[1.935804,41.416937],[1.935851,41.41688],[1.935884,41.416839],[1.935887,41.41679],[1.935883,41.416746],[1.935758,41.416573],[1.935747,41.416558],[1.935726,41.416529],[1.935664,41.416428],[1.935678,41.41636],[1.935694,41.416337],[1.935682,41.416275],[1.935691,41.416246],[1.935721,41.4162],[1.935648,41.416078],[1.935656,41.415971],[1.935855,41.415789],[1.935933,41.415707],[1.936143,41.415479],[1.936316,41.415246],[1.936653,41.415208],[1.936308,41.41487],[1.936217,41.414843],[1.936104,41.414811],[1.935968,41.414773],[1.935819,41.414743],[1.935687,41.414713],[1.935606,41.414682],[1.935534,41.414635],[1.935442,41.414572],[1.935373,41.414525],[1.935362,41.41452],[1.935347,41.414515],[1.935329,41.41451],[1.935314,41.414507],[1.9353,41.414503],[1.935283,41.4145],[1.935264,41.414497],[1.935248,41.414495],[1.935225,41.414493],[1.935199,41.414492],[1.935174,41.414491],[1.935142,41.41449],[1.935097,41.41449],[1.935085,41.41449],[1.93507,41.41449],[1.93506,41.41449],[1.935041,41.41449],[1.935031,41.41449],[1.935013,41.41449],[1.934987,41.41449],[1.934976,41.41449],[1.934965,41.414489],[1.934954,41.414489],[1.934943,41.414489],[1.934932,41.414489],[1.934926,41.414489],[1.934918,41.41449],[1.93491,41.41449],[1.934904,41.41449],[1.9349,41.414491],[1.934892,41.414492],[1.934886,41.414492],[1.934881,41.414493],[1.934877,41.414494],[1.934873,41.414495],[1.934867,41.414496],[1.934861,41.414497],[1.934853,41.414499],[1.934848,41.414501],[1.934842,41.414503],[1.934836,41.414505],[1.93483,41.414507],[1.934825,41.414509],[1.934806,41.414516],[1.934786,41.414526],[1.934763,41.414537],[1.934725,41.414557],[1.934716,41.414561],[1.934638,41.414602],[1.934524,41.414661],[1.934504,41.414671],[1.934498,41.414673],[1.93449,41.414677],[1.934478,41.414681],[1.934467,41.414685],[1.934449,41.414691],[1.934434,41.414696],[1.934418,41.414701],[1.934406,41.414705],[1.934396,41.414709],[1.934388,41.414712],[1.934379,41.414715],[1.93437,41.414719],[1.934356,41.414724],[1.934345,41.414728],[1.934311,41.414742],[1.934294,41.414749],[1.934277,41.414755],[1.934268,41.414759],[1.934251,41.414765],[1.934234,41.414771],[1.93422,41.414776],[1.934197,41.414784],[1.934174,41.414792],[1.934157,41.414798],[1.934134,41.414805],[1.934111,41.414813],[1.934097,41.414817],[1.934087,41.41482],[1.934078,41.414823],[1.934069,41.414825],[1.934059,41.414828],[1.934039,41.414834],[1.934002,41.414843],[1.933986,41.414847],[1.933968,41.414852],[1.933947,41.414858],[1.933918,41.414866],[1.933899,41.414871],[1.933884,41.414875],[1.93387,41.414879],[1.933853,41.414883],[1.933826,41.414889],[1.933798,41.414895],[1.933778,41.4149],[1.933755,41.414905],[1.933738,41.414909],[1.933723,41.414912],[1.93371,41.414915],[1.933701,41.414917],[1.93369,41.414919],[1.933679,41.414921],[1.933669,41.414922],[1.933659,41.414924],[1.933653,41.414924],[1.933643,41.414926],[1.933638,41.414926],[1.933628,41.414927],[1.933618,41.414927],[1.933603,41.414928],[1.933573,41.414929],[1.933557,41.41493],[1.933537,41.414931],[1.933509,41.414933],[1.933497,41.414934],[1.933482,41.414934],[1.933472,41.414935],[1.933458,41.414935],[1.933446,41.414935],[1.933432,41.414936],[1.933413,41.414936],[1.933401,41.414936],[1.933384,41.414936],[1.933371,41.414935],[1.933358,41.414935],[1.933343,41.414935],[1.933332,41.414934],[1.933322,41.414934],[1.933312,41.414933],[1.9333,41.414932],[1.933283,41.414931],[1.933259,41.414929],[1.933226,41.414926],[1.93318,41.414923],[1.933158,41.414921],[1.933143,41.41492],[1.933128,41.414918],[1.93312,41.414917],[1.933106,41.414916],[1.933098,41.414915],[1.933085,41.414913],[1.933077,41.414912],[1.933066,41.41491],[1.933057,41.414908],[1.933047,41.414906],[1.933037,41.414904],[1.93302,41.414901],[1.933009,41.414898],[1.933,41.414896],[1.93299,41.414894],[1.932979,41.414891],[1.932971,41.414889],[1.932958,41.414885],[1.93295,41.414883],[1.932937,41.414879],[1.932929,41.414876],[1.932921,41.414873],[1.932913,41.414871],[1.932904,41.414867],[1.932889,41.414862],[1.93288,41.414858],[1.932868,41.414853],[1.932847,41.414845],[1.932826,41.414836],[1.932802,41.414825],[1.932779,41.414815],[1.932761,41.414807],[1.932748,41.414801],[1.932523,41.414698],[1.932517,41.414695],[1.93251,41.41469],[1.932503,41.414686],[1.932496,41.414682],[1.932487,41.414676],[1.932479,41.414671],[1.932471,41.414665],[1.932462,41.414659],[1.932455,41.414654],[1.932449,41.414649],[1.932437,41.414641],[1.93243,41.414635],[1.932419,41.414626],[1.932404,41.414614],[1.932392,41.414604],[1.932378,41.414592],[1.93237,41.414586],[1.932357,41.414575],[1.93235,41.414569],[1.932341,41.414561],[1.932324,41.414547],[1.932306,41.414532],[1.932294,41.414518],[1.93229,41.414514],[1.932284,41.414509],[1.932278,41.414504],[1.932274,41.414502],[1.932268,41.414497],[1.932265,41.414495],[1.932261,41.414491],[1.932254,41.414486],[1.932251,41.414484],[1.932247,41.41448],[1.932242,41.414477],[1.932239,41.414475],[1.932235,41.414472],[1.932232,41.41447],[1.932226,41.414465],[1.93222,41.414461],[1.932208,41.414453],[1.932201,41.414448],[1.932198,41.414446],[1.932192,41.414442],[1.932189,41.41444],[1.932185,41.414437],[1.932181,41.414433],[1.932178,41.414432],[1.932175,41.414429],[1.932172,41.414427],[1.932167,41.414423],[1.932163,41.414419],[1.932153,41.414411],[1.932146,41.414405],[1.932141,41.414401],[1.932139,41.414399],[1.932135,41.414396],[1.932131,41.414393],[1.93213,41.414392],[1.932128,41.41439],[1.932123,41.414387],[1.932119,41.414384],[1.932116,41.414382],[1.932111,41.414378],[1.932106,41.414375],[1.932103,41.414373],[1.932097,41.414369],[1.932088,41.414363],[1.932083,41.414359],[1.931995,41.414293],[1.931989,41.414288],[1.931985,41.414284],[1.931983,41.414282],[1.93198,41.414279],[1.931976,41.414276],[1.931975,41.414275],[1.931972,41.414273],[1.931971,41.414272],[1.931968,41.414269],[1.931966,41.414268],[1.931963,41.414265],[1.931959,41.414263],[1.931957,41.414261],[1.931953,41.414258],[1.931949,41.414256],[1.931947,41.414254],[1.931942,41.414251],[1.931936,41.414246],[1.931931,41.414243],[1.931921,41.414237],[1.931911,41.41423],[1.931906,41.414226],[1.931898,41.414221],[1.931894,41.414218],[1.93189,41.414216],[1.931884,41.414211],[1.931879,41.414208],[1.93187,41.414201],[1.931851,41.414187],[1.931841,41.41418],[1.931833,41.414174],[1.931827,41.41417],[1.931815,41.414161],[1.931803,41.414153],[1.931779,41.414136],[1.931767,41.414128],[1.931761,41.414124],[1.931752,41.414118],[1.931746,41.414114],[1.931734,41.414105],[1.931729,41.414101],[1.931717,41.414093],[1.931705,41.414084],[1.931698,41.414078],[1.931692,41.414075],[1.931682,41.414067],[1.931671,41.414058],[1.931665,41.414054],[1.931656,41.414047],[1.931647,41.414041],[1.931643,41.414037],[1.931635,41.41403],[1.93163,41.414027],[1.931624,41.414022],[1.931615,41.414015],[1.93161,41.41401],[1.931606,41.414007],[1.931598,41.414001],[1.931593,41.413996],[1.931589,41.413993],[1.931582,41.413987],[1.931578,41.413983],[1.931571,41.413977],[1.931563,41.413971],[1.931558,41.413966],[1.931555,41.413963],[1.931513,41.413934],[1.931496,41.413919],[1.931485,41.413909],[1.93147,41.413896],[1.931463,41.413889],[1.931446,41.413875],[1.931437,41.413867],[1.93142,41.413853],[1.931412,41.413845],[1.931399,41.413834],[1.931383,41.41382],[1.931368,41.413808],[1.931361,41.413802],[1.93135,41.413792],[1.931339,41.413783],[1.931334,41.413778],[1.931325,41.413771],[1.931314,41.413762],[1.931309,41.413757],[1.9313,41.413751],[1.931292,41.413744],[1.931288,41.41374],[1.931282,41.413736],[1.931272,41.413728],[1.931262,41.413719],[1.931257,41.413716],[1.931248,41.413708],[1.93124,41.413703],[1.93123,41.413694],[1.931224,41.41369],[1.931216,41.413684],[1.931209,41.413679],[1.931206,41.413676],[1.9312,41.413672],[1.931192,41.413666],[1.931184,41.41366],[1.931182,41.413658],[1.931136,41.413625],[1.931096,41.413598],[1.931026,41.413559],[1.930947,41.413515],[1.930902,41.413489],[1.930884,41.413478],[1.930872,41.413472],[1.930862,41.413468],[1.930858,41.413467],[1.930829,41.413459],[1.930815,41.413455],[1.930808,41.413453],[1.930676,41.413403],[1.930652,41.413393],[1.930604,41.413373],[1.930567,41.413359],[1.930527,41.413345],[1.930445,41.413317],[1.930383,41.413296],[1.930248,41.413251],[1.930174,41.413224],[1.930162,41.413219],[1.930139,41.413207],[1.930121,41.413199],[1.930102,41.413192],[1.930063,41.413179],[1.930044,41.413171],[1.930035,41.413167],[1.929966,41.413129],[1.929902,41.413096],[1.929814,41.413049],[1.929797,41.413042],[1.92976,41.413031],[1.92976,41.413031],[1.929609,41.412988],[1.929578,41.412979],[1.929536,41.412963],[1.929454,41.412928],[1.929368,41.412892],[1.929325,41.412872],[1.929298,41.412859],[1.929245,41.41283],[1.929167,41.412787],[1.928927,41.412638],[1.928757,41.412501],[1.928737,41.412485],[1.928732,41.412481],[1.928725,41.412472],[1.928711,41.412442],[1.928671,41.41237],[1.92864,41.412307],[1.928634,41.4123],[1.928619,41.412289],[1.928613,41.412283],[1.928611,41.41228],[1.928604,41.412264],[1.928592,41.412232],[1.928587,41.412217],[1.928577,41.412189],[1.928569,41.412168],[1.928566,41.412163],[1.92856,41.412156],[1.928552,41.412149],[1.928533,41.412136],[1.92852,41.412127],[1.928514,41.412121],[1.928501,41.412107],[1.928477,41.412077],[1.928463,41.412063],[1.928456,41.412056],[1.928368,41.41198],[1.928312,41.411943],[1.928254,41.411916],[1.928225,41.411907],[1.928218,41.411904],[1.928207,41.411901],[1.928191,41.411895],[1.92818,41.411892],[1.928175,41.41189],[1.928167,41.411887],[1.928156,41.411884],[1.92815,41.411882],[1.928142,41.411879],[1.92813,41.411874],[1.928123,41.411872],[1.928108,41.411866],[1.928099,41.411863],[1.928079,41.411856],[1.928065,41.41185],[1.928055,41.411847],[1.92805,41.411845],[1.928043,41.411842],[1.928036,41.41184],[1.928032,41.411838],[1.928025,41.411836],[1.928021,41.411834],[1.928011,41.411831],[1.928002,41.411828],[1.927983,41.411822],[1.927974,41.411819],[1.927969,41.411817],[1.92796,41.411814],[1.927955,41.411812],[1.927949,41.41181],[1.927942,41.411807],[1.927938,41.411806],[1.927935,41.411805],[1.927928,41.411802],[1.927921,41.411799],[1.927916,41.411798],[1.927907,41.411794],[1.927898,41.41179],[1.92788,41.411783],[1.92787,41.411779],[1.927866,41.411777],[1.927857,41.411773],[1.927852,41.411772],[1.927845,41.411769],[1.927842,41.411768],[1.927836,41.411765],[1.927829,41.411763],[1.927825,41.411762],[1.927817,41.411759],[1.92781,41.411756],[1.927807,41.411755],[1.927651,41.411704],[1.927635,41.411699],[1.927602,41.41169],[1.927503,41.411665],[1.927479,41.41166],[1.92743,41.411649],[1.927395,41.41164],[1.927381,41.411636],[1.927354,41.411627],[1.927328,41.411618],[1.927277,41.411596],[1.927224,41.411573],[1.927198,41.41156],[1.927134,41.411528],[1.927097,41.411508],[1.92708,41.411498],[1.927059,41.411483],[1.927046,41.411473],[1.927022,41.411451],[1.92702,41.411449],[1.927003,41.411432],[1.926963,41.411386],[1.926909,41.411323],[1.926902,41.411313],[1.92689,41.411293],[1.926881,41.411279],[1.926862,41.411252],[1.926851,41.41124],[1.9268,41.411191],[1.926779,41.41117],[1.926735,41.411128],[1.926723,41.411114],[1.926716,41.411104],[1.926703,41.411084],[1.926688,41.411062],[1.926675,41.411048],[1.926649,41.41102],[1.92663,41.410998],[1.926623,41.410987],[1.926612,41.410965],[1.926602,41.410948],[1.926584,41.410926],[1.926569,41.410906],[1.926564,41.410896],[1.926562,41.410886],[1.926561,41.410868],[1.926561,41.410862],[1.926562,41.41085],[1.926561,41.410841],[1.926557,41.410828],[1.926554,41.41082],[1.926545,41.410803],[1.926521,41.410765],[1.926516,41.410756],[1.926507,41.41074],[1.926499,41.410727],[1.926492,41.410718],[1.926472,41.410703],[1.926465,41.410698],[1.92645,41.410687],[1.926439,41.410679],[1.926429,41.410669],[1.926413,41.410647],[1.926404,41.410636],[1.926399,41.410631],[1.926389,41.410622],[1.926366,41.410605],[1.926356,41.410596],[1.926352,41.410591],[1.926314,41.410546],[1.926281,41.410505],[1.926271,41.410493],[1.92625,41.410471],[1.926236,41.410453],[1.926208,41.41041],[1.926177,41.410364],[1.926166,41.410343],[1.92616,41.410329],[1.926156,41.410319],[1.926151,41.4103],[1.92615,41.410291],[1.92615,41.410284],[1.926151,41.41027],[1.926157,41.41025],[1.926163,41.410237],[1.926176,41.41021],[1.926178,41.410207],[1.926183,41.410201],[1.926201,41.410185],[1.926208,41.410176],[1.92621,41.410171],[1.926214,41.410152],[1.926215,41.410139],[1.926217,41.410114],[1.926219,41.410084],[1.926217,41.410074],[1.926216,41.410069],[1.926196,41.410017],[1.926175,41.409964],[1.926165,41.409943],[1.926158,41.409929],[1.926141,41.409902],[1.926134,41.409892],[1.92612,41.409874],[1.926109,41.40986],[1.926106,41.409855],[1.926101,41.409844],[1.926087,41.409811],[1.926081,41.409801],[1.926077,41.409796],[1.92607,41.409789],[1.926057,41.409779],[1.92603,41.409761],[1.926001,41.409745],[1.925941,41.409715],[1.925855,41.409671],[1.92571,41.409595],[1.925677,41.40958],[1.925611,41.40955],[1.925561,41.409527],[1.925528,41.40951],[1.925465,41.409471],[1.925432,41.409453],[1.925415,41.409444],[1.925369,41.409422],[1.925277,41.409377],[1.925216,41.409348],[1.92521,41.409346],[1.925198,41.409343],[1.925185,41.409342],[1.925157,41.409342],[1.925143,41.409342],[1.925136,41.409341],[1.925127,41.409339],[1.925098,41.409331],[1.925084,41.409326],[1.925064,41.409317],[1.925045,41.409307],[1.925036,41.409301],[1.925013,41.409284],[1.924969,41.409247],[1.924948,41.409228],[1.924936,41.40922],[1.92491,41.409201],[1.924855,41.409166],[1.924829,41.409148],[1.924816,41.409138],[1.924806,41.409127],[1.92479,41.409103],[1.924781,41.409091],[1.924776,41.409086],[1.924768,41.409078],[1.92475,41.409063],[1.924737,41.409051],[1.924723,41.409035],[1.924695,41.409003],[1.924674,41.408978],[1.924644,41.408941],[1.924631,41.408921],[1.924619,41.408901],[1.924615,41.408891],[1.924612,41.408884],[1.924608,41.408869],[1.924605,41.408855],[1.924602,41.408826],[1.9246,41.408784],[1.924598,41.408773],[1.924592,41.40875],[1.92457,41.408682],[1.924563,41.408659],[1.924561,41.408647],[1.924558,41.40863],[1.924555,41.408592],[1.924549,41.408516],[1.924549,41.408504],[1.924548,41.408481],[1.924547,41.408463],[1.924545,41.408452],[1.924543,41.408446],[1.92454,41.408438],[1.92451,41.408382],[1.924508,41.40838],[1.924506,41.408377],[1.924503,41.408374],[1.924498,41.40837],[1.924496,41.408367],[1.924493,41.408364],[1.924489,41.408361],[1.924486,41.408359],[1.924482,41.408356],[1.924479,41.408353],[1.924478,41.408353],[1.924475,41.408351],[1.924471,41.408348],[1.924466,41.408345],[1.924462,41.408343],[1.924458,41.408341],[1.924453,41.408338],[1.924449,41.408336],[1.924446,41.408335],[1.924415,41.408323],[1.924408,41.408321],[1.924404,41.408319],[1.924398,41.408317],[1.924391,41.408315],[1.924387,41.408314],[1.924381,41.408313],[1.924375,41.408311],[1.92437,41.408309],[1.924364,41.408308],[1.924357,41.408306],[1.924351,41.408304],[1.924347,41.408303],[1.924343,41.408302],[1.924338,41.4083],[1.92433,41.408298],[1.924323,41.408296],[1.924318,41.408295],[1.924312,41.408293],[1.924308,41.408291],[1.924303,41.408289],[1.924296,41.408286],[1.924291,41.408285],[1.924286,41.408283],[1.92428,41.40828],[1.924274,41.408278],[1.92427,41.408277],[1.924265,41.408275],[1.924258,41.408273],[1.924254,41.408271],[1.924248,41.40827],[1.924241,41.408268],[1.924237,41.408266],[1.924231,41.408264],[1.924225,41.408262],[1.92422,41.408261],[1.924214,41.408259],[1.924206,41.408257],[1.924202,41.408256],[1.924197,41.408254],[1.92419,41.408252],[1.924185,41.408251],[1.924179,41.408249],[1.924174,41.408247],[1.924171,41.408246],[1.924166,41.408244],[1.92416,41.408243],[1.924152,41.40824],[1.924147,41.408239],[1.924144,41.408238],[1.92414,41.408236],[1.924135,41.408235],[1.924131,41.408233],[1.924126,41.408232],[1.92412,41.40823],[1.924112,41.408227],[1.924104,41.408224],[1.924101,41.408222],[1.924096,41.40822],[1.924093,41.408219],[1.924088,41.408217],[1.924083,41.408214],[1.924076,41.408212],[1.924073,41.40821],[1.924068,41.408208],[1.924064,41.408207],[1.924058,41.408205],[1.924054,41.408203],[1.92405,41.408202],[1.924045,41.408201],[1.92404,41.408199],[1.924035,41.408197],[1.924031,41.408195],[1.924026,41.408193],[1.924019,41.40819],[1.924015,41.408188],[1.92401,41.408185],[1.924003,41.408182],[1.923999,41.40818],[1.923994,41.408178],[1.923987,41.408174],[1.923982,41.408172],[1.923976,41.408169],[1.92397,41.408166],[1.923966,41.408164],[1.923961,41.408161],[1.923955,41.408158],[1.923951,41.408156],[1.923945,41.408153],[1.923941,41.408151],[1.923936,41.408148],[1.92393,41.408144],[1.923927,41.408141],[1.923922,41.408138],[1.923916,41.408134],[1.923912,41.408132],[1.923907,41.408128],[1.923901,41.408124],[1.923898,41.408121],[1.923893,41.408118],[1.923888,41.408113],[1.923885,41.40811],[1.923881,41.408107],[1.923876,41.408102],[1.923873,41.4081],[1.92387,41.408096],[1.923865,41.408091],[1.923863,41.408089],[1.923861,41.408085],[1.923857,41.40808],[1.923855,41.408078],[1.923852,41.408074],[1.923849,41.408069],[1.923846,41.408066],[1.923843,41.408062],[1.923838,41.408057],[1.923835,41.408055],[1.923832,41.408051],[1.923827,41.408046],[1.923824,41.408044],[1.92382,41.40804],[1.923815,41.408035],[1.923812,41.408033],[1.923808,41.408029],[1.923804,41.408025],[1.923801,41.408022],[1.923797,41.408019],[1.923793,41.408015],[1.92379,41.408013],[1.923786,41.408009],[1.923782,41.408005],[1.923778,41.408002],[1.923775,41.407998],[1.92377,41.407994],[1.923767,41.407991],[1.923763,41.407987],[1.923759,41.407984],[1.923756,41.407982],[1.923753,41.407979],[1.92375,41.407977],[1.923748,41.407975],[1.923742,41.40797],[1.923739,41.407966],[1.923736,41.407964],[1.923734,41.407962],[1.923728,41.407957],[1.923724,41.407954],[1.923722,41.407952],[1.923719,41.40795],[1.923715,41.407947],[1.923712,41.407945],[1.923709,41.407942],[1.923705,41.407938],[1.923699,41.407933],[1.923696,41.407931],[1.923691,41.407927],[1.923685,41.407922],[1.923681,41.407919],[1.923676,41.407916],[1.923671,41.407911],[1.923667,41.407909],[1.923663,41.407905],[1.923656,41.4079],[1.923653,41.407898],[1.92365,41.407896],[1.923647,41.407893],[1.923643,41.40789],[1.92364,41.407888],[1.923636,41.407886],[1.923631,41.407882],[1.923627,41.407879],[1.923625,41.407877],[1.923621,41.407874],[1.923616,41.40787],[1.923612,41.407867],[1.923605,41.407863],[1.923602,41.407861],[1.923599,41.407859],[1.923595,41.407856],[1.923592,41.407854],[1.923588,41.407852],[1.923583,41.407848],[1.923576,41.407844],[1.923572,41.407842],[1.923567,41.407839],[1.923563,41.407836],[1.923557,41.407834],[1.923551,41.407831],[1.923547,41.407829],[1.923542,41.407827],[1.923535,41.407825],[1.92353,41.407824],[1.923525,41.407823],[1.923518,41.407821],[1.923512,41.407821],[1.923498,41.40782],[1.923485,41.407819],[1.923481,41.407819],[1.923475,41.407819],[1.923468,41.40782],[1.923463,41.40782],[1.923457,41.407821],[1.923449,41.407821],[1.923444,41.407821],[1.923438,41.407821],[1.923431,41.407822],[1.923427,41.407822],[1.923421,41.407822],[1.923414,41.407823],[1.923409,41.407823],[1.923403,41.407824],[1.923397,41.407825],[1.923392,41.407826],[1.923387,41.407827],[1.92338,41.40783],[1.923375,41.407831],[1.923369,41.407833],[1.923362,41.407836],[1.923359,41.407837],[1.923354,41.407839],[1.923349,41.407842],[1.923346,41.407843],[1.923342,41.407845],[1.923337,41.407848],[1.923334,41.40785],[1.92333,41.407852],[1.923326,41.407854],[1.923323,41.407856],[1.923318,41.407858],[1.923313,41.407862],[1.92331,41.407863],[1.923306,41.407866],[1.9233,41.40787],[1.923296,41.407872],[1.923291,41.407875],[1.923285,41.407879],[1.923282,41.407881],[1.923277,41.407884],[1.923272,41.407887],[1.923268,41.407889],[1.923263,41.407892],[1.923257,41.407895],[1.923253,41.407897],[1.923248,41.4079],[1.923242,41.407904],[1.923238,41.407906],[1.923234,41.407909],[1.923228,41.407912],[1.923224,41.407914],[1.923218,41.407917],[1.923212,41.40792],[1.923209,41.407922],[1.923204,41.407925],[1.923199,41.407928],[1.923195,41.407931],[1.923191,41.407933],[1.923185,41.407937],[1.923181,41.407939],[1.923176,41.407941],[1.92317,41.407945],[1.923167,41.407946],[1.923162,41.407949],[1.923156,41.407951],[1.923152,41.407953],[1.923147,41.407954],[1.923141,41.407956],[1.923138,41.407958],[1.923133,41.40796],[1.923128,41.407961],[1.923122,41.407964],[1.923119,41.407966],[1.923115,41.407968],[1.923111,41.407971],[1.923109,41.407973],[1.923105,41.407976],[1.923097,41.407985],[1.923095,41.407988],[1.923092,41.40799],[1.923089,41.407993],[1.923086,41.407996],[1.923083,41.407999],[1.923081,41.408002],[1.923079,41.408005],[1.923076,41.408008],[1.923073,41.40801],[1.92307,41.408013],[1.923066,41.408016],[1.923062,41.408019],[1.923057,41.408021],[1.923054,41.408024],[1.923049,41.408026],[1.923046,41.408028],[1.923042,41.40803],[1.923037,41.408032],[1.923034,41.408034],[1.923029,41.408036],[1.923023,41.408038],[1.923019,41.40804],[1.923014,41.408042],[1.923008,41.408045],[1.923004,41.408048],[1.922999,41.40805],[1.922992,41.408054],[1.922985,41.408057],[1.922982,41.408059],[1.922978,41.408062],[1.922974,41.408063],[1.92297,41.408066],[1.922967,41.408068],[1.922964,41.408069],[1.922958,41.408074],[1.922954,41.408076],[1.922949,41.408079],[1.922943,41.408084],[1.922939,41.408087],[1.922936,41.408088],[1.922933,41.40809],[1.922929,41.408093],[1.922926,41.408095],[1.922923,41.408098],[1.922918,41.408102],[1.922912,41.408107],[1.922908,41.40811],[1.922906,41.408111],[1.922903,41.408113],[1.922899,41.408116],[1.922896,41.408118],[1.922891,41.408121],[1.922889,41.408123],[1.922886,41.408125],[1.92288,41.408129],[1.922876,41.408132],[1.922871,41.408135],[1.922867,41.408137],[1.922862,41.40814],[1.922855,41.408143],[1.922852,41.408145],[1.922846,41.408148],[1.92284,41.408152],[1.922837,41.408155],[1.922832,41.408158],[1.922825,41.408163],[1.922821,41.408165],[1.922818,41.408167],[1.922816,41.408169],[1.922809,41.408174],[1.922806,41.408177],[1.922801,41.408181],[1.922796,41.408186],[1.922793,41.408189],[1.922789,41.408193],[1.922784,41.408198],[1.922781,41.408201],[1.922777,41.408206],[1.922772,41.408211],[1.922769,41.408214],[1.922766,41.408218],[1.922761,41.408224],[1.922758,41.408227],[1.922754,41.408231],[1.92275,41.408235],[1.922747,41.408238],[1.922744,41.408242],[1.922739,41.408247],[1.922735,41.408251],[1.922732,41.408254],[1.922727,41.40826],[1.922724,41.408263],[1.922721,41.408267],[1.922716,41.408271],[1.922714,41.408274],[1.92271,41.408278],[1.922706,41.408282],[1.922704,41.408284],[1.922702,41.408287],[1.922701,41.408289],[1.922698,41.408293],[1.922696,41.408296],[1.922694,41.4083],[1.922689,41.408305],[1.922687,41.408308],[1.922684,41.408312],[1.92268,41.408317],[1.922678,41.40832],[1.922675,41.408324],[1.922673,41.408329],[1.922671,41.408331],[1.922668,41.408335],[1.922665,41.408339],[1.922663,41.408341],[1.922661,41.408344],[1.922658,41.408348],[1.922656,41.40835],[1.922654,41.408353],[1.922629,41.408371],[1.922592,41.408421],[1.922556,41.408471],[1.922514,41.408531],[1.922477,41.408583],[1.922468,41.408597],[1.922453,41.408626],[1.922441,41.408647],[1.922409,41.408698],[1.922377,41.408747],[1.92237,41.408759],[1.922359,41.408785],[1.922353,41.408797],[1.922349,41.408803],[1.922313,41.408843],[1.922304,41.408854],[1.922287,41.408876],[1.922273,41.408892],[1.922256,41.408908],[1.922244,41.408918],[1.922219,41.408937],[1.922188,41.408959],[1.922173,41.40897],[1.922148,41.408986],[1.922115,41.409004],[1.922092,41.409015],[1.922046,41.409037],[1.921998,41.409059],[1.921974,41.409069],[1.921935,41.409083],[1.921922,41.409087],[1.921896,41.409094],[1.921869,41.409099],[1.921851,41.409101],[1.921815,41.409104],[1.921792,41.409104],[1.921781,41.409103],[1.921764,41.409101],[1.921747,41.409097],[1.921738,41.409095],[1.921714,41.409087],[1.921702,41.409082],[1.921685,41.409075],[1.92167,41.409066],[1.921662,41.409061],[1.921639,41.409045],[1.921628,41.409036],[1.921612,41.409023],[1.921594,41.409005],[1.921557,41.408969],[1.921525,41.408935],[1.921509,41.408917],[1.921488,41.408889],[1.921483,41.408881],[1.921474,41.408864],[1.921468,41.408847],[1.921456,41.408811],[1.921453,41.408798],[1.92145,41.408772],[1.921446,41.408758],[1.921444,41.408752],[1.921441,41.408747],[1.921434,41.408737],[1.921426,41.408727],[1.921408,41.408708],[1.921397,41.408694],[1.921392,41.408686],[1.921367,41.408639],[1.921323,41.40862],[1.92131,41.408593],[1.921311,41.408589],[1.921311,41.408586],[1.921312,41.408581],[1.921313,41.408578],[1.921314,41.408575],[1.921316,41.408571],[1.921317,41.408567],[1.921318,41.408564],[1.921319,41.408559],[1.92132,41.408555],[1.921321,41.408552],[1.921322,41.408547],[1.921322,41.408543],[1.921322,41.40854],[1.921323,41.408536],[1.921323,41.408533],[1.921323,41.40853],[1.921322,41.408527],[1.921322,41.408522],[1.921321,41.408518],[1.92132,41.408514],[1.921318,41.408511],[1.921317,41.408508],[1.921315,41.408503],[1.921313,41.4085],[1.921312,41.408496],[1.921309,41.408492],[1.921307,41.408489],[1.921305,41.408486],[1.921302,41.408482],[1.921301,41.408479],[1.921299,41.408475],[1.921296,41.408469],[1.921294,41.408466],[1.921292,41.408461],[1.921289,41.408455],[1.921286,41.408452],[1.921284,41.408447],[1.921282,41.408443],[1.92128,41.408441],[1.921278,41.408437],[1.921276,41.408432],[1.921273,41.408426],[1.921269,41.40842],[1.921267,41.408418],[1.921265,41.408414],[1.921263,41.408411],[1.921261,41.408407],[1.921258,41.408402],[1.921254,41.408396],[1.921251,41.408393],[1.921249,41.408389],[1.921246,41.408385],[1.921245,41.408382],[1.921242,41.408379],[1.921241,41.408376],[1.921239,41.408374],[1.921237,41.40837],[1.921235,41.408367],[1.921231,41.408362],[1.921229,41.408359],[1.921226,41.408356],[1.921225,41.408353],[1.921225,41.408353],[1.921223,41.40835],[1.92122,41.408345],[1.921216,41.408339],[1.921214,41.408336],[1.921213,41.408335],[1.921198,41.408312],[1.921195,41.408309],[1.921192,41.408305],[1.921189,41.4083],[1.921187,41.408297],[1.921184,41.408293],[1.921181,41.408287],[1.921179,41.408284],[1.921177,41.40828],[1.921174,41.408275],[1.921173,41.408273],[1.921171,41.408269],[1.921168,41.408265],[1.921167,41.408262],[1.921165,41.408258],[1.921162,41.408253],[1.92116,41.40825],[1.921158,41.408247],[1.921155,41.408243],[1.921153,41.40824],[1.921151,41.408236],[1.921149,41.408233],[1.921147,41.408229],[1.921144,41.408224],[1.921143,41.408221],[1.921141,41.408217],[1.921139,41.408212],[1.921138,41.408209],[1.921136,41.408205],[1.921133,41.4082],[1.921132,41.408197],[1.92113,41.408194],[1.921128,41.40819],[1.921127,41.408187],[1.921125,41.408183],[1.921123,41.408178],[1.92112,41.408174],[1.921118,41.40817],[1.921116,41.408166],[1.921114,41.408163],[1.921112,41.408159],[1.921111,41.408156],[1.92111,41.408152],[1.921109,41.40815],[1.921107,41.408145],[1.921091,41.408113],[1.921089,41.40811],[1.921087,41.408106],[1.921086,41.408102],[1.921084,41.408098],[1.921083,41.408095],[1.921081,41.408091],[1.921078,41.408086],[1.921077,41.408083],[1.921075,41.408079],[1.921073,41.408075],[1.921071,41.408073],[1.921069,41.408069],[1.921065,41.408064],[1.921064,41.408061],[1.921061,41.408057],[1.921058,41.408053],[1.921057,41.40805],[1.921054,41.408047],[1.921051,41.408042],[1.921049,41.408039],[1.921047,41.408034],[1.921044,41.408029],[1.921042,41.408026],[1.92104,41.408023],[1.921039,41.40802],[1.921036,41.408016],[1.921034,41.408012],[1.921031,41.408008],[1.921029,41.408005],[1.921027,41.408001],[1.921025,41.407996],[1.921024,41.407994],[1.921022,41.407991],[1.92102,41.407987],[1.921018,41.407982],[1.921016,41.407979],[1.921014,41.407975],[1.921012,41.407973],[1.92101,41.407969],[1.921009,41.407966],[1.921007,41.407963],[1.921005,41.407959],[1.921004,41.407957],[1.921003,41.407954],[1.921002,41.407951],[1.921001,41.407948],[1.920999,41.407945],[1.920998,41.407942],[1.920996,41.407937],[1.920995,41.407934],[1.920993,41.407931],[1.920991,41.407927],[1.92099,41.407923],[1.920988,41.40792],[1.920987,41.407916],[1.920986,41.407913],[1.920985,41.40791],[1.920984,41.407907],[1.920982,41.407903],[1.920981,41.4079],[1.920979,41.407896],[1.920978,41.407892],[1.920977,41.407889],[1.920977,41.407886],[1.920976,41.407882],[1.920974,41.407878],[1.920974,41.407875],[1.920973,41.407872],[1.920972,41.407868],[1.920971,41.407864],[1.920971,41.407861],[1.92097,41.407857],[1.92097,41.407853],[1.920969,41.407849],[1.920968,41.407845],[1.920967,41.407841],[1.920966,41.407837],[1.920965,41.407832],[1.920964,41.407829],[1.920963,41.407825],[1.920961,41.40782],[1.920961,41.407817],[1.92096,41.407813],[1.920958,41.407808],[1.920957,41.407805],[1.920955,41.407801],[1.920953,41.407796],[1.920952,41.407793],[1.92095,41.407789],[1.920948,41.407784],[1.920947,41.407781],[1.920945,41.407776],[1.920943,41.40777],[1.920942,41.407767],[1.92094,41.407763],[1.920938,41.407758],[1.920937,41.407756],[1.920936,41.407751],[1.920934,41.407746],[1.920932,41.407743],[1.92093,41.407739],[1.920927,41.407734],[1.920923,41.407729],[1.92092,41.407725],[1.920919,41.407722],[1.920833,41.407603],[1.920833,41.407602],[1.920829,41.407598],[1.920826,41.407595],[1.920824,41.407593],[1.920821,41.40759],[1.920817,41.407586],[1.920811,41.407582],[1.920808,41.407579],[1.920804,41.407575],[1.920799,41.40757],[1.920794,41.407565],[1.92078,41.407553],[1.92077,41.407546],[1.920762,41.40754],[1.920758,41.407537],[1.920754,41.407534],[1.92075,41.407531],[1.920747,41.407529],[1.920743,41.407526],[1.920741,41.407524],[1.920737,41.407522],[1.920732,41.407518],[1.920729,41.407516],[1.920725,41.407513],[1.92072,41.407508],[1.920718,41.407506],[1.920714,41.407503],[1.92071,41.4075],[1.920706,41.407496],[1.920703,41.407493],[1.920699,41.407489],[1.920697,41.407486],[1.920693,41.407483],[1.92069,41.40748],[1.920687,41.407478],[1.920683,41.407474],[1.920681,41.407471],[1.920678,41.407468],[1.920674,41.407465],[1.920671,41.407461],[1.920668,41.407458],[1.920667,41.407458],[1.920663,41.407455],[1.920659,41.407453],[1.920654,41.407451],[1.920651,41.407449],[1.920646,41.407447],[1.920643,41.407446],[1.920639,41.407444],[1.920633,41.40744],[1.92063,41.407439],[1.920625,41.407436],[1.920619,41.407432],[1.920615,41.407429],[1.920611,41.407427],[1.920605,41.407424],[1.920602,41.407422],[1.920598,41.40742],[1.920593,41.407417],[1.920588,41.407414],[1.920585,41.407412],[1.92058,41.407409],[1.920577,41.407407],[1.920573,41.407405],[1.920568,41.407401],[1.920564,41.407398],[1.92056,41.407396],[1.920556,41.407393],[1.920554,41.40739],[1.920551,41.407387],[1.920548,41.407384],[1.920545,41.40738],[1.920541,41.407377],[1.920539,41.407374],[1.920536,41.407372],[1.920533,41.407368],[1.920531,41.407366],[1.920528,41.407362],[1.920525,41.407359],[1.920522,41.407355],[1.92052,41.407352],[1.920517,41.407349],[1.920514,41.407345],[1.920512,41.407342],[1.92051,41.407339],[1.920507,41.407335],[1.920505,41.407333],[1.920502,41.407329],[1.920501,41.407327],[1.920498,41.407323],[1.920495,41.407319],[1.920492,41.407314],[1.92049,41.407311],[1.920487,41.407307],[1.920484,41.407302],[1.920482,41.407299],[1.92048,41.407294],[1.920477,41.407289],[1.920474,41.407284],[1.920473,41.407281],[1.92047,41.407275],[1.920468,41.407272],[1.920467,41.407267],[1.920464,41.407262],[1.920463,41.407258],[1.920461,41.407253],[1.920459,41.407247],[1.920458,41.407244],[1.920457,41.40724],[1.920456,41.407237],[1.920456,41.407232],[1.920455,41.407228],[1.920454,41.407222],[1.920454,41.407219],[1.920452,41.407214],[1.920451,41.407209],[1.92045,41.407205],[1.920449,41.407201],[1.920447,41.407195],[1.920446,41.407191],[1.920445,41.407187],[1.920443,41.407181],[1.920443,41.407177],[1.920442,41.407173],[1.920441,41.407169],[1.92044,41.407164],[1.920439,41.407158],[1.920438,41.407154],[1.920437,41.407149],[1.920436,41.407144],[1.920435,41.407141],[1.920433,41.407136],[1.920432,41.40713],[1.920431,41.407126],[1.920431,41.407122],[1.920431,41.407117],[1.920431,41.407114],[1.920432,41.407109],[1.920432,41.407103],[1.920432,41.407099],[1.920432,41.407095],[1.920432,41.407092],[1.920432,41.407088],[1.920432,41.407084],[1.920432,41.407079],[1.920432,41.407074],[1.920432,41.40707],[1.920433,41.407065],[1.920433,41.407061],[1.920433,41.407057],[1.920433,41.407052],[1.920433,41.407048],[1.920433,41.407044],[1.920434,41.407038],[1.920435,41.407034],[1.920435,41.40703],[1.920435,41.407025],[1.920435,41.407021],[1.920435,41.407016],[1.920435,41.40701],[1.920435,41.407006],[1.920435,41.407002],[1.920435,41.406996],[1.920435,41.406992],[1.920434,41.406987],[1.920434,41.406981],[1.920433,41.406978],[1.920432,41.406974],[1.92043,41.406968],[1.920429,41.406965],[1.920428,41.40696],[1.920426,41.406954],[1.920425,41.40695],[1.920422,41.406946],[1.92042,41.406941],[1.920418,41.406938],[1.920415,41.406933],[1.920412,41.406928],[1.92041,41.406925],[1.920408,41.406921],[1.920406,41.406916],[1.920405,41.406913],[1.920404,41.406909],[1.920404,41.406904],[1.920404,41.406901],[1.920405,41.406897],[1.920406,41.406892],[1.920407,41.406889],[1.920409,41.406885],[1.920413,41.406881],[1.920416,41.406878],[1.920419,41.406874],[1.920424,41.406869],[1.920427,41.406866],[1.920431,41.406862],[1.920436,41.406858],[1.920438,41.406856],[1.920442,41.406852],[1.920447,41.406847],[1.92045,41.406844],[1.920454,41.40684],[1.920458,41.406836],[1.920461,41.406833],[1.920464,41.40683],[1.920468,41.406826],[1.92047,41.406823],[1.920473,41.40682],[1.920475,41.406817],[1.920477,41.406813],[1.920479,41.406808],[1.920479,41.406805],[1.920479,41.406801],[1.920478,41.406797],[1.920477,41.406795],[1.920475,41.406791],[1.920472,41.406786],[1.920469,41.406783],[1.920466,41.40678],[1.920462,41.406776],[1.920458,41.406774],[1.920454,41.406771],[1.920448,41.406768],[1.920444,41.406766],[1.920439,41.406763],[1.920431,41.40676],[1.920427,41.406758],[1.920422,41.406755],[1.920415,41.406751],[1.920409,41.406748],[1.920405,41.406746],[1.920398,41.406743],[1.92039,41.40674],[1.920386,41.406739],[1.920381,41.406736],[1.920376,41.406734],[1.920368,41.406732],[1.920363,41.40673],[1.920357,41.406728],[1.920301,41.406713],[1.920295,41.406712],[1.920291,41.406711],[1.920286,41.406709],[1.920282,41.406708],[1.920276,41.406707],[1.92027,41.406705],[1.920263,41.406702],[1.920259,41.406701],[1.920253,41.406699],[1.920249,41.406698],[1.920244,41.406696],[1.920237,41.406694],[1.920234,41.406692],[1.920229,41.40669],[1.920221,41.406688],[1.920217,41.406687],[1.920211,41.406685],[1.920205,41.406683],[1.920201,41.406682],[1.920196,41.40668],[1.920189,41.406678],[1.920185,41.406677],[1.920179,41.406675],[1.920172,41.406672],[1.920168,41.406671],[1.920163,41.406668],[1.920156,41.406666],[1.920152,41.406665],[1.920146,41.406663],[1.920138,41.40666],[1.920134,41.406659],[1.920128,41.406657],[1.920122,41.406654],[1.920118,41.406653],[1.920112,41.406652],[1.920105,41.40665],[1.9201,41.406649],[1.920094,41.406648],[1.920087,41.406647],[1.920084,41.406646],[1.920078,41.406645],[1.920072,41.406644],[1.920067,41.406643],[1.920055,41.406643],[1.92004,41.406642],[1.920027,41.406641],[1.920015,41.40664],[1.920003,41.40664],[1.919991,41.406639],[1.919978,41.406639],[1.919974,41.406639],[1.919969,41.406639],[1.919962,41.40664],[1.919958,41.40664],[1.919953,41.40664],[1.919945,41.406641],[1.919941,41.406642],[1.919936,41.406642],[1.91993,41.406643],[1.919926,41.406644],[1.91992,41.406645],[1.919913,41.406646],[1.919909,41.406646],[1.919904,41.406648],[1.919898,41.406649],[1.919894,41.40665],[1.91989,41.406651],[1.919884,41.406652],[1.919878,41.406654],[1.919874,41.406655],[1.919869,41.406656],[1.919865,41.406657],[1.91986,41.406659],[1.919856,41.40666],[1.919851,41.406662],[1.919846,41.406664],[1.919842,41.406664],[1.919838,41.406665],[1.919834,41.406667],[1.91983,41.406668],[1.919824,41.406669],[1.919818,41.406672],[1.919814,41.406673],[1.919808,41.406674],[1.919802,41.406676],[1.919797,41.406677],[1.919791,41.406679],[1.919785,41.406681],[1.919781,41.406682],[1.919776,41.406683],[1.919769,41.406685],[1.919765,41.406687],[1.919759,41.406688],[1.919751,41.40669],[1.919746,41.406691],[1.919741,41.406693],[1.919735,41.406694],[1.919731,41.406696],[1.919725,41.406697],[1.919717,41.406699],[1.919713,41.4067],[1.919707,41.406702],[1.919701,41.406703],[1.919697,41.406704],[1.919692,41.406706],[1.919685,41.406708],[1.919681,41.406709],[1.919675,41.40671],[1.919668,41.406713],[1.919665,41.406714],[1.91966,41.406715],[1.919653,41.406717],[1.91965,41.406718],[1.919644,41.406719],[1.919637,41.406721],[1.919633,41.406722],[1.919628,41.406723],[1.919623,41.406724],[1.919618,41.406725],[1.919614,41.406725],[1.919609,41.406727],[1.919605,41.406728],[1.9196,41.406729],[1.919593,41.406731],[1.919589,41.406732],[1.919584,41.406733],[1.919578,41.406735],[1.919575,41.406737],[1.91957,41.406738],[1.919563,41.406741],[1.919559,41.406742],[1.919553,41.406744],[1.919547,41.406748],[1.919543,41.40675],[1.919538,41.406752],[1.919531,41.406755],[1.919527,41.406757],[1.919522,41.406759],[1.919516,41.406763],[1.919513,41.406765],[1.919508,41.406767],[1.919503,41.40677],[1.9195,41.406772],[1.919495,41.406775],[1.919489,41.406778],[1.919485,41.40678],[1.91948,41.406783],[1.919475,41.406786],[1.919471,41.406788],[1.919467,41.40679],[1.919461,41.406794],[1.919457,41.406796],[1.919452,41.406798],[1.919448,41.4068],[1.919443,41.406802],[1.919437,41.406805],[1.919434,41.406807],[1.919429,41.406809],[1.919423,41.406811],[1.919419,41.406813],[1.919414,41.406815],[1.919407,41.406817],[1.919403,41.406818],[1.919398,41.40682],[1.919392,41.406822],[1.919389,41.406824],[1.919384,41.406825],[1.919377,41.406827],[1.919373,41.406828],[1.919367,41.40683],[1.919361,41.406832],[1.919357,41.406833],[1.919352,41.406834],[1.919346,41.406836],[1.919342,41.406837],[1.919336,41.406838],[1.91933,41.40684],[1.919326,41.40684],[1.91932,41.406841],[1.919313,41.406843],[1.919309,41.406844],[1.919303,41.406844],[1.919295,41.406845],[1.91929,41.406846],[1.919284,41.406846],[1.919276,41.406847],[1.919271,41.406848],[1.919265,41.406848],[1.919257,41.406849],[1.919251,41.40685],[1.919245,41.40685],[1.919237,41.40685],[1.91923,41.406851],[1.919221,41.40685],[1.919205,41.40685],[1.919193,41.40685],[1.919181,41.40685],[1.919166,41.40685],[1.919153,41.406849],[1.919147,41.406848],[1.919139,41.406847],[1.919134,41.406846],[1.919128,41.406845],[1.91912,41.406844],[1.919116,41.406843],[1.91911,41.406842],[1.919102,41.40684],[1.919097,41.406839],[1.919091,41.406837],[1.919083,41.406835],[1.91908,41.406834],[1.919074,41.406833],[1.919067,41.40683],[1.919062,41.406829],[1.919056,41.406827],[1.919049,41.406823],[1.919045,41.406821],[1.91904,41.406819],[1.919034,41.406816],[1.91903,41.406814],[1.919023,41.406811],[1.919016,41.406808],[1.919012,41.406807],[1.919006,41.406804],[1.919,41.406801],[1.918995,41.406799],[1.91899,41.406797],[1.918982,41.406793],[1.918978,41.406791],[1.918973,41.406789],[1.918967,41.406785],[1.918963,41.406783],[1.918957,41.406781],[1.918953,41.406779],[1.918948,41.406776],[1.918941,41.406772],[1.918937,41.40677],[1.918931,41.406767],[1.918925,41.406764],[1.918921,41.406762],[1.918916,41.406759],[1.918912,41.406757],[1.918905,41.406754],[1.9189,41.406751],[1.918894,41.406747],[1.91889,41.406745],[1.918885,41.406743],[1.918879,41.406739],[1.918874,41.406737],[1.918869,41.406734],[1.918863,41.40673],[1.918859,41.406728],[1.918854,41.406725],[1.918849,41.406722],[1.918845,41.40672],[1.91884,41.406717],[1.918833,41.406713],[1.91883,41.406711],[1.918825,41.406708],[1.918819,41.406704],[1.918816,41.406702],[1.918811,41.406699],[1.918806,41.406695],[1.918802,41.406693],[1.918798,41.406691],[1.918793,41.406687],[1.918789,41.406685],[1.918784,41.406682],[1.918778,41.406679],[1.918775,41.406677],[1.918771,41.406674],[1.918765,41.406671],[1.918761,41.406669],[1.918757,41.406667],[1.918751,41.406664],[1.918747,41.406663],[1.918742,41.40666],[1.918737,41.406657],[1.918733,41.406655],[1.918729,41.406653],[1.918722,41.40665],[1.918719,41.406649],[1.918714,41.406646],[1.918707,41.406644],[1.918704,41.406642],[1.9187,41.40664],[1.918694,41.406637],[1.91869,41.406636],[1.918685,41.406633],[1.918678,41.406631],[1.918674,41.406629],[1.918669,41.406626],[1.918663,41.406623],[1.918659,41.406621],[1.918654,41.406619],[1.918647,41.406615],[1.918642,41.406614],[1.918637,41.406611],[1.91863,41.406608],[1.918626,41.406606],[1.918621,41.406604],[1.918615,41.406601],[1.918611,41.406599],[1.918605,41.406596],[1.918598,41.406593],[1.918593,41.406592],[1.918588,41.406589],[1.918581,41.406586],[1.918576,41.406584],[1.918573,41.406583],[1.91857,41.406581],[1.918562,41.406578],[1.918558,41.406577],[1.918552,41.406575],[1.918549,41.406573],[1.918543,41.40657],[1.918536,41.406568],[1.918528,41.406565],[1.918524,41.406563],[1.918518,41.406561],[1.918514,41.406559],[1.918508,41.406556],[1.918501,41.406553],[1.918496,41.406551],[1.91849,41.406549],[1.918482,41.406546],[1.918478,41.406545],[1.918473,41.406542],[1.918466,41.406539],[1.918462,41.406538],[1.918456,41.406535],[1.918452,41.406534],[1.918444,41.406531],[1.918439,41.406529],[1.918432,41.406526],[1.918428,41.406524],[1.918422,41.406522],[1.918414,41.406519],[1.918409,41.406518],[1.918403,41.406516],[1.918396,41.406513],[1.918393,41.406512],[1.918387,41.40651],[1.91838,41.406507],[1.918376,41.406506],[1.918371,41.406504],[1.918364,41.406501],[1.918361,41.4065],[1.918356,41.406497],[1.91835,41.406494],[1.918347,41.406492],[1.918343,41.40649],[1.918337,41.406487],[1.918334,41.406485],[1.91833,41.406482],[1.918325,41.406479],[1.918322,41.406477],[1.918318,41.406475],[1.918313,41.406471],[1.91831,41.406469],[1.918307,41.406466],[1.918303,41.406462],[1.9183,41.40646],[1.918297,41.406457],[1.918293,41.406452],[1.91829,41.40645],[1.918287,41.406446],[1.918284,41.406442],[1.918281,41.406439],[1.918279,41.406436],[1.918278,41.406435],[1.918274,41.406431],[1.918272,41.406429],[1.918269,41.406425],[1.918265,41.40642],[1.918262,41.406418],[1.918259,41.406414],[1.918255,41.406409],[1.918252,41.406406],[1.918249,41.406403],[1.918245,41.406399],[1.918243,41.406396],[1.91824,41.406393],[1.918235,41.406389],[1.918233,41.406387],[1.91823,41.406384],[1.918225,41.40638],[1.918222,41.406377],[1.918219,41.406374],[1.918215,41.406371],[1.918212,41.406369],[1.918209,41.406366],[1.918204,41.406362],[1.918202,41.40636],[1.918198,41.406358],[1.918195,41.406356],[1.918191,41.406352],[1.918187,41.40635],[1.918184,41.406347],[1.918157,41.406332],[1.918154,41.40633],[1.91815,41.406327],[1.918146,41.406325],[1.918142,41.406323],[1.918136,41.40632],[1.918133,41.406318],[1.918129,41.406316],[1.918124,41.406313],[1.918121,41.406311],[1.918115,41.406309],[1.918109,41.406305],[1.918106,41.406303],[1.918101,41.406301],[1.918095,41.406298],[1.918092,41.406296],[1.918087,41.406293],[1.918081,41.40629],[1.918077,41.406287],[1.918072,41.406284],[1.918066,41.406281],[1.918062,41.406278],[1.918058,41.406276],[1.918052,41.406273],[1.918048,41.406271],[1.918043,41.406268],[1.918037,41.406265],[1.918034,41.406263],[1.91803,41.406261],[1.918027,41.406259],[1.918022,41.406257],[1.918017,41.406254],[1.918011,41.406252],[1.918007,41.406251],[1.918002,41.406248],[1.917998,41.406247],[1.917993,41.406245],[1.917987,41.406242],[1.917983,41.40624],[1.917978,41.406238],[1.917971,41.406235],[1.917967,41.406233],[1.917962,41.406231],[1.917956,41.406228],[1.917952,41.406226],[1.917947,41.406224],[1.91794,41.406222],[1.917937,41.40622],[1.917931,41.406218],[1.917924,41.406215],[1.91792,41.406213],[1.917915,41.406211],[1.917909,41.406208],[1.917905,41.406206],[1.917901,41.406204],[1.917895,41.406202],[1.917891,41.4062],[1.917886,41.406199],[1.91788,41.406197],[1.917876,41.406196],[1.917871,41.406194],[1.917865,41.406193],[1.917861,41.406192],[1.917856,41.406191],[1.917849,41.40619],[1.917845,41.406189],[1.91784,41.406188],[1.917833,41.406187],[1.917829,41.406186],[1.917824,41.406185],[1.917817,41.406184],[1.917812,41.406184],[1.917806,41.406183],[1.917799,41.406183],[1.917785,41.406182],[1.917772,41.406181],[1.917759,41.406181],[1.917746,41.406181],[1.917742,41.406181],[1.917736,41.406181],[1.917728,41.406181],[1.917723,41.406181],[1.917717,41.406181],[1.91771,41.406181],[1.917706,41.406181],[1.9177,41.406182],[1.917692,41.406181],[1.917687,41.406181],[1.917682,41.406182],[1.917676,41.406182],[1.917671,41.406182],[1.917659,41.406182],[1.917646,41.406182],[1.917632,41.406181],[1.917616,41.40618],[1.917601,41.406179],[1.917586,41.406178],[1.917573,41.406177],[1.917568,41.406177],[1.917561,41.406176],[1.917554,41.406175],[1.917546,41.406174],[1.917543,41.406174],[1.917534,41.406173],[1.917529,41.406172],[1.917523,41.406171],[1.917516,41.406169],[1.917511,41.406168],[1.917505,41.406167],[1.917497,41.406165],[1.917492,41.406164],[1.917485,41.406163],[1.917478,41.406161],[1.917473,41.406161],[1.917467,41.40616],[1.91746,41.406158],[1.917455,41.406157],[1.91745,41.406156],[1.917443,41.406155],[1.917439,41.406154],[1.917433,41.406153],[1.917426,41.406151],[1.917422,41.406151],[1.917417,41.40615],[1.91741,41.406149],[1.917406,41.406148],[1.9174,41.406147],[1.917393,41.406147],[1.917388,41.406146],[1.917382,41.406145],[1.91737,41.406144],[1.917357,41.406143],[1.917341,41.406142],[1.917327,41.406142],[1.91732,41.406142],[1.917315,41.406142],[1.917308,41.406142],[1.9173,41.406143],[1.917296,41.406143],[1.917289,41.406143],[1.917281,41.406143],[1.917276,41.406143],[1.917269,41.406144],[1.91726,41.406145],[1.917255,41.406145],[1.917249,41.406146],[1.917243,41.406146],[1.91724,41.406146],[1.917234,41.406146],[1.917226,41.406147],[1.917219,41.406148],[1.917214,41.406148],[1.917208,41.406149],[1.917199,41.406149],[1.917194,41.40615],[1.917187,41.406151],[1.917179,41.406152],[1.917175,41.406153],[1.917169,41.406153],[1.91716,41.406154],[1.917155,41.406155],[1.917148,41.406156],[1.91714,41.406157],[1.917135,41.406158],[1.917129,41.406159],[1.917121,41.40616],[1.917116,41.406161],[1.917109,41.406161],[1.917102,41.406163],[1.917097,41.406163],[1.917092,41.406164],[1.917084,41.406165],[1.917079,41.406166],[1.917073,41.406167],[1.917068,41.406167],[1.917062,41.406168],[1.917055,41.406169],[1.917051,41.406169],[1.917044,41.406169],[1.917036,41.40617],[1.917031,41.40617],[1.917025,41.406171],[1.917017,41.406171],[1.917009,41.406172],[1.917005,41.406172],[1.916996,41.406173],[1.916992,41.406173],[1.916985,41.406174],[1.916977,41.406175],[1.916972,41.406176],[1.916968,41.406176],[1.916965,41.406176],[1.916957,41.406177],[1.916953,41.406178],[1.916947,41.406178],[1.916941,41.406179],[1.916937,41.406179],[1.916931,41.40618],[1.916923,41.406181],[1.916919,41.406181],[1.916913,41.406182],[1.916906,41.406183],[1.916903,41.406183],[1.916898,41.406184],[1.91689,41.406185],[1.916886,41.406185],[1.91688,41.406186],[1.916874,41.406187],[1.91687,41.406187],[1.916865,41.406188],[1.916859,41.406189],[1.916854,41.406189],[1.916848,41.40619],[1.916841,41.406191],[1.916837,41.406191],[1.916832,41.406192],[1.916825,41.406193],[1.916821,41.406193],[1.916815,41.406194],[1.916807,41.406195],[1.916803,41.406195],[1.916797,41.406196],[1.91679,41.406197],[1.916786,41.406198],[1.91678,41.406199],[1.916772,41.406199],[1.916767,41.4062],[1.916761,41.406201],[1.916754,41.406202],[1.91675,41.406203],[1.916744,41.406204],[1.916736,41.406205],[1.916731,41.406206],[1.916724,41.406208],[1.916717,41.406209],[1.916712,41.40621],[1.916707,41.406211],[1.916703,41.406212],[1.916698,41.406213],[1.916694,41.406213],[1.916691,41.406214],[1.916685,41.406215],[1.916678,41.406217],[1.916674,41.406218],[1.916668,41.40622],[1.91666,41.406221],[1.916655,41.406222],[1.916649,41.406224],[1.916642,41.406226],[1.916637,41.406227],[1.916632,41.406228],[1.916624,41.40623],[1.916619,41.406232],[1.916613,41.406234],[1.916605,41.406236],[1.916601,41.406237],[1.916595,41.406239],[1.916591,41.40624],[1.916585,41.406242],[1.916578,41.406244],[1.916573,41.406245],[1.916567,41.406247],[1.91656,41.406249],[1.916556,41.40625],[1.916551,41.406252],[1.916543,41.406254],[1.916538,41.406255],[1.916533,41.406257],[1.916526,41.406259],[1.916521,41.40626],[1.916516,41.406261],[1.916508,41.406263],[1.916503,41.406264],[1.916497,41.406266],[1.91649,41.406269],[1.916486,41.40627],[1.91648,41.406272],[1.916472,41.406275],[1.916467,41.406277],[1.916461,41.406279],[1.916454,41.406282],[1.91645,41.406283],[1.916445,41.406286],[1.916441,41.406287],[1.916436,41.406289],[1.916431,41.406291],[1.916424,41.406294],[1.916418,41.406296],[1.916413,41.406298],[1.916408,41.406301],[1.916404,41.406302],[1.916399,41.406304],[1.916393,41.406307],[1.916313,41.406338],[1.9163,41.406343],[1.916288,41.406347],[1.916275,41.406352],[1.916263,41.406357],[1.91625,41.406362],[1.916236,41.406368],[1.916222,41.406373],[1.916208,41.406379],[1.916194,41.406385],[1.91618,41.40639],[1.916164,41.406395],[1.916148,41.4064],[1.916131,41.406405],[1.916115,41.406409],[1.916099,41.406414],[1.916083,41.406419],[1.916067,41.406424],[1.916051,41.406429],[1.916035,41.406434],[1.916019,41.406439],[1.916004,41.406443],[1.915989,41.406447],[1.915974,41.406451],[1.915959,41.406455],[1.915944,41.406459],[1.91593,41.406462],[1.915915,41.406465],[1.9159,41.406468],[1.915886,41.406471],[1.915871,41.406475],[1.91586,41.406479],[1.915849,41.406483],[1.915837,41.406487],[1.915826,41.406491],[1.915815,41.406495],[1.915806,41.406496],[1.915797,41.406498],[1.91578,41.4065],[1.915763,41.406502],[1.915717,41.406509],[1.915712,41.40651],[1.915707,41.406511],[1.915702,41.406511],[1.915697,41.406513],[1.915694,41.406514],[1.91569,41.406516],[1.915674,41.406503],[1.915658,41.406491],[1.915642,41.406478],[1.915625,41.406466],[1.915608,41.406454],[1.9156,41.406448],[1.915591,41.406442],[1.915582,41.406436],[1.915573,41.406431],[1.915564,41.406425],[1.915551,41.406417],[1.915538,41.40641],[1.915524,41.406403],[1.915511,41.406395],[1.915498,41.406388],[1.915486,41.406379],[1.915474,41.40637],[1.915463,41.406361],[1.915452,41.406352],[1.91544,41.406342],[1.915428,41.406332],[1.915416,41.406321],[1.915404,41.406311],[1.915392,41.4063],[1.91538,41.406289],[1.915372,41.406281],[1.915363,41.406273],[1.915355,41.406265],[1.915347,41.406256],[1.91534,41.406248],[1.915332,41.406239],[1.915325,41.40623],[1.915318,41.406222],[1.915311,41.406213],[1.915304,41.406204],[1.915298,41.406197],[1.915291,41.406191],[1.915278,41.406178],[1.915266,41.406165],[1.915258,41.406156],[1.91523,41.406096],[1.915228,41.40609],[1.915226,41.406078],[1.915224,41.406067],[1.915222,41.406055],[1.915221,41.406044],[1.915219,41.406032],[1.915218,41.406013],[1.915218,41.405994],[1.915218,41.405975],[1.915217,41.405957],[1.915215,41.405938],[1.915213,41.405928],[1.91521,41.405918],[1.915207,41.405908],[1.915204,41.405898],[1.915201,41.405888],[1.915195,41.405871],[1.915188,41.405855],[1.915181,41.405838],[1.915175,41.405822],[1.915173,41.405805],[1.915174,41.40579],[1.915178,41.405776],[1.915182,41.405761],[1.915188,41.405746],[1.915193,41.405731],[1.915197,41.405718],[1.915201,41.405704],[1.915205,41.405691],[1.91521,41.405677],[1.915215,41.405664],[1.915221,41.40565],[1.915228,41.405637],[1.915235,41.405625],[1.915241,41.405612],[1.915248,41.405598],[1.915255,41.405582],[1.915263,41.405565],[1.91527,41.405548],[1.915276,41.405532],[1.91528,41.405515],[1.915282,41.405497],[1.915282,41.40548],[1.915281,41.405462],[1.915279,41.405445],[1.915279,41.405427],[1.915279,41.405413],[1.915279,41.405398],[1.91528,41.405395],[1.915265,41.40539],[1.915251,41.405384],[1.915236,41.405379],[1.915222,41.405373],[1.915208,41.405367],[1.915193,41.405361],[1.915178,41.405355],[1.915163,41.405349],[1.915148,41.405342],[1.915134,41.405336],[1.915122,41.405331],[1.915111,41.405325],[1.915099,41.40532],[1.915088,41.405315],[1.915077,41.40531],[1.915063,41.405302],[1.915049,41.405295],[1.915035,41.405287],[1.915022,41.405279],[1.915008,41.405271],[1.914997,41.405265],[1.914986,41.405259],[1.914974,41.405253],[1.914963,41.405247],[1.914952,41.40524],[1.914943,41.405235],[1.914933,41.405229],[1.914924,41.405223],[1.914915,41.405217],[1.914905,41.405211],[1.914896,41.405206],[1.914887,41.405202],[1.914878,41.405197],[1.914868,41.405192],[1.914859,41.405188],[1.914847,41.405181],[1.914834,41.405173],[1.914822,41.405166],[1.91481,41.405158],[1.914799,41.40515],[1.914788,41.40514],[1.914778,41.40513],[1.914768,41.405119],[1.914758,41.405108],[1.914747,41.405098],[1.914745,41.405096],[1.914732,41.405085],[1.914727,41.405083],[1.914722,41.405081],[1.914715,41.405078],[1.914708,41.405076],[1.914703,41.405073],[1.914697,41.40507],[1.914692,41.405068],[1.914685,41.405065],[1.914679,41.405063],[1.914672,41.405061],[1.914665,41.405058],[1.914657,41.405056],[1.914649,41.405054],[1.914641,41.405052],[1.914632,41.40505],[1.914626,41.405048],[1.914618,41.405046],[1.914612,41.405045],[1.914605,41.405044],[1.914598,41.405044],[1.914592,41.405043],[1.914585,41.405042],[1.914577,41.405042],[1.91457,41.405042],[1.914563,41.405042],[1.914556,41.405042],[1.914549,41.405042],[1.914543,41.405043],[1.914536,41.405044],[1.914529,41.405045],[1.914523,41.405046],[1.914517,41.405047],[1.91451,41.405049],[1.914502,41.40505],[1.914496,41.405051],[1.914489,41.405053],[1.914483,41.405054],[1.914478,41.405055],[1.914472,41.405056],[1.914465,41.405058],[1.914461,41.40506],[1.914454,41.405061],[1.914448,41.405063],[1.914444,41.405064],[1.914439,41.405066],[1.91443,41.405068],[1.914422,41.405072],[1.914407,41.405079],[1.914392,41.405087],[1.914383,41.405092],[1.914373,41.405098],[1.914363,41.405103],[1.914354,41.405109],[1.914345,41.405116],[1.914339,41.405123],[1.914333,41.405131],[1.914327,41.405139],[1.914321,41.405146],[1.914315,41.405153],[1.91431,41.405157],[1.914306,41.405161],[1.914302,41.405164],[1.914297,41.405168],[1.914292,41.40517],[1.914287,41.405173],[1.914282,41.405175],[1.914277,41.405176],[1.914272,41.405178],[1.914267,41.405179],[1.91425,41.405184],[1.914234,41.405187],[1.914216,41.405189],[1.914199,41.405192],[1.914182,41.405194],[1.914166,41.405197],[1.91415,41.4052],[1.914135,41.405202],[1.914119,41.405205],[1.914103,41.405207],[1.914086,41.405209],[1.914069,41.405211],[1.914053,41.405212],[1.914036,41.405214],[1.914019,41.405216],[1.914005,41.405218],[1.913992,41.40522],[1.913978,41.405223],[1.913965,41.405225],[1.913951,41.405227],[1.913939,41.40523],[1.913926,41.405232],[1.913914,41.405234],[1.913902,41.405237],[1.91389,41.405239],[1.913876,41.405242],[1.913863,41.405244],[1.91385,41.405247],[1.913837,41.405249],[1.913824,41.405252],[1.91381,41.405254],[1.913796,41.405256],[1.913783,41.405259],[1.913769,41.40526],[1.913755,41.405262],[1.913741,41.405264],[1.913726,41.405265],[1.913712,41.405266],[1.913698,41.405267],[1.913683,41.405267],[1.913674,41.405267],[1.913665,41.405267],[1.913655,41.405267],[1.913646,41.405266],[1.913637,41.405265],[1.913628,41.405263],[1.913618,41.405261],[1.913609,41.405258],[1.9136,41.405255],[1.913591,41.405252],[1.913581,41.405249],[1.913571,41.405246],[1.913562,41.405242],[1.913552,41.405239],[1.913542,41.405236],[1.91353,41.405233],[1.913517,41.405231],[1.913505,41.405228],[1.913493,41.405227],[1.91348,41.405225],[1.913466,41.405223],[1.913452,41.405221],[1.913438,41.405219],[1.913423,41.405218],[1.913409,41.405218],[1.913393,41.405217],[1.913378,41.405218],[1.913362,41.405219],[1.913346,41.40522],[1.91333,41.40522],[1.913316,41.405221],[1.913302,41.405221],[1.913288,41.405222],[1.913274,41.405223],[1.91326,41.405224],[1.913248,41.405226],[1.913237,41.405228],[1.913225,41.40523],[1.913213,41.405232],[1.913202,41.405234],[1.913188,41.405237],[1.913173,41.40524],[1.913159,41.405243],[1.913145,41.405246],[1.913131,41.405249],[1.913118,41.405251],[1.913105,41.405254],[1.913092,41.405256],[1.913079,41.405258],[1.913066,41.40526],[1.913052,41.405262],[1.913038,41.405264],[1.913025,41.405265],[1.913011,41.405267],[1.912997,41.405268],[1.912984,41.405269],[1.912971,41.405269],[1.912958,41.40527],[1.912945,41.40527],[1.912932,41.405271],[1.912919,41.405272],[1.912906,41.405273],[1.912893,41.405274],[1.91288,41.405275],[1.912867,41.405277],[1.912857,41.405278],[1.912848,41.405279],[1.912838,41.405281],[1.912829,41.405282],[1.912819,41.405283],[1.912799,41.405286],[1.912793,41.405286],[1.912788,41.405286],[1.912783,41.405287],[1.912778,41.405287],[1.912772,41.405287],[1.912767,41.405288],[1.912762,41.405288],[1.912758,41.405289],[1.912751,41.405289],[1.912746,41.40529],[1.91274,41.40529],[1.912734,41.405291],[1.912729,41.405291],[1.912722,41.405292],[1.912717,41.405293],[1.912712,41.405293],[1.912706,41.405293],[1.912701,41.405293],[1.912696,41.405294],[1.912691,41.405294],[1.912684,41.405294],[1.912678,41.405294],[1.912671,41.405295],[1.912666,41.405295],[1.91266,41.405295],[1.912655,41.405295],[1.91265,41.405295],[1.912644,41.405295],[1.912639,41.405295],[1.912632,41.405295],[1.912627,41.405295],[1.912622,41.405295],[1.912616,41.405295],[1.91261,41.405295],[1.912605,41.405295],[1.912598,41.405295],[1.912593,41.405295],[1.912587,41.405294],[1.912585,41.405294],[1.912581,41.405294],[1.912575,41.405294],[1.91257,41.405294],[1.912565,41.405293],[1.912558,41.405294],[1.912546,41.405293],[1.912533,41.405293],[1.912521,41.405293],[1.9125,41.405294],[1.912495,41.405294],[1.912489,41.405294],[1.912484,41.405294],[1.912478,41.405294],[1.912473,41.405294],[1.912466,41.405294],[1.912461,41.405294],[1.912455,41.405294],[1.91245,41.405294],[1.912444,41.405295],[1.912439,41.405295],[1.912434,41.405295],[1.912428,41.405295],[1.912423,41.405295],[1.912417,41.405296],[1.912412,41.405296],[1.912406,41.405296],[1.912399,41.405296],[1.912393,41.405296],[1.912387,41.405297],[1.912382,41.405297],[1.912376,41.405298],[1.91237,41.405299],[1.912365,41.405299],[1.912359,41.4053],[1.912353,41.4053],[1.912348,41.405301],[1.912342,41.405302],[1.912337,41.405304],[1.912332,41.405304],[1.912326,41.405305],[1.912321,41.405306],[1.912315,41.405307],[1.912309,41.405308],[1.912304,41.40531],[1.9123,41.405311],[1.912294,41.405313],[1.912288,41.405314],[1.912282,41.405316],[1.912277,41.405317],[1.912272,41.405318],[1.912267,41.40532],[1.912262,41.405321],[1.912256,41.405322],[1.912251,41.405324],[1.912246,41.405325],[1.912241,41.405327],[1.912235,41.405328],[1.91223,41.405329],[1.912224,41.40533],[1.912219,41.405331],[1.912214,41.405333],[1.912209,41.405333],[1.912204,41.405334],[1.912198,41.405335],[1.912192,41.405336],[1.912187,41.405336],[1.912182,41.405337],[1.912177,41.405338],[1.912172,41.405339],[1.912167,41.405339],[1.912162,41.40534],[1.912156,41.405341],[1.912151,41.405342],[1.912146,41.405343],[1.912132,41.405345],[1.912118,41.405346],[1.912097,41.405343],[1.912008,41.405352],[1.911882,41.405395],[1.911839,41.405403],[1.911809,41.405405],[1.911762,41.405408],[1.911726,41.405411],[1.911677,41.405417],[1.91165,41.40542],[1.91162,41.405428],[1.911599,41.40543],[1.911551,41.405434],[1.911542,41.405437],[1.91153,41.405442],[1.911459,41.405465],[1.911395,41.405483],[1.911386,41.405488],[1.911367,41.405499],[1.911358,41.405504],[1.911353,41.405507],[1.911349,41.405509],[1.91134,41.405512],[1.911328,41.405516],[1.911322,41.405518],[1.911312,41.405519],[1.911292,41.40552],[1.911282,41.40552],[1.911267,41.405518],[1.91126,41.405517],[1.911252,41.405516],[1.911245,41.405514],[1.911187,41.405499],[1.911158,41.40549],[1.911115,41.405476],[1.910961,41.40542],[1.910884,41.405392],[1.910808,41.405372],[1.910689,41.405321],[1.910649,41.405306],[1.91063,41.405299],[1.910591,41.405288],[1.910565,41.405281],[1.910513,41.405268],[1.910473,41.405259],[1.910459,41.405256],[1.910431,41.40525],[1.91041,41.405246],[1.91036,41.405239],[1.910335,41.405236],[1.910316,41.405234],[1.910279,41.405234],[1.910261,41.405235],[1.910225,41.405241],[1.910207,41.405243],[1.910198,41.405243],[1.910186,41.405243],[1.910179,41.405242],[1.910164,41.40524],[1.910147,41.405236],[1.910127,41.40523],[1.910086,41.405216],[1.910055,41.405207],[1.909998,41.40519],[1.909977,41.405183],[1.909933,41.405167],[1.9099,41.405156],[1.909867,41.405145],[1.909822,41.40513],[1.9098,41.405123],[1.909794,41.40512],[1.909785,41.405111],[1.90978,41.405107],[1.909777,41.405105],[1.909754,41.405095],[1.909742,41.40509],[1.909723,41.405084],[1.909703,41.405079],[1.909667,41.40507],[1.90966,41.405068],[1.909644,41.405063],[1.909632,41.40506],[1.909628,41.405058],[1.90962,41.405054],[1.909597,41.405038],[1.909585,41.405032],[1.909579,41.40503],[1.909471,41.405007],[1.909399,41.404991],[1.909363,41.404982],[1.909352,41.404978],[1.909329,41.40497],[1.909308,41.40496],[1.909294,41.404953],[1.909269,41.404937],[1.909262,41.404932],[1.909248,41.404923],[1.909238,41.404916],[1.909229,41.40491],[1.909211,41.404897],[1.909156,41.404858],[1.909138,41.404846],[1.909129,41.40484],[1.909116,41.404831],[1.909093,41.404817],[1.909084,41.404812],[1.909064,41.404802],[1.909051,41.404794],[1.909045,41.404789],[1.909034,41.404778],[1.909023,41.404766],[1.909004,41.40474],[1.908999,41.404733],[1.90899,41.404718],[1.908974,41.404688],[1.908965,41.404673],[1.908954,41.404659],[1.908948,41.404654],[1.908936,41.404646],[1.908919,41.404636],[1.908894,41.404627],[1.908737,41.40455],[1.9087,41.40453],[1.908689,41.404516],[1.908671,41.404489],[1.908623,41.404475],[1.908542,41.404491],[1.908436,41.404515],[1.908339,41.404536],[1.908234,41.404549],[1.908151,41.404555],[1.908057,41.404547],[1.908003,41.404545],[1.90797,41.40456],[1.907946,41.404559],[1.907891,41.404546],[1.907848,41.404542],[1.907792,41.404533],[1.907652,41.404523],[1.907559,41.404531],[1.907392,41.404504],[1.907355,41.404497],[1.907283,41.40448],[1.90726,41.404475],[1.907215,41.404461],[1.907171,41.404447],[1.907084,41.404415],[1.907018,41.404392],[1.906984,41.404382],[1.906951,41.404374],[1.906934,41.40437],[1.906908,41.404365],[1.906882,41.404362],[1.906869,41.404361],[1.906843,41.404361],[1.90683,41.404362],[1.906812,41.404365],[1.906795,41.404369],[1.906761,41.404379],[1.906728,41.40439],[1.906663,41.404415],[1.906629,41.404426],[1.906613,41.404432],[1.906587,41.404439],[1.90641,41.404484],[1.90632,41.404506],[1.90623,41.404526],[1.906184,41.404535],[1.906161,41.404539],[1.906115,41.404546],[1.905974,41.404564],[1.905927,41.40457],[1.905904,41.404574],[1.90587,41.404581],[1.905758,41.404606],[1.905536,41.404659],[1.905503,41.404667],[1.905437,41.404685],[1.905405,41.404693],[1.905388,41.404697],[1.90538,41.404698],[1.905375,41.404698],[1.905364,41.404697],[1.905347,41.404694],[1.905326,41.404689],[1.905315,41.404686],[1.905298,41.404682],[1.905265,41.404671],[1.905248,41.404667],[1.90524,41.404665],[1.905235,41.404665],[1.905224,41.404666],[1.905213,41.404668],[1.905192,41.404673],[1.905175,41.404675],[1.905167,41.404675],[1.905042,41.404673],[1.904983,41.404676],[1.904941,41.404672],[1.9049,41.404668],[1.904859,41.404663],[1.904818,41.404658],[1.904787,41.404654],[1.904756,41.40465],[1.904725,41.404649],[1.904694,41.404647],[1.904652,41.40465],[1.904625,41.404656],[1.904599,41.404664],[1.904573,41.404674],[1.90452,41.404695],[1.904465,41.404717],[1.904437,41.404729],[1.90439,41.404755],[1.904345,41.404783],[1.904313,41.404799],[1.90429,41.404809],[1.904179,41.404878],[1.903986,41.405035],[1.903898,41.405135],[1.903855,41.405183],[1.903829,41.405214],[1.903741,41.405302],[1.903739,41.405303],[1.903623,41.405374],[1.903454,41.405434],[1.903232,41.405469],[1.903083,41.405477],[1.902894,41.405472],[1.902815,41.40549],[1.902716,41.405545],[1.902641,41.405599],[1.902579,41.405649],[1.90245,41.405779],[1.902434,41.40579],[1.902403,41.405812],[1.902371,41.405835],[1.902326,41.405863],[1.902283,41.405887],[1.902176,41.405964],[1.901889,41.406152],[1.901744,41.406254],[1.901738,41.406256],[1.901732,41.406259],[1.901726,41.406262],[1.901722,41.406264],[1.901718,41.406266],[1.901713,41.406269],[1.901709,41.406271],[1.901704,41.406273],[1.901699,41.406276],[1.901695,41.406278],[1.901691,41.40628],[1.901687,41.406282],[1.901683,41.406284],[1.901678,41.406286],[1.901674,41.406288],[1.90167,41.406291],[1.901666,41.406293],[1.901662,41.406296],[1.901658,41.406299],[1.901654,41.406301],[1.90165,41.406304],[1.901646,41.406306],[1.901642,41.406309],[1.901638,41.406311],[1.901634,41.406314],[1.901629,41.406317],[1.901625,41.406319],[1.901621,41.406322],[1.901617,41.406325],[1.901613,41.406328],[1.901607,41.406331],[1.901602,41.406334],[1.901597,41.406337],[1.901591,41.406341],[1.901587,41.406343],[1.901583,41.406345],[1.90158,41.406347],[1.901576,41.40635],[1.901572,41.406352],[1.901568,41.406355],[1.901563,41.406358],[1.901558,41.406362],[1.901553,41.406365],[1.901547,41.406368],[1.901542,41.406372],[1.901538,41.406374],[1.901534,41.406377],[1.901531,41.406379],[1.901525,41.406383],[1.90152,41.406386],[1.901514,41.406389],[1.901509,41.406392],[1.901503,41.406395],[1.901497,41.406398],[1.901492,41.406401],[1.901486,41.406404],[1.90148,41.406407],[1.901476,41.406409],[1.901471,41.406412],[1.901465,41.406415],[1.90146,41.406418],[1.901455,41.406421],[1.901451,41.406423],[1.901446,41.406425],[1.901441,41.406428],[1.901436,41.406431],[1.901431,41.406433],[1.901427,41.406436],[1.901423,41.406439],[1.901419,41.406442],[1.901415,41.406445],[1.90141,41.406449],[1.901406,41.406451],[1.901401,41.406455],[1.901396,41.406458],[1.90139,41.406461],[1.901385,41.406464],[1.901382,41.406467],[1.901378,41.406469],[1.901374,41.406472],[1.90137,41.406474],[1.901364,41.406477],[1.901361,41.40648],[1.901357,41.406482],[1.901352,41.406485],[1.901348,41.406487],[1.901343,41.406489],[1.901339,41.406491],[1.901335,41.406493],[1.901331,41.406496],[1.901327,41.406498],[1.901321,41.406501],[1.901315,41.406504],[1.90131,41.406508],[1.901304,41.406511],[1.901299,41.406514],[1.901294,41.406517],[1.901288,41.40652],[1.901283,41.406523],[1.901279,41.406526],[1.901273,41.406529],[1.901268,41.406532],[1.901262,41.406535],[1.901257,41.406538],[1.901251,41.40654],[1.901246,41.406543],[1.90124,41.406545],[1.901235,41.406547],[1.90123,41.40655],[1.901224,41.406554],[1.901219,41.406556],[1.901213,41.406559],[1.901208,41.406561],[1.901202,41.406564],[1.901197,41.406567],[1.901191,41.40657],[1.901186,41.406573],[1.901181,41.406576],[1.901176,41.406579],[1.901172,41.406581],[1.901168,41.406583],[1.901164,41.406585],[1.901158,41.406588],[1.901154,41.406591],[1.90115,41.406593],[1.901145,41.406596],[1.90114,41.4066],[1.901134,41.406602],[1.901129,41.406605],[1.901124,41.406608],[1.90112,41.406611],[1.901116,41.406613],[1.901111,41.406616],[1.901105,41.406619],[1.9011,41.406622],[1.901096,41.406625],[1.90109,41.406628],[1.901085,41.40663],[1.901079,41.406633],[1.901073,41.406635],[1.901067,41.406637],[1.901062,41.406639],[1.901056,41.406641],[1.901051,41.406644],[1.901046,41.406646],[1.90104,41.406648],[1.901035,41.406651],[1.90103,41.406654],[1.901024,41.406657],[1.901019,41.406659],[1.901013,41.406662],[1.901008,41.406664],[1.901002,41.406667],[1.900998,41.406669],[1.900994,41.406671],[1.900989,41.406675],[1.900985,41.406677],[1.90098,41.406679],[1.900976,41.406682],[1.900972,41.406684],[1.900967,41.406687],[1.900963,41.406689],[1.900959,41.406692],[1.900954,41.406694],[1.90095,41.406696],[1.900946,41.406699],[1.900942,41.406702],[1.900937,41.406705],[1.900933,41.406707],[1.900929,41.40671],[1.900925,41.406712],[1.900922,41.406715],[1.900918,41.406718],[1.900914,41.40672],[1.90091,41.406723],[1.900906,41.406726],[1.900903,41.406729],[1.900899,41.406732],[1.900895,41.406735],[1.900892,41.406737],[1.900888,41.40674],[1.900883,41.406744],[1.900878,41.406747],[1.900872,41.40675],[1.900868,41.406752],[1.900865,41.406755],[1.900861,41.406757],[1.900857,41.40676],[1.900853,41.406762],[1.90085,41.406765],[1.900844,41.406768],[1.900839,41.406772],[1.900834,41.406775],[1.900829,41.406777],[1.900823,41.40678],[1.900817,41.406782],[1.900812,41.406785],[1.900808,41.406787],[1.900804,41.406789],[1.900797,41.406792],[1.900791,41.406795],[1.900784,41.406797],[1.900778,41.406799],[1.900773,41.4068],[1.900768,41.406802],[1.900764,41.406803],[1.900757,41.406805],[1.900751,41.406807],[1.900745,41.40681],[1.90074,41.406812],[1.900736,41.406814],[1.900732,41.406816],[1.900728,41.406819],[1.900723,41.406821],[1.900719,41.406824],[1.900715,41.406826],[1.900711,41.406828],[1.900708,41.406831],[1.900702,41.406834],[1.900697,41.406838],[1.900692,41.406842],[1.900688,41.406844],[1.900684,41.406847],[1.90068,41.40685],[1.900675,41.406853],[1.90067,41.406857],[1.900664,41.40686],[1.900659,41.406864],[1.900654,41.406867],[1.900649,41.406871],[1.900644,41.406874],[1.900639,41.406878],[1.900636,41.406881],[1.900632,41.406884],[1.900629,41.406886],[1.900625,41.406889],[1.900621,41.406892],[1.900618,41.406894],[1.900614,41.406897],[1.90061,41.406899],[1.900606,41.406902],[1.900601,41.406905],[1.900596,41.406909],[1.900591,41.406913],[1.900586,41.406916],[1.900582,41.406919],[1.900577,41.406923],[1.900572,41.406926],[1.900566,41.40693],[1.900562,41.406934],[1.900558,41.406937],[1.900553,41.40694],[1.900549,41.406944],[1.900545,41.406947],[1.900541,41.406951],[1.900537,41.406954],[1.900532,41.406958],[1.900527,41.406961],[1.900523,41.406964],[1.900518,41.406967],[1.900513,41.406971],[1.900509,41.406974],[1.900505,41.406977],[1.900501,41.406979],[1.900496,41.406982],[1.90049,41.406985],[1.900484,41.406987],[1.900478,41.406988],[1.900471,41.40699],[1.900464,41.406991],[1.900457,41.406991],[1.900452,41.406991],[1.900447,41.406991],[1.900443,41.406991],[1.900437,41.406991],[1.900432,41.40699],[1.900427,41.40699],[1.900422,41.40699],[1.900416,41.40699],[1.90041,41.40699],[1.900405,41.406991],[1.9004,41.406991],[1.900393,41.406992],[1.900387,41.406993],[1.900381,41.406994],[1.900376,41.406996],[1.900372,41.406997],[1.900365,41.406999],[1.90036,41.407001],[1.900354,41.407003],[1.900349,41.407005],[1.900344,41.407007],[1.900343,41.407007],[1.900337,41.407009],[1.900331,41.407011],[1.900326,41.407013],[1.90032,41.407015],[1.900316,41.407017],[1.900311,41.407018],[1.900305,41.407021],[1.900301,41.407023],[1.900296,41.407026],[1.900291,41.407029],[1.900286,41.407032],[1.900282,41.407034],[1.900272,41.407039],[1.900266,41.407041],[1.900257,41.407046],[1.900249,41.407049],[1.900244,41.407052],[1.900239,41.407055],[1.900234,41.407057],[1.90023,41.40706],[1.900226,41.407063],[1.900222,41.407065],[1.900217,41.407067],[1.900211,41.40707],[1.900206,41.407073],[1.9002,41.407076],[1.900196,41.407078],[1.900192,41.40708],[1.900188,41.407082],[1.900184,41.407084],[1.90018,41.407087],[1.900174,41.40709],[1.900169,41.407092],[1.900164,41.407095],[1.900159,41.407097],[1.900153,41.407099],[1.900148,41.4071],[1.900143,41.407102],[1.900137,41.407104],[1.900132,41.407106],[1.900128,41.407108],[1.900122,41.40711],[1.900118,41.407112],[1.900113,41.407114],[1.900106,41.407116],[1.900105,41.407116],[1.900077,41.407136],[1.900052,41.407154],[1.900029,41.40719],[1.900006,41.407226],[1.899984,41.407263],[1.899965,41.4073],[1.899939,41.407356],[1.899932,41.407371],[1.899912,41.407417],[1.899903,41.407437],[1.899894,41.407453],[1.899885,41.407469],[1.899871,41.407484],[1.899858,41.407499],[1.899827,41.407521],[1.899769,41.40755],[1.899756,41.40756],[1.899717,41.407591],[1.899672,41.407633],[1.899639,41.407694],[1.899614,41.407761],[1.899571,41.407843],[1.899518,41.407941],[1.899456,41.408046],[1.899439,41.408105],[1.899423,41.408208],[1.899413,41.408313],[1.899388,41.408452],[1.89921,41.408405],[1.898972,41.408369],[1.898722,41.40834],[1.898527,41.408305],[1.898322,41.408238],[1.898136,41.408179],[1.897966,41.408117],[1.897786,41.408041],[1.897614,41.407977],[1.897423,41.407855],[1.897179,41.407691],[1.896958,41.407628],[1.896801,41.407594],[1.896533,41.407597],[1.896247,41.407645],[1.896088,41.407664],[1.895959,41.407676],[1.895816,41.407669],[1.894897,41.407626],[1.894666,41.407569],[1.894549,41.407618],[1.894036,41.407599],[1.89371,41.407462],[1.893624,41.407382],[1.893474,41.407243],[1.893323,41.407111],[1.893171,41.40698],[1.892866,41.406848],[1.892578,41.406775],[1.892331,41.406787],[1.892262,41.406838],[1.89208,41.406967],[1.891867,41.407092],[1.891653,41.407216],[1.891319,41.407425],[1.891125,41.407542],[1.891047,41.40759],[1.89096,41.407637],[1.890885,41.407676],[1.890851,41.407687],[1.890807,41.407701],[1.890765,41.407714],[1.890763,41.407715],[1.890757,41.407717],[1.890751,41.407719],[1.890747,41.40772],[1.890743,41.407722],[1.890738,41.407724],[1.89072,41.40773],[1.890716,41.407732],[1.890711,41.407734],[1.890706,41.407736],[1.890701,41.407738],[1.890697,41.40774],[1.890691,41.407742],[1.890686,41.407744],[1.89068,41.407746],[1.890675,41.407747],[1.89067,41.407749],[1.890665,41.407751],[1.890278,41.407868],[1.889817,41.408009],[1.889434,41.408084],[1.889196,41.408182],[1.888776,41.408156],[1.888542,41.40821],[1.888305,41.408251],[1.888215,41.40828],[1.887893,41.408251],[1.887611,41.408226],[1.88741,41.408192],[1.887099,41.408094],[1.886951,41.408113],[1.886769,41.408151],[1.886614,41.408175],[1.886181,41.408209],[1.885935,41.408189],[1.885744,41.408191],[1.885635,41.408238],[1.885594,41.408251],[1.885529,41.40825],[1.885324,41.408216],[1.885144,41.408155],[1.88503,41.408133],[1.884951,41.408143]]]}},{"type":"Feature","properties":{"nationalCode":"34090808073","name":"Cornellà de Llobregat"},"geometry":{"type":"Polygon","coordinates":[[[2.050172,41.34751],[2.051064,41.348099],[2.051602,41.348714],[2.053079,41.350351],[2.05376,41.351122],[2.055156,41.352177],[2.056641,41.3533],[2.057901,41.354136],[2.057314,41.354423],[2.056852,41.354785],[2.056294,41.35544],[2.055176,41.356282],[2.055168,41.35648],[2.059156,41.359366],[2.058543,41.360401],[2.058377,41.361039],[2.059759,41.362049],[2.060208,41.36229],[2.058883,41.363546],[2.060189,41.364362],[2.061169,41.364976],[2.064711,41.362884],[2.065016,41.362807],[2.065342,41.362856],[2.065579,41.362981],[2.067797,41.364152],[2.070254,41.36516],[2.072475,41.366052],[2.073034,41.365865],[2.073582,41.365688],[2.073904,41.366295],[2.074029,41.366524],[2.073687,41.366737],[2.074321,41.367204],[2.074701,41.367016],[2.074999,41.367309],[2.077465,41.368902],[2.078944,41.369781],[2.079576,41.368988],[2.079641,41.368913],[2.080141,41.367964],[2.080624,41.367258],[2.081461,41.367878],[2.082492,41.366995],[2.083551,41.365868],[2.085322,41.365898],[2.086779,41.366776],[2.086785,41.366677],[2.086791,41.366597],[2.086798,41.366478],[2.086804,41.366342],[2.086804,41.3662],[2.086802,41.366066],[2.086797,41.365925],[2.086794,41.365841],[2.086837,41.365754],[2.08679,41.365741],[2.086789,41.365708],[2.086973,41.365464],[2.086974,41.365387],[2.08698,41.364886],[2.086982,41.364756],[2.086993,41.36469],[2.087016,41.36462],[2.087029,41.364584],[2.08705,41.364531],[2.087052,41.364526],[2.087164,41.36447],[2.087189,41.364448],[2.087213,41.364425],[2.087224,41.364414],[2.087265,41.364353],[2.087277,41.364307],[2.087299,41.364293],[2.087362,41.364257],[2.08744,41.364215],[2.087554,41.364184],[2.087603,41.364169],[2.087858,41.364099],[2.088008,41.364055],[2.088477,41.363899],[2.088951,41.363742],[2.089363,41.363606],[2.089287,41.363369],[2.089177,41.363008],[2.090294,41.361837],[2.090437,41.361688],[2.090452,41.361579],[2.090493,41.361513],[2.090618,41.361372],[2.090761,41.361275],[2.090899,41.36122],[2.091235,41.360992],[2.091461,41.36092],[2.091927,41.360457],[2.093127,41.35927],[2.093143,41.359252],[2.09317,41.359215],[2.093185,41.359192],[2.093494,41.358683],[2.093595,41.358518],[2.09426,41.358705],[2.094528,41.358781],[2.095138,41.358953],[2.095442,41.359034],[2.095599,41.359044],[2.095665,41.358893],[2.095859,41.358558],[2.095768,41.358526],[2.095523,41.35844],[2.095926,41.357809],[2.095999,41.357693],[2.096367,41.35711],[2.096452,41.356979],[2.09663,41.356691],[2.096868,41.356321],[2.097175,41.355857],[2.097545,41.355382],[2.098297,41.354266],[2.098489,41.353985],[2.099878,41.35192],[2.097569,41.350908],[2.097235,41.350763],[2.095452,41.349846],[2.095075,41.349649],[2.094791,41.349493],[2.0944,41.34927],[2.093308,41.348652],[2.092299,41.348074],[2.092297,41.347982],[2.092295,41.347925],[2.092292,41.347802],[2.09229,41.347741],[2.092284,41.347642],[2.092276,41.347514],[2.092259,41.347334],[2.092239,41.347161],[2.092209,41.346936],[2.09217,41.346682],[2.092123,41.346425],[2.092071,41.346176],[2.092059,41.346122],[2.091977,41.345787],[2.09192,41.345586],[2.09188,41.345451],[2.091824,41.345262],[2.091806,41.34521],[2.091764,41.345091],[2.091723,41.344974],[2.091682,41.344867],[2.091646,41.344774],[2.091601,41.344654],[2.091569,41.344576],[2.091517,41.344454],[2.091481,41.344371],[2.091447,41.344291],[2.091411,41.344208],[2.091384,41.344145],[2.091377,41.34413],[2.091349,41.344072],[2.091335,41.344042],[2.091311,41.343994],[2.091296,41.343962],[2.091279,41.343927],[2.091258,41.343885],[2.091242,41.343851],[2.091227,41.343819],[2.09121,41.343786],[2.091198,41.34376],[2.091179,41.343721],[2.091163,41.34369],[2.09115,41.343665],[2.091093,41.343558],[2.091048,41.343475],[2.091001,41.34339],[2.090948,41.343299],[2.090893,41.343203],[2.090829,41.343092],[2.090779,41.34301],[2.090713,41.342903],[2.090611,41.342741],[2.090556,41.342659],[2.090489,41.342557],[2.090404,41.34243],[2.090369,41.34238],[2.0903,41.342285],[2.090186,41.342125],[2.090135,41.342058],[2.090087,41.341995],[2.090037,41.341929],[2.089982,41.341855],[2.089907,41.341762],[2.089862,41.341705],[2.089826,41.34166],[2.089778,41.341601],[2.089761,41.34158],[2.08972,41.341531],[2.089666,41.341467],[2.08962,41.341414],[2.089564,41.341349],[2.089521,41.341301],[2.088559,41.342166],[2.08797,41.342435],[2.087678,41.342664],[2.087485,41.342951],[2.087318,41.343409],[2.086547,41.344551],[2.086256,41.344807],[2.084922,41.345316],[2.083046,41.345768],[2.082288,41.345865],[2.081192,41.34621],[2.080159,41.346742],[2.078773,41.347812],[2.078245,41.348097],[2.077192,41.348377],[2.076598,41.348431],[2.076006,41.348187],[2.075326,41.34774],[2.073321,41.345929],[2.072166,41.345061],[2.071381,41.344637],[2.070292,41.344622],[2.069771,41.344834],[2.068772,41.344648],[2.06746,41.345219],[2.0664,41.345668],[2.06515,41.346212],[2.063634,41.346873],[2.062398,41.347292],[2.061146,41.347661],[2.060041,41.347869],[2.058928,41.348047],[2.057966,41.348166],[2.056932,41.348237],[2.055884,41.348247],[2.054473,41.348182],[2.053161,41.348019],[2.052162,41.347884],[2.051366,41.347747],[2.050741,41.347628],[2.050172,41.34751]]]}},{"type":"Feature","properties":{"nationalCode":"34090808089","name":"Gavà"},"geometry":{"type":"Polygon","coordinates":[[[1.914867,41.288874],[1.929326,41.294142],[1.931182,41.301958],[1.94547,41.317522],[1.952425,41.321994],[1.954158,41.323108],[1.955059,41.32333],[1.955675,41.322322],[1.955923,41.322293],[1.95631,41.322511],[1.957072,41.322631],[1.958294,41.320796],[1.961685,41.322054],[1.962357,41.322241],[1.964042,41.32242],[1.964396,41.321738],[1.96476,41.321335],[1.965137,41.321112],[1.966378,41.320941],[1.967264,41.32066],[1.967784,41.320592],[1.96881,41.320728],[1.969992,41.320407],[1.970891,41.319981],[1.971387,41.320067],[1.97198,41.320014],[1.97305,41.319788],[1.97511,41.319717],[1.975831,41.31946],[1.977041,41.319192],[1.978361,41.318649],[1.978765,41.318631],[1.979018,41.318503],[1.97925,41.318097],[1.97954,41.318138],[1.980209,41.318307],[1.980754,41.318248],[1.981813,41.316788],[1.982814,41.316295],[1.983205,41.31562],[1.983782,41.315523],[1.98409,41.315177],[1.984887,41.315133],[1.98571,41.314647],[1.985978,41.314564],[1.986509,41.314171],[1.986855,41.31385],[1.987604,41.313647],[1.987924,41.313624],[1.987791,41.314071],[1.988237,41.314013],[1.988238,41.313992],[1.988629,41.314005],[1.988905,41.314041],[1.989209,41.314026],[1.989482,41.313962],[1.989698,41.313857],[1.989989,41.31371],[1.990288,41.313546],[1.990682,41.313345],[1.991103,41.313173],[1.991611,41.313055],[1.99205,41.312983],[1.992386,41.31301],[1.992696,41.313065],[1.992998,41.313081],[1.993243,41.313053],[1.99339,41.312991],[1.993417,41.312873],[1.993379,41.31269],[1.993374,41.312588],[1.9934,41.312496],[1.993482,41.312431],[1.993785,41.312302],[1.99415,41.312304],[1.994444,41.312264],[1.994929,41.312256],[1.995304,41.312212],[1.9955,41.312188],[1.995761,41.312157],[1.99592,41.312137],[1.996012,41.312126],[1.996109,41.312115],[1.996269,41.312097],[1.996473,41.312073],[1.99667,41.312048],[1.99684,41.312026],[1.997017,41.312006],[1.997221,41.311981],[1.997464,41.311952],[1.997685,41.311926],[1.997829,41.311907],[1.997934,41.311895],[1.998074,41.311877],[1.99819,41.311864],[1.99834,41.311845],[1.998535,41.311821],[1.998722,41.311799],[1.998952,41.311771],[1.999137,41.311748],[1.999319,41.311726],[1.999524,41.3117],[1.999748,41.311673],[1.999951,41.311647],[2.000123,41.311626],[2.00029,41.311607],[2.000459,41.311586],[2.00066,41.311562],[2.000875,41.311536],[2.001068,41.311511],[2.00124,41.31149],[2.001384,41.311472],[2.001478,41.311463],[2.001573,41.311461],[2.001667,41.311463],[2.00176,41.311471],[2.001853,41.311485],[2.001942,41.311498],[2.002032,41.311506],[2.002123,41.311507],[2.002214,41.311503],[2.002303,41.311493],[2.002384,41.31148],[2.002463,41.311462],[2.002541,41.31144],[2.002615,41.311415],[2.002693,41.311385],[2.002709,41.311379],[2.002745,41.311361],[2.002782,41.311342],[2.002817,41.311323],[2.002852,41.311302],[2.002885,41.311281],[2.002917,41.311259],[2.00295,41.311236],[2.00298,41.311212],[2.003009,41.311188],[2.003038,41.311162],[2.003065,41.311137],[2.003259,41.310924],[2.003596,41.310555],[2.00362,41.310529],[2.003629,41.310519],[2.003703,41.31044],[2.003777,41.310361],[2.003885,41.310233],[2.004019,41.310074],[2.004162,41.309904],[2.004254,41.309795],[2.004272,41.309773],[2.004299,41.309742],[2.004476,41.309532],[2.00476,41.309197],[2.004773,41.309181],[2.004802,41.309147],[2.005034,41.30887],[2.005048,41.308853],[2.005071,41.308825],[2.005206,41.308666],[2.005385,41.308454],[2.005408,41.308427],[2.005414,41.30842],[2.005581,41.308211],[2.005591,41.308198],[2.005618,41.308162],[2.005692,41.30806],[2.005763,41.307964],[2.005787,41.307932],[2.005795,41.307922],[2.005899,41.307785],[2.006022,41.307641],[2.00615,41.307502],[2.00625,41.307407],[2.006286,41.307373],[2.006374,41.30729],[2.006413,41.307256],[2.006453,41.307223],[2.006493,41.307189],[2.006531,41.307156],[2.006554,41.307139],[2.006577,41.30712],[2.006624,41.307084],[2.006647,41.307067],[2.00667,41.307049],[2.006694,41.307032],[2.006719,41.307015],[2.00674,41.306998],[2.006763,41.306981],[2.006786,41.306965],[2.006809,41.306948],[2.006832,41.306932],[2.006855,41.306915],[2.006878,41.306899],[2.006894,41.306888],[2.00693,41.306863],[2.006958,41.306842],[2.006987,41.306822],[2.007016,41.306801],[2.007045,41.306781],[2.007074,41.306761],[2.007103,41.306742],[2.007132,41.306721],[2.007187,41.306686],[2.007241,41.306649],[2.007297,41.306614],[2.007351,41.306577],[2.007372,41.306564],[2.007461,41.306506],[2.00752,41.306472],[2.007585,41.306443],[2.007652,41.306419],[2.007724,41.306401],[2.007797,41.30639],[2.007873,41.306384],[2.007947,41.306384],[2.008748,41.306424],[2.008795,41.306426],[2.009175,41.306445],[2.00983,41.306478],[2.009877,41.30648],[2.010061,41.30649],[2.010488,41.30651],[2.010563,41.306514],[2.010696,41.30652],[2.011035,41.306537],[2.011082,41.306539],[2.011137,41.306542],[2.011468,41.306558],[2.011878,41.306324],[2.01203,41.306233],[2.012266,41.306025],[2.012275,41.306016],[2.012379,41.305892],[2.01235,41.30588],[2.012477,41.305724],[2.012623,41.305556],[2.012896,41.305285],[2.013053,41.305131],[2.013187,41.304999],[2.013282,41.304907],[2.013328,41.304863],[2.013416,41.304788],[2.013605,41.304638],[2.01401,41.304341],[2.014213,41.304219],[2.014305,41.304163],[2.014403,41.304102],[2.014526,41.304032],[2.01464,41.303964],[2.014798,41.303872],[2.014915,41.303806],[2.01503,41.303741],[2.015136,41.303682],[2.015222,41.303633],[2.015299,41.30359],[2.015365,41.303552],[2.01553,41.303459],[2.016121,41.30322],[2.01642,41.303081],[2.016458,41.303063],[2.016494,41.303044],[2.016528,41.303023],[2.01656,41.303001],[2.016594,41.302974],[2.01675,41.302848],[2.016954,41.302683],[2.017122,41.302547],[2.017282,41.30242],[2.017475,41.302264],[2.017621,41.302146],[2.017796,41.302006],[2.018363,41.301543],[2.019658,41.300475],[2.020256,41.299981],[2.020465,41.299786],[2.020671,41.299612],[2.020909,41.299366],[2.021104,41.299168],[2.022133,41.297996],[2.022809,41.29721],[2.022826,41.297188],[2.023921,41.295879],[2.024209,41.295505],[2.024311,41.295391],[2.024356,41.295339],[2.024364,41.295328],[2.024385,41.295302],[2.02441,41.29527],[2.024435,41.295238],[2.02446,41.295206],[2.024485,41.295174],[2.024508,41.295145],[2.024529,41.295118],[2.024555,41.295086],[2.024578,41.295058],[2.024606,41.295022],[2.024674,41.294936],[2.024763,41.294824],[2.024831,41.294739],[2.024874,41.294686],[2.024905,41.294648],[2.024937,41.294608],[2.024988,41.294546],[2.025009,41.29452],[2.023406,41.293882],[2.023744,41.2934],[2.023791,41.293329],[2.023795,41.29332],[2.023788,41.293317],[2.023842,41.293239],[2.023955,41.293073],[2.0241,41.292863],[2.024046,41.292847],[2.023984,41.292833],[2.023922,41.292818],[2.02361,41.292731],[2.023472,41.292689],[2.023389,41.292667],[2.023243,41.292629],[2.023201,41.292618],[2.023185,41.292613],[2.023154,41.292604],[2.023128,41.292595],[2.022984,41.29255],[2.022996,41.292543],[2.023045,41.292517],[2.023083,41.292496],[2.023132,41.292472],[2.023179,41.292445],[2.023222,41.292421],[2.023259,41.292397],[2.02331,41.292366],[2.023358,41.29234],[2.023393,41.292315],[2.023428,41.292285],[2.023477,41.292239],[2.023533,41.29218],[2.023592,41.292114],[2.023633,41.292065],[2.023666,41.292027],[2.023696,41.291988],[2.023761,41.29191],[2.023816,41.291838],[2.023854,41.291793],[2.023916,41.291731],[2.023962,41.291674],[2.024029,41.291582],[2.024104,41.291477],[2.024162,41.291392],[2.024198,41.291335],[2.024406,41.291049],[2.024513,41.290925],[2.024608,41.290809],[2.024642,41.290765],[2.024705,41.290684],[2.02476,41.290615],[2.024811,41.29055],[2.024862,41.290482],[2.024888,41.290443],[2.024922,41.290385],[2.024954,41.290329],[2.024981,41.290286],[2.025003,41.290253],[2.02502,41.290228],[2.025038,41.290203],[2.025057,41.290177],[2.025083,41.290138],[2.0251,41.290113],[2.025117,41.290091],[2.025143,41.290053],[2.025164,41.29002],[2.025186,41.289989],[2.025204,41.289959],[2.025225,41.289927],[2.025247,41.289894],[2.025289,41.289829],[2.025336,41.289751],[2.025372,41.289695],[2.025405,41.289639],[2.025427,41.289601],[2.025445,41.289571],[2.025489,41.289493],[2.025527,41.289429],[2.025535,41.289414],[2.025552,41.289385],[2.025574,41.289343],[2.025605,41.289284],[2.025628,41.289238],[2.025645,41.289203],[2.025668,41.289156],[2.025684,41.289121],[2.0257,41.289077],[2.02572,41.289021],[2.025734,41.28898],[2.025741,41.288956],[2.025746,41.288939],[2.025783,41.288896],[2.025856,41.288914],[2.025863,41.288891],[2.025873,41.288851],[2.025887,41.288808],[2.025908,41.288747],[2.025928,41.288694],[2.025954,41.288636],[2.025977,41.288579],[2.025994,41.288541],[2.026028,41.28847],[2.026078,41.28836],[2.026123,41.288261],[2.026157,41.288186],[2.026193,41.288108],[2.026247,41.288006],[2.026294,41.287926],[2.026319,41.287887],[2.026358,41.287833],[2.026386,41.287798],[2.026304,41.287776],[2.026312,41.28776],[2.026359,41.28767],[2.026394,41.287603],[2.026438,41.287516],[2.026447,41.287501],[2.026459,41.287478],[2.026478,41.287446],[2.026486,41.287431],[2.026534,41.287334],[2.02655,41.287293],[2.026555,41.287275],[2.026563,41.287247],[2.026574,41.287236],[2.026579,41.287229],[2.026586,41.287215],[2.026603,41.287192],[2.026603,41.28719],[2.026606,41.287186],[2.026606,41.287182],[2.026602,41.287174],[2.0266,41.287171],[2.026568,41.287133],[2.026567,41.287132],[2.026582,41.287125],[2.026591,41.287119],[2.026604,41.28711],[2.026615,41.287101],[2.02662,41.287096],[2.026631,41.287084],[2.026652,41.287058],[2.026693,41.287004],[2.026714,41.286977],[2.026748,41.286938],[2.026767,41.286918],[2.026788,41.286899],[2.026804,41.286888],[2.026836,41.286867],[2.026939,41.286801],[2.026992,41.28677],[2.027223,41.286636],[2.027301,41.286593],[2.027305,41.28659],[2.027313,41.286584],[2.027338,41.286559],[2.027341,41.286556],[2.027346,41.286547],[2.027355,41.286533],[2.027361,41.286526],[2.027369,41.28652],[2.027374,41.286517],[2.02745,41.286486],[2.027456,41.286485],[2.027464,41.286484],[2.027481,41.286479],[2.027494,41.286474],[2.027501,41.28647],[2.027506,41.286468],[2.027516,41.28646],[2.027528,41.286449],[2.027535,41.286441],[2.027551,41.286423],[2.027553,41.286418],[2.02756,41.286408],[2.027569,41.286391],[2.027575,41.28638],[2.027588,41.286366],[2.027599,41.286356],[2.027608,41.28635],[2.027624,41.286343],[2.027659,41.286332],[2.027672,41.286329],[2.027684,41.286326],[2.027687,41.286325],[2.027696,41.286321],[2.027699,41.28632],[2.02771,41.286313],[2.027842,41.286219],[2.027926,41.286159],[2.02796,41.286147],[2.027973,41.286141],[2.027983,41.286137],[2.027995,41.286134],[2.02801,41.286129],[2.028026,41.286122],[2.028043,41.286115],[2.028057,41.286106],[2.028068,41.286096],[2.028081,41.286083],[2.028088,41.286073],[2.028092,41.286064],[2.028094,41.286061],[2.028099,41.286054],[2.0281,41.286053],[2.028108,41.286047],[2.028118,41.286037],[2.028128,41.286025],[2.028133,41.286017],[2.02818,41.285956],[2.028247,41.285865],[2.028292,41.285808],[2.028297,41.285802],[2.028304,41.285795],[2.028314,41.285784],[2.028325,41.285769],[2.028332,41.285758],[2.028338,41.285749],[2.028348,41.285735],[2.028358,41.285721],[2.028375,41.2857],[2.028392,41.285678],[2.0284,41.285669],[2.028408,41.285662],[2.028421,41.285649],[2.028428,41.28564],[2.028433,41.28563],[2.028441,41.285614],[2.028447,41.285602],[2.028449,41.285591],[2.02845,41.285579],[2.028444,41.285566],[2.028436,41.285543],[2.028436,41.285541],[2.028436,41.285533],[2.02844,41.285517],[2.028442,41.285509],[2.028456,41.285478],[2.02846,41.28547],[2.028463,41.285461],[2.028464,41.285459],[2.028519,41.285383],[2.028555,41.285332],[2.02858,41.285294],[2.028588,41.285284],[2.028602,41.28527],[2.028611,41.285261],[2.028633,41.285229],[2.028675,41.285175],[2.02873,41.285097],[2.028742,41.285082],[2.028761,41.285063],[2.028781,41.285038],[2.028804,41.285006],[2.028825,41.284981],[2.028844,41.28496],[2.02887,41.284934],[2.02888,41.284924],[2.028894,41.284904],[2.028905,41.284881],[2.02892,41.284857],[2.028935,41.284831],[2.028977,41.284822],[2.028986,41.284821],[2.029001,41.284818],[2.029011,41.284814],[2.02902,41.284808],[2.029033,41.284794],[2.029053,41.28477],[2.029078,41.284732],[2.029108,41.284688],[2.029131,41.284652],[2.029143,41.284627],[2.029152,41.284601],[2.029153,41.284597],[2.029159,41.284588],[2.029182,41.284562],[2.029193,41.284546],[2.029202,41.284525],[2.029211,41.28451],[2.029218,41.284497],[2.02922,41.284491],[2.029222,41.284481],[2.029222,41.284478],[2.029227,41.284475],[2.029245,41.284461],[2.029254,41.28445],[2.029256,41.284449],[2.029262,41.284441],[2.029273,41.284425],[2.029285,41.284403],[2.029292,41.284393],[2.029306,41.28438],[2.029341,41.284328],[2.029364,41.284297],[2.02939,41.284265],[2.029403,41.28425],[2.029435,41.284218],[2.029464,41.284188],[2.029469,41.284181],[2.029477,41.284167],[2.029481,41.284159],[2.029481,41.284158],[2.029482,41.284158],[2.029505,41.284146],[2.029623,41.284068],[2.029863,41.283892],[2.030006,41.283807],[2.030196,41.283697],[2.030337,41.283612],[2.03046,41.283534],[2.030523,41.283492],[2.030594,41.283455],[2.030722,41.283394],[2.030823,41.283349],[2.030858,41.283334],[2.030919,41.283312],[2.03099,41.283281],[2.031015,41.283267],[2.03106,41.283252],[2.031144,41.283217],[2.031244,41.283181],[2.031418,41.283122],[2.031504,41.283078],[2.031535,41.283049],[2.031558,41.283002],[2.031581,41.282948],[2.031613,41.282919],[2.031684,41.282882],[2.03181,41.282814],[2.031921,41.282757],[2.032023,41.282703],[2.032064,41.282683],[2.032122,41.282669],[2.032183,41.282648],[2.032285,41.28261],[2.032386,41.282566],[2.032471,41.282524],[2.032542,41.282486],[2.032593,41.282463],[2.032619,41.282447],[2.032649,41.282441],[2.032695,41.282443],[2.032773,41.282422],[2.032859,41.282387],[2.032969,41.282356],[2.033037,41.282339],[2.033118,41.282303],[2.033267,41.282239],[2.033366,41.282189],[2.033552,41.282093],[2.033678,41.282004],[2.033795,41.281918],[2.033846,41.281884],[2.033898,41.281833],[2.033941,41.281786],[2.034011,41.281637],[2.034058,41.281554],[2.034095,41.281482],[2.034121,41.281447],[2.034151,41.281422],[2.034202,41.281379],[2.034266,41.281331],[2.034325,41.281292],[2.034396,41.281241],[2.034441,41.281217],[2.034524,41.281152],[2.034624,41.281075],[2.034704,41.281014],[2.034773,41.28096],[2.034837,41.280908],[2.034861,41.280892],[2.034875,41.280883],[2.034906,41.280887],[2.034953,41.280903],[2.03501,41.280941],[2.035069,41.280986],[2.035118,41.281025],[2.035162,41.281028],[2.035271,41.28099],[2.035362,41.280941],[2.035464,41.280889],[2.035533,41.280847],[2.035544,41.280825],[2.035545,41.280814],[2.035545,41.280799],[2.035541,41.280782],[2.035503,41.280729],[2.035493,41.280713],[2.035487,41.280703],[2.035485,41.280689],[2.035495,41.280674],[2.035507,41.280665],[2.035616,41.280599],[2.036096,41.2803],[2.0361,41.280297],[2.036109,41.28029],[2.03612,41.280286],[2.036138,41.280282],[2.036178,41.280276],[2.036186,41.280275],[2.0362,41.280275],[2.036222,41.280277],[2.036229,41.280277],[2.036249,41.280275],[2.036258,41.280274],[2.036271,41.28027],[2.036282,41.280267],[2.036285,41.280265],[2.03629,41.280262],[2.036295,41.280259],[2.036296,41.280257],[2.036316,41.280231],[2.036327,41.280214],[2.036333,41.280201],[2.036345,41.280176],[2.036557,41.279719],[2.03656,41.279711],[2.036582,41.279659],[2.036584,41.279648],[2.036593,41.279626],[2.036601,41.279607],[2.036607,41.279587],[2.036613,41.279557],[2.036618,41.279531],[2.036622,41.279517],[2.036626,41.279505],[2.03663,41.27949],[2.036635,41.279474],[2.03664,41.279458],[2.036645,41.279444],[2.036656,41.279418],[2.036675,41.279403],[2.036706,41.279403],[2.036831,41.279427],[2.036832,41.279425],[2.036862,41.279384],[2.036892,41.279329],[2.036926,41.279239],[2.036944,41.279182],[2.03696,41.279128],[2.036976,41.279083],[2.036989,41.279022],[2.037013,41.278957],[2.037025,41.278906],[2.037048,41.278846],[2.037082,41.278775],[2.037117,41.278725],[2.03717,41.278694],[2.037225,41.278623],[2.03729,41.278545],[2.037338,41.278484],[2.037397,41.278411],[2.037467,41.278325],[2.037535,41.278247],[2.037589,41.278193],[2.037596,41.278185],[2.037632,41.278149],[2.037754,41.278008],[2.037818,41.27793],[2.037865,41.277881],[2.03789,41.277826],[2.037913,41.277751],[2.037932,41.277658],[2.037941,41.277603],[2.037971,41.277493],[2.038323,41.276698],[2.038368,41.276551],[2.038428,41.276171],[2.038461,41.275827],[2.03849,41.27573],[2.038514,41.275666],[2.038569,41.275584],[2.038698,41.275473],[2.038819,41.275392],[2.039059,41.275293],[2.039328,41.275214],[2.039641,41.275079],[2.039877,41.274942],[2.040331,41.274697],[2.040674,41.274428],[2.040844,41.274238],[2.041433,41.273676],[2.041996,41.273216],[2.042624,41.272893],[2.043078,41.27276],[2.043714,41.272604],[2.044122,41.272539],[2.044516,41.272509],[2.044955,41.272499],[2.045086,41.272471],[2.04521,41.272387],[2.045255,41.272267],[2.045287,41.271885],[2.045348,41.271746],[2.045401,41.271521],[2.045521,41.271135],[2.045591,41.270922],[2.045617,41.270856],[2.045735,41.270507],[2.045846,41.270171],[2.045595,41.270122],[2.044063,41.269948],[2.04224,41.269644],[2.039994,41.269231],[2.038332,41.268841],[2.03508,41.268344],[2.034797,41.268259],[2.034052,41.26812],[2.033045,41.267878],[2.032165,41.267769],[2.02874,41.267032],[2.023358,41.266162],[2.018482,41.265603],[2.01734,41.265569],[2.015884,41.265302],[2.014478,41.265242],[2.013191,41.264999],[2.011298,41.264919],[2.011203,41.264926],[2.011119,41.264933],[2.008128,41.264673],[2.005416,41.264529],[2.002998,41.264444],[2.00283,41.264736],[1.999376,41.270748],[1.99035,41.286473],[1.989138,41.288578],[1.987613,41.291264],[1.986346,41.291094],[1.985039,41.291016],[1.984667,41.291149],[1.983911,41.29219],[1.983523,41.292423],[1.98268,41.292793],[1.98241,41.293012],[1.981535,41.294058],[1.981295,41.294204],[1.980216,41.29461],[1.979741,41.295261],[1.979244,41.295634],[1.978287,41.296234],[1.977956,41.296599],[1.971031,41.293289],[1.966082,41.293035],[1.963372,41.292252],[1.960693,41.289991],[1.959433,41.287848],[1.957299,41.287103],[1.953642,41.283741],[1.952358,41.283337],[1.950629,41.283673],[1.949831,41.283527],[1.947613,41.280877],[1.944531,41.279893],[1.942661,41.280271],[1.93729,41.28232],[1.935614,41.283518],[1.931556,41.285097],[1.930741,41.285996],[1.928882,41.286832],[1.927817,41.288066],[1.9265,41.289122],[1.925767,41.290639],[1.925202,41.290907],[1.924506,41.291009],[1.914867,41.288874]]]}},{"type":"Feature","properties":{"nationalCode":"34090808101","name":"L'Hospitalet de Llobregat"},"geometry":{"type":"Polygon","coordinates":[[[2.086779,41.366776],[2.088201,41.368939],[2.092177,41.368898],[2.092413,41.367933],[2.094116,41.366948],[2.096079,41.367599],[2.097803,41.368243],[2.099052,41.368629],[2.098602,41.370197],[2.100659,41.373113],[2.101106,41.373939],[2.101087,41.374462],[2.100396,41.375708],[2.099872,41.376344],[2.102195,41.377312],[2.103519,41.378649],[2.103441,41.378877],[2.102884,41.380613],[2.101156,41.382355],[2.101284,41.38307],[2.102101,41.387544],[2.102425,41.388322],[2.103534,41.388281],[2.106025,41.388036],[2.106346,41.387859],[2.106579,41.38748],[2.106723,41.387338],[2.107615,41.386965],[2.107982,41.386616],[2.108298,41.38608],[2.109964,41.385366],[2.111804,41.384591],[2.108239,41.381518],[2.107497,41.381659],[2.107378,41.381205],[2.107469,41.379931],[2.107822,41.379096],[2.108055,41.378564],[2.108213,41.378296],[2.108686,41.377924],[2.109,41.37736],[2.109439,41.376098],[2.117659,41.375894],[2.121357,41.378079],[2.121696,41.376011],[2.121993,41.375683],[2.1235,41.374634],[2.124191,41.373847],[2.124572,41.373524],[2.126058,41.372656],[2.126871,41.372053],[2.128907,41.37089],[2.129246,41.370641],[2.130263,41.369902],[2.130968,41.369142],[2.13129,41.368677],[2.131836,41.367419],[2.132037,41.366627],[2.132254,41.366194],[2.132661,41.365447],[2.132971,41.364379],[2.133419,41.363846],[2.133915,41.363464],[2.135099,41.362574],[2.135279,41.362277],[2.134727,41.361186],[2.134507,41.36097],[2.133938,41.360582],[2.133509,41.360133],[2.133306,41.35953],[2.133221,41.358903],[2.133186,41.357554],[2.133028,41.356769],[2.132657,41.356002],[2.132234,41.355634],[2.131987,41.355528],[2.134264,41.352428],[2.134835,41.351791],[2.135309,41.351139],[2.13783,41.348406],[2.139207,41.34694],[2.138931,41.346773],[2.132735,41.344862],[2.130883,41.344243],[2.122071,41.341881],[2.117838,41.340621],[2.110343,41.337966],[2.101369,41.336334],[2.099284,41.337098],[2.097671,41.338007],[2.096711,41.338563],[2.093648,41.340031],[2.089521,41.341301],[2.089564,41.341349],[2.08962,41.341414],[2.089666,41.341467],[2.08972,41.341531],[2.089761,41.34158],[2.089778,41.341601],[2.089826,41.34166],[2.089862,41.341705],[2.089907,41.341762],[2.089982,41.341855],[2.090037,41.341929],[2.090087,41.341995],[2.090135,41.342058],[2.090186,41.342125],[2.0903,41.342285],[2.090369,41.34238],[2.090404,41.34243],[2.090489,41.342557],[2.090556,41.342659],[2.090611,41.342741],[2.090713,41.342903],[2.090779,41.34301],[2.090829,41.343092],[2.090893,41.343203],[2.090948,41.343299],[2.091001,41.34339],[2.091048,41.343475],[2.091093,41.343558],[2.09115,41.343665],[2.091163,41.34369],[2.091179,41.343721],[2.091198,41.34376],[2.09121,41.343786],[2.091227,41.343819],[2.091242,41.343851],[2.091258,41.343885],[2.091279,41.343927],[2.091296,41.343962],[2.091311,41.343994],[2.091335,41.344042],[2.091349,41.344072],[2.091377,41.34413],[2.091384,41.344145],[2.091411,41.344208],[2.091447,41.344291],[2.091481,41.344371],[2.091517,41.344454],[2.091569,41.344576],[2.091601,41.344654],[2.091646,41.344774],[2.091682,41.344867],[2.091723,41.344974],[2.091764,41.345091],[2.091806,41.34521],[2.091824,41.345262],[2.09188,41.345451],[2.09192,41.345586],[2.091977,41.345787],[2.092059,41.346122],[2.092071,41.346176],[2.092123,41.346425],[2.09217,41.346682],[2.092209,41.346936],[2.092239,41.347161],[2.092259,41.347334],[2.092276,41.347514],[2.092284,41.347642],[2.09229,41.347741],[2.092292,41.347802],[2.092295,41.347925],[2.092297,41.347982],[2.092299,41.348074],[2.093308,41.348652],[2.0944,41.34927],[2.094791,41.349493],[2.095075,41.349649],[2.095452,41.349846],[2.097235,41.350763],[2.097569,41.350908],[2.099878,41.35192],[2.098489,41.353985],[2.098297,41.354266],[2.097545,41.355382],[2.097175,41.355857],[2.096868,41.356321],[2.09663,41.356691],[2.096452,41.356979],[2.096367,41.35711],[2.095999,41.357693],[2.095926,41.357809],[2.095523,41.35844],[2.095768,41.358526],[2.095859,41.358558],[2.095665,41.358893],[2.095599,41.359044],[2.095442,41.359034],[2.095138,41.358953],[2.094528,41.358781],[2.09426,41.358705],[2.093595,41.358518],[2.093494,41.358683],[2.093185,41.359192],[2.09317,41.359215],[2.093143,41.359252],[2.093127,41.35927],[2.091927,41.360457],[2.091461,41.36092],[2.091235,41.360992],[2.090899,41.36122],[2.090761,41.361275],[2.090618,41.361372],[2.090493,41.361513],[2.090452,41.361579],[2.090437,41.361688],[2.090294,41.361837],[2.089177,41.363008],[2.089287,41.363369],[2.089363,41.363606],[2.088951,41.363742],[2.088477,41.363899],[2.088008,41.364055],[2.087858,41.364099],[2.087603,41.364169],[2.087554,41.364184],[2.08744,41.364215],[2.087362,41.364257],[2.087299,41.364293],[2.087277,41.364307],[2.087265,41.364353],[2.087224,41.364414],[2.087213,41.364425],[2.087189,41.364448],[2.087164,41.36447],[2.087052,41.364526],[2.08705,41.364531],[2.087029,41.364584],[2.087016,41.36462],[2.086993,41.36469],[2.086982,41.364756],[2.08698,41.364886],[2.086974,41.365387],[2.086973,41.365464],[2.086789,41.365708],[2.08679,41.365741],[2.086837,41.365754],[2.086794,41.365841],[2.086797,41.365925],[2.086802,41.366066],[2.086804,41.3662],[2.086804,41.366342],[2.086798,41.366478],[2.086791,41.366597],[2.086785,41.366677],[2.086779,41.366776]]]}},{"type":"Feature","properties":{"nationalCode":"34090808125","name":"Montcada i Reixac"},"geometry":{"type":"MultiPolygon","coordinates":[[[[2.154335,41.48952],[2.15559,41.48859],[2.15812,41.488035],[2.159442,41.488552],[2.159826,41.488859],[2.160167,41.489681],[2.160485,41.489774],[2.160491,41.489846],[2.160536,41.490258],[2.160855,41.490352],[2.162297,41.490269],[2.163872,41.490054],[2.165212,41.489435],[2.166063,41.489442],[2.167133,41.489196],[2.169078,41.488964],[2.170499,41.489971],[2.172579,41.491426],[2.173173,41.492417],[2.171156,41.493858],[2.17047,41.494267],[2.170266,41.494402],[2.170691,41.494932],[2.170003,41.495162],[2.169088,41.495851],[2.16805,41.496357],[2.167346,41.497739],[2.166225,41.498843],[2.16591,41.49955],[2.165613,41.500032],[2.164593,41.501509],[2.164017,41.502544],[2.163399,41.503364],[2.162392,41.504246],[2.161021,41.506136],[2.159124,41.507311],[2.158986,41.507379],[2.158995,41.507388],[2.159016,41.507374],[2.159139,41.507465],[2.159231,41.507538],[2.159319,41.507607],[2.159383,41.50765],[2.159477,41.507708],[2.159549,41.507769],[2.159613,41.507818],[2.159673,41.507855],[2.159714,41.507885],[2.159771,41.507925],[2.15984,41.507979],[2.159906,41.508019],[2.159972,41.508055],[2.160036,41.508079],[2.160199,41.50813],[2.1603,41.508168],[2.160425,41.50821],[2.160585,41.508258],[2.160734,41.508302],[2.160811,41.508332],[2.160857,41.508355],[2.160909,41.508381],[2.16095,41.508406],[2.160975,41.508423],[2.161009,41.50845],[2.161049,41.508488],[2.161093,41.508532],[2.161137,41.508587],[2.161204,41.508669],[2.161238,41.508718],[2.16126,41.508757],[2.161272,41.508796],[2.161278,41.508825],[2.161278,41.508877],[2.161269,41.508992],[2.161252,41.509105],[2.161242,41.509154],[2.161222,41.509233],[2.161175,41.509355],[2.161111,41.509503],[2.161048,41.50966],[2.160991,41.509807],[2.160938,41.509939],[2.16091,41.510032],[2.160892,41.51009],[2.160885,41.510144],[2.160896,41.510198],[2.160927,41.510239],[2.160951,41.510269],[2.160995,41.510295],[2.161063,41.510325],[2.161125,41.510351],[2.161189,41.510379],[2.161286,41.510419],[2.16143,41.510491],[2.161485,41.51052],[2.161529,41.510548],[2.161555,41.510571],[2.161594,41.510607],[2.161627,41.510644],[2.161674,41.510713],[2.1617,41.510763],[2.161718,41.510796],[2.161734,41.510861],[2.161728,41.510909],[2.161718,41.510948],[2.161693,41.511027],[2.161655,41.511165],[2.161642,41.511287],[2.161642,41.511365],[2.161646,41.511449],[2.161638,41.511505],[2.161615,41.511586],[2.161606,41.511656],[2.161611,41.511707],[2.161609,41.511759],[2.161608,41.5118],[2.161617,41.511857],[2.161629,41.511909],[2.161638,41.511946],[2.161659,41.512002],[2.161673,41.512033],[2.161711,41.512127],[2.161749,41.512256],[2.161799,41.51244],[2.161815,41.512513],[2.161824,41.512573],[2.161835,41.512616],[2.161851,41.512653],[2.161878,41.512686],[2.16194,41.512763],[2.16205,41.512891],[2.162161,41.513027],[2.162406,41.513299],[2.162482,41.5134],[2.162498,41.513427],[2.162498,41.513446],[2.162489,41.51347],[2.162453,41.513512],[2.162376,41.513607],[2.162354,41.513655],[2.162347,41.513688],[2.162348,41.513734],[2.162349,41.513805],[2.162369,41.513944],[2.162439,41.514265],[2.162457,41.514363],[2.162509,41.514699],[2.162522,41.514772],[2.162551,41.514985],[2.162563,41.515049],[2.162595,41.515188],[2.162611,41.515254],[2.162617,41.515323],[2.162634,41.515512],[2.162631,41.515738],[2.162624,41.515812],[2.162617,41.515897],[2.162611,41.516004],[2.162615,41.516046],[2.16262,41.516069],[2.162627,41.516094],[2.162643,41.51613],[2.162663,41.516126],[2.163311,41.516089],[2.164179,41.515699],[2.165489,41.515459],[2.166289,41.51573],[2.167414,41.515562],[2.168683,41.515108],[2.169501,41.514991],[2.170923,41.515107],[2.171304,41.515377],[2.171558,41.516752],[2.172079,41.517278],[2.172557,41.517563],[2.17423,41.517667],[2.174292,41.520086],[2.174408,41.520495],[2.174993,41.520775],[2.175435,41.520458],[2.177122,41.519824],[2.17772,41.51922],[2.178826,41.518972],[2.179742,41.518436],[2.18158,41.517606],[2.183767,41.517093],[2.185208,41.516982],[2.186448,41.517061],[2.18853,41.516283],[2.188769,41.515975],[2.189043,41.515666],[2.189274,41.514215],[2.189568,41.513544],[2.190475,41.512009],[2.191061,41.511253],[2.192607,41.509319],[2.193577,41.507817],[2.195542,41.506188],[2.197328,41.504712],[2.197969,41.504197],[2.199308,41.502669],[2.200384,41.500855],[2.200909,41.501282],[2.201733,41.501694],[2.202307,41.502136],[2.202993,41.503222],[2.203581,41.50369],[2.203811,41.503903],[2.204872,41.503055],[2.207303,41.501865],[2.208002,41.501329],[2.209145,41.500052],[2.210671,41.498921],[2.213846,41.497894],[2.219018,41.496552],[2.220462,41.496486],[2.223318,41.495816],[2.223801,41.494533],[2.224861,41.492234],[2.224141,41.491619],[2.223255,41.490426],[2.220515,41.488957],[2.219242,41.488772],[2.218384,41.488226],[2.21723,41.488314],[2.215678,41.487034],[2.216623,41.485533],[2.216242,41.484668],[2.216176,41.48459],[2.215339,41.483557],[2.215317,41.482982],[2.213271,41.481805],[2.212802,41.481628],[2.212445,41.481366],[2.211934,41.480371],[2.212818,41.479449],[2.213894,41.478986],[2.21491,41.478967],[2.215409,41.478764],[2.215821,41.478385],[2.216192,41.478233],[2.217181,41.477729],[2.217491,41.477868],[2.217783,41.477774],[2.217813,41.477556],[2.217553,41.477289],[2.21721,41.476602],[2.216902,41.475455],[2.216427,41.474603],[2.215425,41.473605],[2.214941,41.472951],[2.214337,41.472583],[2.214148,41.472168],[2.213639,41.471786],[2.212757,41.471385],[2.211518,41.471315],[2.211323,41.471126],[2.210349,41.470621],[2.209589,41.470395],[2.206668,41.470239],[2.205737,41.470425],[2.204243,41.471042],[2.203906,41.471472],[2.202855,41.471808],[2.202346,41.471867],[2.201438,41.472646],[2.200019,41.473305],[2.199012,41.473287],[2.198241,41.472926],[2.195878,41.472421],[2.194491,41.472439],[2.193588,41.472219],[2.19285,41.471829],[2.192633,41.471506],[2.191933,41.471438],[2.191131,41.471133],[2.191093,41.471107],[2.190221,41.47039],[2.189622,41.470535],[2.189037,41.470696],[2.187421,41.467996],[2.18706,41.467717],[2.185803,41.467758],[2.185738,41.467761],[2.185382,41.467795],[2.184583,41.468197],[2.184422,41.468246],[2.184169,41.468284],[2.184065,41.468298],[2.183785,41.468296],[2.183623,41.468275],[2.183471,41.468227],[2.183101,41.468163],[2.182674,41.468052],[2.182389,41.467997],[2.182022,41.467952],[2.181892,41.467914],[2.181687,41.467843],[2.180693,41.467673],[2.18051,41.467659],[2.179794,41.467619],[2.179413,41.467594],[2.178695,41.468184],[2.17864,41.467947],[2.178606,41.467688],[2.17861,41.467421],[2.178671,41.467084],[2.178789,41.4668],[2.178936,41.466535],[2.179167,41.466214],[2.179336,41.466024],[2.179466,41.465878],[2.179844,41.465506],[2.180137,41.465269],[2.180421,41.465088],[2.180712,41.46494],[2.180254,41.464828],[2.178853,41.464484],[2.178623,41.464443],[2.178433,41.464399],[2.178126,41.464333],[2.177803,41.464243],[2.177465,41.464161],[2.177255,41.464151],[2.177077,41.464145],[2.176958,41.464132],[2.176921,41.464092],[2.176619,41.464053],[2.176251,41.46399],[2.176211,41.463945],[2.176173,41.463928],[2.175991,41.463858],[2.17573,41.463733],[2.175622,41.463751],[2.174916,41.463852],[2.174878,41.463699],[2.17478,41.463643],[2.174524,41.463484],[2.174352,41.463484],[2.174328,41.463229],[2.174357,41.463016],[2.174355,41.462972],[2.17428,41.462819],[2.174248,41.462732],[2.174169,41.462637],[2.174074,41.462564],[2.173996,41.462539],[2.173843,41.462529],[2.17376,41.462535],[2.173403,41.462328],[2.172939,41.462057],[2.172646,41.461869],[2.172548,41.461766],[2.172386,41.461656],[2.172134,41.461443],[2.1719,41.461271],[2.171749,41.461205],[2.17172,41.461167],[2.171695,41.461138],[2.171645,41.46111],[2.171524,41.460963],[2.171425,41.460876],[2.171405,41.460822],[2.171224,41.461213],[2.170821,41.461083],[2.170642,41.461024],[2.1705,41.460962],[2.170019,41.460844],[2.170012,41.460754],[2.169549,41.460677],[2.169409,41.460635],[2.169287,41.46063],[2.169099,41.460551],[2.168429,41.46032],[2.168318,41.460285],[2.168296,41.460338],[2.168283,41.460395],[2.168267,41.460497],[2.168258,41.460602],[2.168263,41.460697],[2.168207,41.460701],[2.168144,41.460704],[2.167325,41.46068],[2.167301,41.460619],[2.167254,41.460507],[2.167242,41.460472],[2.167258,41.460415],[2.167276,41.460355],[2.167288,41.460319],[2.167333,41.460206],[2.16736,41.460143],[2.167397,41.460077],[2.167457,41.460008],[2.167525,41.459931],[2.167392,41.459908],[2.167313,41.459887],[2.167238,41.459849],[2.167166,41.4598],[2.167014,41.459635],[2.166945,41.45951],[2.166934,41.459492],[2.166921,41.459175],[2.166439,41.458708],[2.166162,41.458465],[2.165799,41.458416],[2.165741,41.458373],[2.165698,41.458307],[2.165687,41.458271],[2.16567,41.458185],[2.165648,41.458108],[2.165623,41.458029],[2.165572,41.457986],[2.165499,41.457921],[2.165464,41.457849],[2.165416,41.45778],[2.165317,41.45769],[2.165271,41.457614],[2.165196,41.457511],[2.16508,41.457334],[2.164974,41.457146],[2.164893,41.457051],[2.164782,41.456889],[2.164721,41.456798],[2.164644,41.456696],[2.164576,41.456587],[2.164515,41.456483],[2.164452,41.45638],[2.164339,41.456193],[2.164296,41.456135],[2.164229,41.456045],[2.164169,41.455794],[2.164267,41.455609],[2.164301,41.455447],[2.164326,41.455357],[2.164407,41.455116],[2.164506,41.45501],[2.164733,41.454943],[2.16489,41.45484],[2.164924,41.454771],[2.16494,41.454666],[2.164956,41.454482],[2.164956,41.454334],[2.164931,41.454226],[2.164892,41.454046],[2.16482,41.453928],[2.164802,41.453855],[2.164797,41.453772],[2.164808,41.453697],[2.164826,41.453632],[2.164859,41.453474],[2.164861,41.453403],[2.164875,41.453307],[2.164896,41.453229],[2.164901,41.453163],[2.16489,41.453107],[2.164871,41.45299],[2.164862,41.452912],[2.164836,41.452835],[2.164814,41.452749],[2.164801,41.452675],[2.16486,41.452602],[2.164938,41.452524],[2.165033,41.452451],[2.16516,41.452361],[2.165333,41.452249],[2.165393,41.452153],[2.165448,41.452048],[2.165514,41.45192],[2.165568,41.451795],[2.165575,41.451746],[2.165593,41.451669],[2.165598,41.45158],[2.165584,41.451524],[2.165556,41.451482],[2.165505,41.451437],[2.165426,41.451381],[2.165374,41.451348],[2.16531,41.451313],[2.16514,41.451248],[2.165075,41.451224],[2.164963,41.451173],[2.164843,41.451115],[2.164792,41.451093],[2.164757,41.451061],[2.164707,41.450957],[2.16468,41.450911],[2.164638,41.450853],[2.164559,41.450778],[2.164488,41.450721],[2.164448,41.450689],[2.164403,41.450635],[2.164359,41.450569],[2.164319,41.450471],[2.164292,41.450386],[2.164274,41.4503],[2.164246,41.450183],[2.164224,41.450103],[2.164197,41.450027],[2.164166,41.449942],[2.16417,41.449866],[2.164141,41.449815],[2.164106,41.449798],[2.164038,41.449786],[2.163893,41.449771],[2.163757,41.449786],[2.163679,41.449795],[2.163578,41.449799],[2.163473,41.449805],[2.163381,41.449806],[2.163256,41.449798],[2.163183,41.44979],[2.163071,41.449778],[2.162976,41.449768],[2.162878,41.449778],[2.162787,41.449789],[2.162685,41.449826],[2.162596,41.44988],[2.162494,41.44993],[2.162394,41.449986],[2.162298,41.450053],[2.162188,41.450116],[2.16211,41.450164],[2.161995,41.45022],[2.16186,41.450258],[2.161725,41.450273],[2.161533,41.450284],[2.161295,41.450305],[2.161043,41.450327],[2.160414,41.45034],[2.160369,41.450321],[2.160211,41.450333],[2.160185,41.450349],[2.159998,41.450433],[2.159562,41.450502],[2.15956,41.450521],[2.158967,41.450517],[2.158926,41.450489],[2.158868,41.450425],[2.158775,41.450349],[2.158681,41.4503],[2.158586,41.450258],[2.158504,41.450227],[2.158424,41.450174],[2.15837,41.450128],[2.158315,41.450083],[2.158271,41.450039],[2.158221,41.450001],[2.158165,41.449949],[2.158091,41.449891],[2.158014,41.449829],[2.157967,41.449803],[2.157911,41.449783],[2.157799,41.449732],[2.157683,41.449677],[2.157563,41.449625],[2.157504,41.449607],[2.157445,41.449592],[2.157388,41.44959],[2.157323,41.449601],[2.157214,41.449643],[2.157082,41.449686],[2.156946,41.449732],[2.156807,41.449788],[2.156746,41.449823],[2.156703,41.449849],[2.156643,41.449886],[2.156579,41.449914],[2.156437,41.449926],[2.156307,41.44992],[2.15616,41.449937],[2.156019,41.449954],[2.155842,41.449935],[2.158349,41.45357],[2.158511,41.453941],[2.158232,41.454197],[2.158138,41.455281],[2.157751,41.45583],[2.157241,41.456042],[2.157108,41.456327],[2.157163,41.458674],[2.157662,41.458931],[2.157923,41.459504],[2.157957,41.460079],[2.157731,41.460845],[2.157812,41.461265],[2.158195,41.461869],[2.158503,41.462134],[2.158533,41.462664],[2.158887,41.46335],[2.159621,41.464155],[2.15979,41.465677],[2.159504,41.465987],[2.158809,41.466289],[2.158553,41.466525],[2.15818,41.4671],[2.158266,41.46743],[2.158548,41.467822],[2.158671,41.468312],[2.156465,41.466916],[2.155931,41.466967],[2.157202,41.471817],[2.155701,41.474621],[2.154289,41.475234],[2.157993,41.479812],[2.157533,41.481561],[2.159334,41.483713],[2.159625,41.48406],[2.160047,41.484563],[2.159293,41.48502],[2.158382,41.48516],[2.157042,41.48622],[2.155349,41.48707],[2.1535,41.488207],[2.15277,41.489885],[2.154335,41.48952]]],[[[2.187584,41.566724],[2.187581,41.566775],[2.187578,41.566805],[2.187571,41.566886],[2.187562,41.566967],[2.187549,41.567048],[2.187326,41.568371],[2.187317,41.568414],[2.187306,41.568457],[2.187292,41.5685],[2.187275,41.568543],[2.187255,41.568584],[2.187233,41.568624],[2.187209,41.568665],[2.18718,41.568703],[2.18709,41.568825],[2.187083,41.568836],[2.187077,41.568847],[2.187071,41.568857],[2.187066,41.568868],[2.187061,41.56888],[2.187057,41.568891],[2.187054,41.568902],[2.187052,41.568914],[2.187049,41.568926],[2.187033,41.569073],[2.187033,41.569086],[2.187033,41.569098],[2.187033,41.569109],[2.187035,41.569122],[2.187037,41.569134],[2.187039,41.569146],[2.187046,41.569169],[2.18705,41.569181],[2.187052,41.569194],[2.187054,41.569208],[2.187054,41.56922],[2.187055,41.569234],[2.187054,41.569247],[2.187052,41.56926],[2.187051,41.569272],[2.186908,41.569991],[2.186905,41.57],[2.186903,41.570008],[2.186899,41.570017],[2.186895,41.570026],[2.186891,41.570034],[2.186887,41.570043],[2.18688,41.570051],[2.186874,41.570058],[2.186868,41.570066],[2.186861,41.570074],[2.186854,41.570081],[2.186845,41.570088],[2.186837,41.570094],[2.186828,41.5701],[2.186819,41.570107],[2.18681,41.570112],[2.186799,41.570117],[2.18679,41.570123],[2.18678,41.570126],[2.18677,41.57013],[2.186763,41.570134],[2.186755,41.570138],[2.186747,41.570142],[2.186741,41.570147],[2.186734,41.570151],[2.186728,41.570156],[2.186724,41.57016],[2.186736,41.570177],[2.186738,41.570184],[2.186742,41.570189],[2.186744,41.570193],[2.186746,41.570195],[2.186749,41.570203],[2.18675,41.570207],[2.186751,41.570208],[2.186753,41.570214],[2.186755,41.570222],[2.186757,41.570229],[2.186758,41.570236],[2.186758,41.570237],[2.186759,41.570243],[2.186759,41.570249],[2.186759,41.570261],[2.186759,41.570268],[2.186759,41.570272],[2.186759,41.570273],[2.186756,41.570282],[2.186753,41.570308],[2.186747,41.570333],[2.186743,41.570363],[2.186737,41.570422],[2.186734,41.570463],[2.186731,41.570502],[2.186729,41.570543],[2.186727,41.570604],[2.186728,41.570636],[2.186731,41.570764],[2.186734,41.570845],[2.186735,41.57088],[2.186736,41.570951],[2.186735,41.571],[2.186735,41.571024],[2.186731,41.571061],[2.186727,41.571094],[2.186717,41.57116],[2.186714,41.571177],[2.186709,41.571206],[2.186701,41.571243],[2.186697,41.571263],[2.186685,41.571351],[2.186679,41.571405],[2.186676,41.571432],[2.186673,41.57149],[2.186666,41.571588],[2.186661,41.571658],[2.186657,41.571693],[2.186641,41.571829],[2.18663,41.571921],[2.186622,41.571973],[2.186617,41.571999],[2.18661,41.572037],[2.186605,41.572061],[2.1866,41.572081],[2.186591,41.572126],[2.186578,41.572192],[2.18656,41.572265],[2.186548,41.572326],[2.186543,41.572379],[2.186538,41.572405],[2.186527,41.572436],[2.186496,41.572511],[2.186492,41.572518],[2.186483,41.572538],[2.186577,41.572569],[2.187026,41.572723],[2.187057,41.572733],[2.188023,41.573101],[2.18819,41.573165],[2.188352,41.573229],[2.188365,41.573231],[2.188411,41.573244],[2.188567,41.573306],[2.188606,41.573319],[2.188636,41.573326],[2.188681,41.573334],[2.188725,41.573334],[2.188775,41.573326],[2.188851,41.573303],[2.188927,41.573278],[2.189019,41.573248],[2.189113,41.573219],[2.18915,41.573211],[2.189216,41.573203],[2.189305,41.573211],[2.19082,41.573518],[2.19198,41.573778],[2.19232,41.573738],[2.192662,41.573783],[2.194112,41.573808],[2.194607,41.573851],[2.195069,41.573941],[2.19513,41.573953],[2.195132,41.573955],[2.195149,41.573977],[2.19517,41.573996],[2.195192,41.574012],[2.195216,41.574027],[2.195267,41.574057],[2.195334,41.57409],[2.195401,41.574124],[2.195469,41.574159],[2.195537,41.574192],[2.195601,41.574226],[2.195646,41.574254],[2.195692,41.574284],[2.195733,41.574314],[2.195776,41.574345],[2.195827,41.574387],[2.195878,41.57443],[2.195928,41.574473],[2.195979,41.574515],[2.196017,41.574549],[2.196056,41.574583],[2.196093,41.574619],[2.196131,41.574654],[2.196142,41.574666],[2.196152,41.574678],[2.196164,41.574697],[2.196177,41.574717],[2.196185,41.574736],[2.196193,41.574756],[2.1962,41.574784],[2.196208,41.574812],[2.196214,41.57484],[2.196221,41.574867],[2.196226,41.574895],[2.196233,41.574923],[2.196236,41.574952],[2.196241,41.574981],[2.196754,41.574574],[2.197211,41.573995],[2.197675,41.573199],[2.196937,41.573125],[2.196484,41.572857],[2.19649,41.572335],[2.196879,41.571957],[2.197028,41.571563],[2.196707,41.571308],[2.195904,41.571155],[2.195173,41.570567],[2.194439,41.570231],[2.19417,41.569568],[2.193705,41.569301],[2.19363,41.569259],[2.193372,41.568884],[2.193307,41.567482],[2.192653,41.567251],[2.191568,41.56703],[2.191242,41.56745],[2.190382,41.567183],[2.190396,41.566318],[2.187606,41.566271],[2.187584,41.566724]]]]}},{"type":"Feature","properties":{"nationalCode":"34090808126","name":"Montgat"},"geometry":{"type":"Polygon","coordinates":[[[2.261375,41.470677],[2.263867,41.471214],[2.263868,41.471232],[2.263872,41.471243],[2.263875,41.471253],[2.263877,41.471264],[2.263881,41.471274],[2.263887,41.47129],[2.26389,41.471298],[2.263894,41.471307],[2.263904,41.471326],[2.263912,41.471338],[2.263918,41.471346],[2.263924,41.471354],[2.263933,41.471362],[2.263937,41.471366],[2.263942,41.471371],[2.263947,41.471375],[2.263957,41.471384],[2.263969,41.471394],[2.263966,41.471396],[2.263969,41.4714],[2.263975,41.471396],[2.26398,41.471401],[2.263987,41.471406],[2.263998,41.471414],[2.264006,41.47142],[2.264014,41.471425],[2.264023,41.471431],[2.264026,41.471433],[2.264039,41.471439],[2.264049,41.471443],[2.264058,41.471447],[2.264063,41.471448],[2.264069,41.47145],[2.264079,41.471454],[2.26409,41.471456],[2.264103,41.471457],[2.26411,41.471457],[2.264124,41.471457],[2.26413,41.471456],[2.264148,41.471453],[2.264179,41.471472],[2.264345,41.471318],[2.264617,41.471382],[2.264665,41.471394],[2.264775,41.471417],[2.26495,41.471455],[2.265072,41.471481],[2.265139,41.471496],[2.265156,41.471499],[2.265204,41.471509],[2.265279,41.471527],[2.265569,41.471607],[2.265613,41.471618],[2.265847,41.471679],[2.265916,41.471689],[2.266015,41.471707],[2.2662,41.471737],[2.266265,41.471746],[2.266327,41.471755],[2.2664,41.471723],[2.266445,41.471722],[2.266482,41.47172],[2.266506,41.471718],[2.266532,41.471714],[2.266544,41.471713],[2.26656,41.471709],[2.266572,41.471705],[2.26659,41.471697],[2.266605,41.471689],[2.266618,41.471683],[2.266654,41.471659],[2.266696,41.471634],[2.266733,41.471608],[2.266761,41.471584],[2.266803,41.471549],[2.266839,41.471516],[2.266863,41.471496],[2.266903,41.471463],[2.266945,41.471426],[2.266981,41.471396],[2.267008,41.471373],[2.267013,41.471368],[2.267016,41.471364],[2.267019,41.471361],[2.26702,41.471357],[2.267022,41.471353],[2.267024,41.471348],[2.267025,41.471344],[2.267029,41.471335],[2.267035,41.471315],[2.26706,41.471248],[2.267083,41.471185],[2.267102,41.471123],[2.267118,41.47108],[2.267203,41.471098],[2.267297,41.471116],[2.267361,41.471128],[2.267432,41.47114],[2.267492,41.471149],[2.267525,41.471156],[2.267614,41.471168],[2.267688,41.47118],[2.267757,41.471188],[2.267819,41.471195],[2.267914,41.471202],[2.267965,41.471206],[2.267982,41.471208],[2.267989,41.471208],[2.268029,41.471212],[2.268077,41.47122],[2.268154,41.471232],[2.268227,41.471244],[2.268285,41.471256],[2.268349,41.471273],[2.268406,41.471289],[2.268414,41.47129],[2.268495,41.471316],[2.268552,41.471336],[2.268656,41.471377],[2.268738,41.471409],[2.268802,41.471432],[2.268844,41.471448],[2.268879,41.47146],[2.268885,41.471463],[2.268918,41.471477],[2.268947,41.47149],[2.268969,41.4715],[2.268994,41.471511],[2.268994,41.471511],[2.269036,41.471531],[2.26908,41.471552],[2.269142,41.471582],[2.269154,41.47159],[2.269176,41.471603],[2.269192,41.471612],[2.269206,41.471624],[2.269224,41.471642],[2.269236,41.471658],[2.269243,41.47167],[2.269246,41.471679],[2.26925,41.471688],[2.269254,41.471707],[2.269255,41.471717],[2.269257,41.471725],[2.269255,41.471739],[2.269254,41.471744],[2.269249,41.471759],[2.269245,41.471767],[2.26924,41.471775],[2.269234,41.471782],[2.269227,41.471791],[2.269245,41.471814],[2.26931,41.47184],[2.26937,41.471874],[2.269441,41.4719],[2.269472,41.471912],[2.269546,41.471937],[2.269622,41.471959],[2.2697,41.471991],[2.269804,41.47202],[2.26984,41.472016],[2.270087,41.471931],[2.270119,41.47192],[2.270212,41.471889],[2.270345,41.471848],[2.270516,41.471794],[2.270553,41.471782],[2.270597,41.471768],[2.270659,41.47175],[2.270709,41.471735],[2.27081,41.471702],[2.270934,41.471664],[2.271049,41.471631],[2.271252,41.471575],[2.271353,41.471549],[2.271408,41.471534],[2.271472,41.471518],[2.271514,41.471507],[2.271578,41.471492],[2.271649,41.471474],[2.271706,41.47146],[2.271782,41.471442],[2.271873,41.47142],[2.271981,41.471394],[2.272167,41.47135],[2.272729,41.471233],[2.272862,41.471204],[2.273043,41.471325],[2.273055,41.471332],[2.273076,41.471347],[2.273169,41.47141],[2.273239,41.471455],[2.273299,41.471495],[2.273322,41.471511],[2.273414,41.471571],[2.27344,41.471588],[2.273478,41.471613],[2.273596,41.471688],[2.273624,41.471707],[2.273645,41.47172],[2.273661,41.471732],[2.273767,41.4718],[2.273805,41.471824],[2.273828,41.471838],[2.273882,41.471872],[2.273935,41.471906],[2.273942,41.471912],[2.27406,41.471989],[2.274127,41.472033],[2.27414,41.472042],[2.274159,41.472056],[2.274177,41.47207],[2.274191,41.472083],[2.274199,41.472089],[2.274202,41.472094],[2.274223,41.472115],[2.274235,41.472129],[2.274244,41.472136],[2.274251,41.472142],[2.274203,41.472204],[2.274173,41.472245],[2.274133,41.472303],[2.274068,41.472397],[2.274015,41.472475],[2.273985,41.472518],[2.274046,41.472542],[2.274034,41.472557],[2.274175,41.47261],[2.274328,41.472665],[2.274345,41.472673],[2.274366,41.472679],[2.274658,41.472745],[2.274899,41.47275],[2.275415,41.473088],[2.275419,41.473086],[2.275448,41.473069],[2.275453,41.473078],[2.275471,41.473085],[2.275523,41.473141],[2.275566,41.473173],[2.27562,41.473212],[2.275648,41.473231],[2.275836,41.473364],[2.275894,41.473399],[2.275914,41.473417],[2.275925,41.47342],[2.276324,41.473742],[2.276193,41.475056],[2.276191,41.47507],[2.276303,41.475096],[2.27637,41.47511],[2.276477,41.475134],[2.276599,41.475157],[2.27671,41.475178],[2.276857,41.475205],[2.276946,41.475225],[2.277007,41.475247],[2.277072,41.475278],[2.277105,41.475299],[2.277129,41.475319],[2.277169,41.475369],[2.277223,41.475466],[2.277271,41.475562],[2.277351,41.475707],[2.277385,41.475755],[2.277435,41.475812],[2.2775,41.475867],[2.277548,41.475901],[2.277603,41.47594],[2.277644,41.475961],[2.277682,41.475972],[2.277721,41.475982],[2.277817,41.476],[2.277856,41.476004],[2.277897,41.476003],[2.277919,41.475997],[2.277937,41.475986],[2.277944,41.47597],[2.277938,41.475953],[2.277915,41.475924],[2.277868,41.475884],[2.277844,41.475856],[2.277826,41.475813],[2.277813,41.475764],[2.277815,41.475721],[2.27782,41.475677],[2.277847,41.475641],[2.277887,41.475586],[2.27794,41.475508],[2.27803,41.475413],[2.278147,41.475318],[2.278244,41.475233],[2.278286,41.475185],[2.27833,41.475127],[2.278359,41.475082],[2.278382,41.475036],[2.27839,41.47502],[2.278407,41.474975],[2.278427,41.474922],[2.278442,41.474877],[2.278463,41.474834],[2.278504,41.474775],[2.278541,41.474731],[2.278578,41.47469],[2.278624,41.474653],[2.278669,41.474626],[2.278719,41.474599],[2.278764,41.474582],[2.278807,41.474569],[2.278868,41.474559],[2.278932,41.474558],[2.27905,41.474546],[2.279128,41.474542],[2.279207,41.474534],[2.279269,41.474523],[2.279325,41.474509],[2.279375,41.474526],[2.27946,41.474585],[2.279487,41.474617],[2.279645,41.474791],[2.279724,41.474904],[2.279859,41.475044],[2.279923,41.475123],[2.279961,41.475161],[2.280013,41.475269],[2.280066,41.475343],[2.280088,41.475375],[2.280109,41.475406],[2.280152,41.47548],[2.280176,41.475523],[2.280223,41.475611],[2.280313,41.475761],[2.280357,41.475837],[2.280405,41.475918],[2.28046,41.476007],[2.280494,41.476062],[2.28051,41.476087],[2.280533,41.476119],[2.280548,41.476138],[2.280553,41.476144],[2.280557,41.476149],[2.280562,41.476155],[2.280575,41.476167],[2.280599,41.476189],[2.280613,41.476202],[2.280647,41.476229],[2.280668,41.476244],[2.280689,41.47626],[2.280731,41.476289],[2.280748,41.476301],[2.280778,41.476319],[2.280794,41.476328],[2.280804,41.476333],[2.280813,41.476337],[2.280829,41.476344],[2.280839,41.476347],[2.280856,41.476353],[2.28088,41.47636],[2.280894,41.476364],[2.280945,41.476377],[2.280984,41.476385],[2.281007,41.476389],[2.281053,41.476395],[2.281074,41.476398],[2.281122,41.476402],[2.281146,41.476403],[2.281192,41.476405],[2.281216,41.476406],[2.281225,41.476407],[2.281244,41.476408],[2.281265,41.47641],[2.281315,41.476417],[2.281368,41.476424],[2.281411,41.476432],[2.281437,41.476437],[2.28145,41.476441],[2.281467,41.476446],[2.281494,41.476453],[2.281519,41.476461],[2.281584,41.476485],[2.281654,41.476514],[2.281691,41.476529],[2.281731,41.476547],[2.281823,41.476588],[2.281895,41.476619],[2.281923,41.476633],[2.281997,41.476664],[2.282068,41.476695],[2.282141,41.476727],[2.282205,41.476755],[2.282273,41.476784],[2.282348,41.476817],[2.282416,41.476847],[2.282473,41.476872],[2.282528,41.476896],[2.282544,41.476903],[2.282575,41.476916],[2.282604,41.476927],[2.282634,41.476937],[2.282651,41.476945],[2.282668,41.476951],[2.282686,41.47696],[2.282711,41.47697],[2.282743,41.476985],[2.282764,41.476995],[2.282786,41.477006],[2.282827,41.477023],[2.282912,41.477061],[2.282979,41.47709],[2.283047,41.47712],[2.283121,41.477151],[2.283143,41.477161],[2.283179,41.477178],[2.28322,41.477199],[2.283243,41.47721],[2.283254,41.477216],[2.283296,41.477251],[2.283356,41.477301],[2.283401,41.47734],[2.283407,41.477343],[2.283432,41.477326],[2.283887,41.477025],[2.283905,41.477027],[2.283916,41.47702],[2.284094,41.477179],[2.284301,41.477344],[2.284414,41.477432],[2.284484,41.477485],[2.284486,41.4775],[2.28454,41.477492],[2.284628,41.477488],[2.28471,41.477496],[2.284767,41.477507],[2.284871,41.477532],[2.284995,41.477559],[2.285049,41.477571],[2.28513,41.477593],[2.285229,41.477613],[2.285301,41.47763],[2.285376,41.477665],[2.285483,41.477721],[2.285575,41.477769],[2.285656,41.477819],[2.285801,41.477895],[2.285893,41.477943],[2.285988,41.478001],[2.28606,41.478042],[2.286145,41.478084],[2.286272,41.478157],[2.286363,41.478206],[2.286478,41.478271],[2.286537,41.478301],[2.286694,41.478388],[2.286881,41.478494],[2.286989,41.478559],[2.287086,41.478615],[2.28727,41.478722],[2.287445,41.478818],[2.287514,41.478857],[2.287539,41.478876],[2.287577,41.478914],[2.28766,41.47898],[2.287737,41.479036],[2.287771,41.479061],[2.287849,41.479121],[2.287907,41.479164],[2.287963,41.479207],[2.28808,41.479289],[2.288154,41.479337],[2.288181,41.479357],[2.288212,41.479376],[2.288254,41.479404],[2.288275,41.479415],[2.288295,41.479422],[2.288337,41.47944],[2.28837,41.479454],[2.288401,41.479465],[2.288428,41.479475],[2.288457,41.479491],[2.288486,41.479513],[2.28853,41.479544],[2.288601,41.47959],[2.288672,41.479639],[2.288754,41.479693],[2.288824,41.479735],[2.288897,41.479778],[2.288982,41.479826],[2.28906,41.479872],[2.289163,41.479929],[2.289253,41.479979],[2.289374,41.480051],[2.289464,41.480104],[2.28955,41.480158],[2.289621,41.480208],[2.289705,41.480265],[2.289782,41.480321],[2.289884,41.480397],[2.289961,41.480468],[2.290017,41.480511],[2.29013,41.480604],[2.290222,41.480695],[2.290287,41.480755],[2.290354,41.480829],[2.290374,41.480852],[2.290384,41.480864],[2.290393,41.480873],[2.290397,41.480881],[2.290401,41.480888],[2.290403,41.480897],[2.290407,41.480908],[2.29041,41.480919],[2.290415,41.480935],[2.290434,41.481008],[2.290452,41.481137],[2.290455,41.481211],[2.290455,41.48131],[2.290455,41.481322],[2.290454,41.481336],[2.290452,41.48135],[2.290448,41.481366],[2.290446,41.481385],[2.290432,41.481482],[2.290428,41.481503],[2.29042,41.481545],[2.290416,41.481567],[2.290415,41.481579],[2.290415,41.481587],[2.290416,41.481604],[2.290418,41.481621],[2.290419,41.481637],[2.290423,41.481651],[2.290426,41.481661],[2.290431,41.481675],[2.290435,41.481685],[2.29044,41.481692],[2.290447,41.481702],[2.290455,41.481711],[2.290463,41.481719],[2.290474,41.481727],[2.290485,41.481734],[2.290502,41.481744],[2.29051,41.481747],[2.290519,41.48175],[2.29053,41.481755],[2.290552,41.481762],[2.290569,41.481768],[2.290584,41.481772],[2.290606,41.481777],[2.290624,41.481781],[2.290643,41.481784],[2.290653,41.481785],[2.290665,41.481785],[2.290675,41.481783],[2.290685,41.481781],[2.290698,41.481778],[2.290717,41.481771],[2.290733,41.481765],[2.290751,41.481758],[2.290778,41.481747],[2.290864,41.481717],[2.290882,41.48171],[2.290894,41.481708],[2.290903,41.481706],[2.290917,41.481705],[2.290927,41.481706],[2.290933,41.481707],[2.290947,41.481711],[2.290966,41.481716],[2.290981,41.481721],[2.290991,41.481724],[2.291001,41.481727],[2.29101,41.481731],[2.291023,41.481736],[2.291036,41.481742],[2.291043,41.481746],[2.291049,41.48175],[2.291056,41.481756],[2.29107,41.481768],[2.291086,41.481784],[2.291121,41.481817],[2.291203,41.481884],[2.291282,41.481949],[2.29138,41.482016],[2.291446,41.482071],[2.291541,41.482143],[2.291578,41.482174],[2.291604,41.4822],[2.291637,41.482228],[2.291677,41.482274],[2.29174,41.482342],[2.291793,41.482408],[2.29184,41.482466],[2.291872,41.482506],[2.291979,41.482352],[2.293871,41.479254],[2.293915,41.479172],[2.293933,41.479153],[2.293941,41.479131],[2.293946,41.479112],[2.293949,41.479095],[2.293951,41.47908],[2.293947,41.479057],[2.29393,41.47903],[2.293907,41.479009],[2.293895,41.478992],[2.293881,41.47897],[2.293873,41.478948],[2.293869,41.478912],[2.293867,41.478889],[2.293866,41.47887],[2.293864,41.478845],[2.293866,41.478807],[2.293864,41.478783],[2.29387,41.47875],[2.293877,41.478722],[2.293884,41.478701],[2.293891,41.478679],[2.293905,41.478648],[2.293922,41.478624],[2.293939,41.478594],[2.293956,41.478572],[2.293973,41.478554],[2.294,41.478531],[2.294051,41.478482],[2.294095,41.478441],[2.294129,41.478406],[2.294152,41.478386],[2.29418,41.478363],[2.294218,41.478334],[2.294252,41.478311],[2.294272,41.478293],[2.294292,41.478274],[2.294308,41.478255],[2.294325,41.478234],[2.294341,41.478215],[2.294348,41.478191],[2.294354,41.478164],[2.294359,41.478128],[2.294372,41.478079],[2.294379,41.478049],[2.294385,41.47802],[2.294394,41.477984],[2.294419,41.47796],[2.294447,41.477933],[2.294481,41.477911],[2.294549,41.477863],[2.294595,41.477835],[2.294649,41.477804],[2.294699,41.477772],[2.294747,41.477742],[2.294797,41.477708],[2.29484,41.477679],[2.294888,41.477645],[2.294938,41.477605],[2.294989,41.477561],[2.295033,41.477526],[2.295074,41.477488],[2.295121,41.477442],[2.295152,41.477411],[2.295179,41.477375],[2.295191,41.477351],[2.295203,41.477322],[2.295212,41.477286],[2.29522,41.477236],[2.295233,41.477167],[2.295253,41.47709],[2.295276,41.476967],[2.295292,41.476887],[2.295304,41.476843],[2.295311,41.476786],[2.295322,41.476756],[2.295336,41.476727],[2.29535,41.476695],[2.295361,41.476655],[2.295364,41.47661],[2.295362,41.476559],[2.295353,41.476525],[2.29534,41.47649],[2.295311,41.476437],[2.295286,41.476386],[2.295271,41.476357],[2.295264,41.476328],[2.29527,41.476289],[2.295276,41.476253],[2.295279,41.476229],[2.295282,41.4762],[2.295285,41.476168],[2.295288,41.476141],[2.295291,41.476107],[2.295287,41.476068],[2.295292,41.476023],[2.295288,41.475949],[2.295292,41.475879],[2.295298,41.475755],[2.295285,41.475753],[2.295402,41.475442],[2.295407,41.475428],[2.295448,41.475271],[2.295451,41.475262],[2.295483,41.47515],[2.295507,41.475056],[2.29552,41.475002],[2.295534,41.474936],[2.29556,41.474839],[2.295562,41.474827],[2.29559,41.474722],[2.295618,41.47461],[2.295635,41.474547],[2.295664,41.474409],[2.295679,41.474334],[2.295687,41.474273],[2.295694,41.47413],[2.295693,41.474104],[2.295685,41.47404],[2.295675,41.473976],[2.295647,41.473833],[2.295645,41.473818],[2.295644,41.473797],[2.295647,41.473772],[2.295654,41.473743],[2.295666,41.473721],[2.295698,41.473686],[2.295746,41.473649],[2.295805,41.473615],[2.295867,41.473574],[2.295882,41.47356],[2.295898,41.47353],[2.295913,41.473472],[2.295927,41.473398],[2.295943,41.47329],[2.295973,41.47314],[2.296011,41.472988],[2.296021,41.472912],[2.296029,41.472876],[2.296038,41.47285],[2.296056,41.472689],[2.29616,41.472438],[2.296192,41.4724],[2.296219,41.47236],[2.296329,41.472197],[2.296332,41.472192],[2.29631,41.472185],[2.296271,41.472173],[2.296256,41.472168],[2.296167,41.472141],[2.296039,41.472102],[2.296003,41.472091],[2.2959,41.472059],[2.29587,41.472048],[2.295848,41.47204],[2.295747,41.471996],[2.29571,41.471981],[2.295689,41.471973],[2.295467,41.471895],[2.295255,41.471822],[2.295076,41.471766],[2.294985,41.471736],[2.294953,41.471725],[2.29494,41.47172],[2.294926,41.471713],[2.294912,41.471705],[2.294856,41.471674],[2.294833,41.471662],[2.29482,41.471656],[2.294806,41.47165],[2.29479,41.471644],[2.294731,41.471626],[2.294689,41.471611],[2.294684,41.47161],[2.294681,41.471609],[2.294675,41.471607],[2.294607,41.471583],[2.294463,41.471535],[2.294391,41.471512],[2.29437,41.471504],[2.294256,41.471456],[2.294211,41.471437],[2.294107,41.471394],[2.294093,41.471388],[2.293977,41.471349],[2.293897,41.471319],[2.293866,41.471306],[2.293853,41.471301],[2.293841,41.471294],[2.293828,41.471286],[2.293796,41.471264],[2.293791,41.471261],[2.293728,41.471225],[2.293709,41.471214],[2.293649,41.471184],[2.293621,41.471171],[2.293463,41.471102],[2.293453,41.471099],[2.293448,41.471098],[2.293445,41.471097],[2.293429,41.471092],[2.293414,41.471088],[2.293388,41.47108],[2.293365,41.471073],[2.293351,41.471069],[2.293326,41.471062],[2.293247,41.471049],[2.293157,41.471035],[2.293131,41.47103],[2.293116,41.471027],[2.293101,41.471023],[2.293067,41.471013],[2.292992,41.470988],[2.292854,41.47094],[2.29278,41.470913],[2.292771,41.470909],[2.292758,41.470904],[2.292586,41.470829],[2.292457,41.47077],[2.292207,41.470648],[2.29207,41.470598],[2.291935,41.470545],[2.29179,41.470484],[2.291787,41.470483],[2.291779,41.470479],[2.291777,41.470478],[2.291775,41.470477],[2.291752,41.470467],[2.291751,41.470467],[2.291295,41.470282],[2.291125,41.470216],[2.291079,41.470199],[2.291064,41.470194],[2.291029,41.470184],[2.290958,41.470165],[2.290882,41.470146],[2.290857,41.470139],[2.290843,41.470134],[2.290765,41.470104],[2.290573,41.470024],[2.290179,41.469862],[2.289943,41.469756],[2.289886,41.469728],[2.289761,41.469665],[2.289573,41.469569],[2.289546,41.469556],[2.28922,41.469411],[2.289177,41.469393],[2.288775,41.469231],[2.288296,41.469044],[2.288006,41.468924],[2.287746,41.468807],[2.287705,41.468787],[2.28734,41.468602],[2.28702,41.468427],[2.286965,41.468399],[2.286867,41.468353],[2.286599,41.468236],[2.286292,41.468105],[2.285863,41.46792],[2.285753,41.467872],[2.285149,41.467596],[2.284749,41.467417],[2.284655,41.467372],[2.284622,41.467354],[2.284547,41.467311],[2.284414,41.46723],[2.284371,41.467206],[2.284352,41.467196],[2.28431,41.467176],[2.284054,41.467064],[2.283653,41.466887],[2.283627,41.466875],[2.283402,41.466766],[2.283289,41.466709],[2.283242,41.466683],[2.282566,41.466277],[2.28253,41.466255],[2.282078,41.466022],[2.281827,41.46589],[2.281793,41.465873],[2.281386,41.465689],[2.280981,41.465515],[2.280699,41.465406],[2.280645,41.465383],[2.280624,41.465374],[2.280583,41.465354],[2.280487,41.465304],[2.280336,41.46522],[2.280233,41.465161],[2.280179,41.465129],[2.280147,41.465108],[2.280141,41.465104],[2.280023,41.465017],[2.279937,41.464951],[2.279886,41.464909],[2.279854,41.464882],[2.279845,41.464872],[2.279835,41.464861],[2.279826,41.464849],[2.279812,41.46483],[2.279799,41.46481],[2.279787,41.46479],[2.279775,41.464768],[2.279772,41.464757],[2.279771,41.464751],[2.27977,41.464737],[2.279764,41.464688],[2.279764,41.464688],[2.279763,41.464685],[2.279766,41.464676],[2.279767,41.464673],[2.279773,41.464667],[2.2798,41.464649],[2.279828,41.464631],[2.279859,41.464613],[2.279891,41.464595],[2.279912,41.464579],[2.279928,41.46456],[2.279933,41.464546],[2.279934,41.464531],[2.279933,41.464518],[2.279927,41.464506],[2.27991,41.464489],[2.279887,41.464475],[2.279858,41.464462],[2.279827,41.464451],[2.279795,41.464445],[2.279763,41.464448],[2.279734,41.464458],[2.279709,41.464472],[2.27968,41.464492],[2.279652,41.464511],[2.279602,41.464543],[2.279552,41.464575],[2.279498,41.464608],[2.279442,41.464639],[2.279393,41.464664],[2.279343,41.464688],[2.279298,41.464714],[2.279252,41.46474],[2.279238,41.464747],[2.278997,41.464683],[2.27872,41.464588],[2.278451,41.4645],[2.27841,41.464508],[2.278326,41.464498],[2.278219,41.464511],[2.278167,41.464555],[2.278132,41.464569],[2.278118,41.464578],[2.278107,41.46459],[2.278104,41.464601],[2.278083,41.464651],[2.27805,41.464672],[2.277868,41.464637],[2.277669,41.464572],[2.277521,41.464516],[2.2773,41.464409],[2.276945,41.464217],[2.276621,41.464047],[2.276482,41.46393],[2.276204,41.463732],[2.275967,41.463621],[2.275755,41.463533],[2.275548,41.463439],[2.275437,41.463384],[2.275128,41.463249],[2.275102,41.463238],[2.274988,41.463165],[2.274896,41.463107],[2.27466,41.462976],[2.274454,41.462867],[2.274107,41.462693],[2.274067,41.462672],[2.274034,41.462655],[2.274001,41.462638],[2.27397,41.462621],[2.273939,41.462604],[2.273924,41.462596],[2.273889,41.462577],[2.273855,41.462558],[2.273823,41.46254],[2.27379,41.462522],[2.273753,41.462503],[2.273716,41.462484],[2.273689,41.462469],[2.273663,41.462454],[2.273649,41.462445],[2.273623,41.462427],[2.273597,41.462409],[2.273574,41.46239],[2.27355,41.462371],[2.273533,41.462358],[2.273515,41.462347],[2.273491,41.462333],[2.273465,41.46232],[2.273436,41.462309],[2.273408,41.462298],[2.273382,41.462287],[2.273358,41.462275],[2.273331,41.462261],[2.273305,41.462247],[2.273276,41.462231],[2.273246,41.462214],[2.273213,41.462196],[2.273179,41.462178],[2.27315,41.46216],[2.273121,41.462142],[2.273086,41.462123],[2.273051,41.462105],[2.273023,41.46209],[2.272994,41.462076],[2.272963,41.462059],[2.272934,41.46204],[2.272913,41.462025],[2.272898,41.462015],[2.272662,41.46191],[2.272441,41.461832],[2.27221,41.46174],[2.271994,41.461648],[2.271763,41.461535],[2.271526,41.461423],[2.271309,41.46132],[2.271071,41.461197],[2.270621,41.460954],[2.270315,41.460799],[2.268725,41.46245],[2.268655,41.46252],[2.267978,41.46392],[2.266197,41.464533],[2.26587,41.464926],[2.265656,41.465057],[2.265516,41.46514],[2.264905,41.465276],[2.264677,41.465566],[2.264276,41.465782],[2.263938,41.466491],[2.264003,41.467145],[2.261317,41.470041],[2.261375,41.470677]]]}},{"type":"Feature","properties":{"nationalCode":"34090808123","name":"Molins de Rei"},"geometry":{"type":"Polygon","coordinates":[[[2.005604,41.421441],[2.006416,41.421769],[2.006672,41.421901],[2.006995,41.422037],[2.007368,41.421998],[2.00831,41.421686],[2.008546,41.421622],[2.008863,41.421606],[2.009106,41.42171],[2.008184,41.424491],[2.010728,41.425835],[2.017101,41.427876],[2.017101,41.427862],[2.017105,41.427848],[2.017125,41.427817],[2.017162,41.427774],[2.017253,41.427701],[2.017357,41.427635],[2.01747,41.42757],[2.017609,41.427477],[2.017749,41.427383],[2.01791,41.427261],[2.017975,41.427253],[2.018025,41.427283],[2.01846,41.4276],[2.018619,41.428658],[2.018959,41.428887],[2.019105,41.428975],[2.019291,41.429088],[2.019738,41.429287],[2.019512,41.429487],[2.019259,41.429744],[2.019437,41.430043],[2.019721,41.430057],[2.020409,41.430265],[2.020767,41.430418],[2.020997,41.430425],[2.021296,41.430362],[2.022175,41.430301],[2.022224,41.430416],[2.022291,41.430501],[2.022425,41.430611],[2.022533,41.430698],[2.0226,41.430776],[2.022576,41.430836],[2.023381,41.431114],[2.024184,41.431449],[2.024453,41.431371],[2.025247,41.431458],[2.025809,41.432169],[2.0264,41.432577],[2.026996,41.432619],[2.02745,41.432902],[2.027894,41.433322],[2.028262,41.433629],[2.028216,41.434032],[2.028314,41.434267],[2.028604,41.434679],[2.028952,41.435005],[2.029006,41.435084],[2.029013,41.435199],[2.029016,41.435291],[2.029027,41.435425],[2.029058,41.435651],[2.029117,41.435793],[2.029228,41.435951],[2.029418,41.436047],[2.029551,41.436153],[2.029701,41.436338],[2.029842,41.436516],[2.029922,41.436703],[2.029908,41.436955],[2.029903,41.437096],[2.029915,41.437342],[2.029985,41.43747],[2.03007,41.437565],[2.030556,41.437946],[2.030893,41.438126],[2.031344,41.438341],[2.031475,41.438455],[2.031638,41.4386],[2.031884,41.438736],[2.032576,41.43904],[2.032747,41.439115],[2.032802,41.439155],[2.032805,41.43925],[2.03279,41.43943],[2.032736,41.439693],[2.032638,41.43989],[2.03261,41.440083],[2.03264,41.440268],[2.032698,41.440449],[2.03273,41.440831],[2.032784,41.44102],[2.03284,41.441157],[2.032891,41.441308],[2.032931,41.441502],[2.032947,41.441689],[2.034598,41.441648],[2.03463,41.441651],[2.034698,41.441658],[2.034907,41.441717],[2.035137,41.44181],[2.035376,41.44194],[2.035456,41.441974],[2.035633,41.442016],[2.035871,41.442039],[2.036088,41.442059],[2.036225,41.442064],[2.036251,41.442061],[2.036391,41.442051],[2.036506,41.442066],[2.036648,41.442103],[2.036794,41.442159],[2.036871,41.442199],[2.03695,41.442234],[2.037283,41.442291],[2.037346,41.442268],[2.037556,41.442192],[2.037679,41.442139],[2.037868,41.442206],[2.037934,41.44224],[2.037945,41.442257],[2.038032,41.44238],[2.038066,41.442428],[2.038123,41.442477],[2.03817,41.442505],[2.038392,41.442577],[2.038535,41.442621],[2.038587,41.442639],[2.038665,41.442674],[2.038797,41.442735],[2.038889,41.442781],[2.039022,41.442872],[2.039138,41.442958],[2.039345,41.443145],[2.039955,41.443497],[2.040099,41.443607],[2.040156,41.443662],[2.040244,41.443754],[2.040295,41.443798],[2.040424,41.443894],[2.040447,41.443922],[2.040533,41.444082],[2.040605,41.444164],[2.040732,41.444215],[2.040811,41.444211],[2.040954,41.444203],[2.041048,41.444203],[2.041133,41.444209],[2.041305,41.444218],[2.041476,41.444228],[2.041533,41.444233],[2.041596,41.444241],[2.041939,41.444296],[2.042194,41.444343],[2.042329,41.444371],[2.042353,41.444378],[2.042422,41.444404],[2.042544,41.444473],[2.04257,41.444485],[2.042597,41.444491],[2.042955,41.444552],[2.043089,41.444573],[2.043223,41.444586],[2.043321,41.444585],[2.043448,41.44456],[2.04358,41.444525],[2.043815,41.444445],[2.044064,41.444367],[2.0442,41.444347],[2.04435,41.444347],[2.044513,41.444363],[2.044886,41.444462],[2.045214,41.444523],[2.0455,41.444643],[2.04563,41.444692],[2.045717,41.444719],[2.04638,41.444859],[2.046571,41.444878],[2.046663,41.444881],[2.046754,41.444884],[2.046985,41.444886],[2.047194,41.444862],[2.047269,41.444842],[2.047603,41.444725],[2.047835,41.444717],[2.048001,41.444708],[2.048404,41.444622],[2.04894,41.444495],[2.049051,41.444487],[2.049151,41.44449],[2.049219,41.444497],[2.049307,41.444512],[2.049571,41.44458],[2.049825,41.444655],[2.050081,41.444734],[2.050485,41.444846],[2.050597,41.444859],[2.050709,41.444853],[2.051227,41.444792],[2.051275,41.444793],[2.05155,41.444906],[2.051779,41.445002],[2.051845,41.445023],[2.051906,41.445028],[2.052595,41.444988],[2.053166,41.444979],[2.053266,41.44498],[2.053354,41.445],[2.053416,41.44502],[2.053481,41.445055],[2.053751,41.445234],[2.054022,41.445413],[2.054088,41.445449],[2.054151,41.445477],[2.054224,41.445501],[2.054298,41.445517],[2.054356,41.445526],[2.054471,41.445539],[2.05466,41.445555],[2.054705,41.445558],[2.054751,41.445562],[2.054811,41.445559],[2.05489,41.445541],[2.055097,41.445466],[2.055179,41.445437],[2.055257,41.445413],[2.055367,41.445381],[2.055435,41.445365],[2.055502,41.445347],[2.055571,41.445329],[2.055956,41.445219],[2.05617,41.445157],[2.056251,41.445064],[2.056377,41.44503],[2.056575,41.444997],[2.056666,41.444993],[2.056776,41.444987],[2.057001,41.444949],[2.057625,41.444938],[2.058035,41.44496],[2.058204,41.44496],[2.05822,41.444992],[2.058381,41.444952],[2.058435,41.44508],[2.059019,41.445028],[2.059099,41.445016],[2.059553,41.444913],[2.059671,41.444886],[2.059891,41.444838],[2.060013,41.444811],[2.060338,41.444868],[2.060505,41.444905],[2.060769,41.444987],[2.0609,41.445016],[2.060999,41.445029],[2.061089,41.445034],[2.0612,41.445028],[2.061289,41.44502],[2.061403,41.445005],[2.061571,41.444979],[2.061918,41.444646],[2.061981,41.444599],[2.062053,41.444551],[2.062181,41.444483],[2.062277,41.444437],[2.062423,41.444378],[2.062632,41.44429],[2.062772,41.444223],[2.062967,41.444088],[2.063006,41.444062],[2.063046,41.444035],[2.063199,41.443967],[2.063347,41.443903],[2.063495,41.443838],[2.063639,41.443773],[2.063757,41.443615],[2.063836,41.443509],[2.063876,41.443453],[2.063922,41.44334],[2.063963,41.443214],[2.063998,41.442945],[2.063986,41.442832],[2.06405,41.44255],[2.064185,41.442136],[2.064185,41.442132],[2.06405,41.44199],[2.063971,41.441913],[2.063818,41.441783],[2.063602,41.441596],[2.063501,41.441479],[2.063455,41.441408],[2.063446,41.44121],[2.063443,41.440999],[2.063383,41.440803],[2.063307,41.440617],[2.063157,41.440253],[2.063048,41.440015],[2.062889,41.439774],[2.062737,41.439611],[2.062592,41.43946],[2.062501,41.43928],[2.062356,41.438975],[2.062257,41.438678],[2.062207,41.438458],[2.062098,41.438221],[2.062017,41.438109],[2.061911,41.438039],[2.061773,41.437947],[2.061713,41.437854],[2.061648,41.437614],[2.061591,41.437517],[2.061528,41.437479],[2.061316,41.437503],[2.060998,41.437535],[2.060586,41.437531],[2.060209,41.43753],[2.060107,41.437527],[2.060026,41.437531],[2.059846,41.437653],[2.05968,41.437397],[2.059427,41.436695],[2.059533,41.43635],[2.059545,41.436143],[2.059545,41.436139],[2.059485,41.435826],[2.059385,41.435529],[2.059358,41.435388],[2.059116,41.435381],[2.05897,41.43542],[2.058814,41.435557],[2.058318,41.435659],[2.058106,41.435739],[2.057669,41.435806],[2.057672,41.435749],[2.057727,41.435566],[2.057727,41.435504],[2.057667,41.435302],[2.057652,41.435128],[2.05749,41.434683],[2.057482,41.434608],[2.057508,41.434521],[2.057561,41.434406],[2.057885,41.433944],[2.057906,41.433887],[2.057905,41.433838],[2.057891,41.433809],[2.057783,41.433704],[2.057677,41.433624],[2.057639,41.433586],[2.057603,41.433523],[2.057597,41.433446],[2.057626,41.433401],[2.057671,41.433371],[2.05771,41.433334],[2.057737,41.433293],[2.057763,41.433201],[2.057789,41.432904],[2.057853,41.43265],[2.057854,41.432603],[2.058417,41.431295],[2.058402,41.43118],[2.058438,41.430898],[2.058442,41.43043],[2.058412,41.429941],[2.058393,41.429764],[2.058448,41.429595],[2.058447,41.429185],[2.05833,41.429],[2.058258,41.428775],[2.057992,41.428272],[2.05769,41.427899],[2.057582,41.427512],[2.057554,41.427126],[2.057679,41.426796],[2.057665,41.42642],[2.057473,41.426215],[2.056791,41.425814],[2.056428,41.425697],[2.055868,41.425484],[2.055299,41.425421],[2.054663,41.425276],[2.053257,41.425007],[2.052886,41.424822],[2.052429,41.424436],[2.052333,41.42423],[2.052407,41.424208],[2.052462,41.42418],[2.05248,41.424159],[2.05248,41.424062],[2.052433,41.423923],[2.052438,41.423893],[2.052474,41.423848],[2.052516,41.423817],[2.052592,41.423788],[2.053062,41.4237],[2.053161,41.423664],[2.053719,41.42314],[2.053759,41.423093],[2.053803,41.423008],[2.05392,41.422867],[2.054001,41.422846],[2.05416,41.422733],[2.054233,41.422718],[2.054442,41.422724],[2.054477,41.422702],[2.054554,41.422515],[2.054617,41.42243],[2.054644,41.422415],[2.054974,41.422368],[2.055145,41.422315],[2.055513,41.42229],[2.055545,41.422272],[2.055595,41.422207],[2.055717,41.422115],[2.055775,41.422032],[2.055941,41.421909],[2.056035,41.421877],[2.05608,41.421835],[2.056143,41.421749],[2.05619,41.421729],[2.056219,41.421703],[2.05638,41.421437],[2.056403,41.421411],[2.056444,41.421387],[2.056465,41.421358],[2.056485,41.421275],[2.056486,41.421203],[2.056441,41.421001],[2.05644,41.420957],[2.056378,41.420781],[2.056377,41.420478],[2.0564,41.420441],[2.056523,41.420319],[2.056571,41.420251],[2.056585,41.420198],[2.056571,41.420125],[2.056581,41.420055],[2.056618,41.419942],[2.056633,41.419749],[2.056681,41.419645],[2.056689,41.419537],[2.056841,41.419275],[2.056856,41.419199],[2.056854,41.419134],[2.056865,41.419096],[2.05694,41.41902],[2.057021,41.418967],[2.057082,41.418908],[2.057108,41.418865],[2.057045,41.418802],[2.057071,41.418743],[2.057121,41.418666],[2.05725,41.418525],[2.057301,41.418409],[2.057281,41.418294],[2.05726,41.418277],[2.057224,41.418197],[2.05723,41.418169],[2.057221,41.418134],[2.057175,41.41809],[2.057088,41.417832],[2.057068,41.417798],[2.057058,41.417662],[2.057033,41.417503],[2.056973,41.417263],[2.056978,41.417172],[2.056946,41.416943],[2.056897,41.416852],[2.056906,41.416763],[2.056894,41.416662],[2.056902,41.416633],[2.056945,41.416594],[2.056963,41.416555],[2.056947,41.416057],[2.056226,41.415635],[2.056086,41.415315],[2.055944,41.41516],[2.055717,41.415015],[2.055303,41.4145],[2.054817,41.414157],[2.054641,41.413949],[2.054563,41.414092],[2.054277,41.414199],[2.053939,41.414411],[2.053567,41.41458],[2.0532,41.414639],[2.052851,41.414685],[2.052633,41.414725],[2.052398,41.414746],[2.052267,41.414778],[2.051875,41.414804],[2.051769,41.414774],[2.05165,41.414758],[2.051583,41.414751],[2.051478,41.41471],[2.051328,41.414618],[2.050879,41.414366],[2.050444,41.414152],[2.050203,41.413999],[2.050085,41.413964],[2.049993,41.413961],[2.049908,41.413921],[2.049808,41.413846],[2.049711,41.413793],[2.049678,41.413766],[2.049598,41.413702],[2.049006,41.414033],[2.04895,41.414035],[2.048863,41.414],[2.048615,41.413884],[2.048561,41.413863],[2.048472,41.41375],[2.048381,41.413667],[2.0483,41.413624],[2.048208,41.413562],[2.04803,41.413274],[2.048015,41.41321],[2.047866,41.412898],[2.047798,41.412581],[2.047762,41.412411],[2.047726,41.4123],[2.047701,41.412247],[2.04767,41.412191],[2.047666,41.412149],[2.047645,41.412111],[2.04759,41.412062],[2.047507,41.411965],[2.04736,41.411822],[2.047388,41.411765],[2.04761,41.411579],[2.047683,41.41156],[2.047752,41.411554],[2.047831,41.411551],[2.048029,41.411535],[2.048263,41.411654],[2.048368,41.411724],[2.048459,41.411758],[2.048621,41.411804],[2.048657,41.411809],[2.048728,41.411798],[2.048813,41.411794],[2.048892,41.411766],[2.048932,41.411725],[2.048918,41.411288],[2.049137,41.410904],[2.049497,41.410674],[2.048823,41.410612],[2.048503,41.410551],[2.048293,41.410547],[2.048201,41.410548],[2.047988,41.410438],[2.04787,41.410409],[2.047747,41.410334],[2.04763,41.410219],[2.047589,41.41014],[2.047591,41.409984],[2.047539,41.409918],[2.047431,41.409854],[2.04722,41.409776],[2.047014,41.409738],[2.046829,41.409699],[2.046272,41.409632],[2.045617,41.409539],[2.045597,41.409488],[2.045588,41.409447],[2.045577,41.409402],[2.045529,41.409296],[2.045511,41.409252],[2.045477,41.409162],[2.045401,41.409036],[2.045339,41.408904],[2.045298,41.408835],[2.045278,41.408787],[2.045269,41.408744],[2.045277,41.408699],[2.045247,41.408701],[2.044838,41.408812],[2.044625,41.408875],[2.044349,41.40886],[2.044266,41.408868],[2.0441,41.408698],[2.044017,41.408636],[2.043882,41.408507],[2.043738,41.408439],[2.043631,41.408384],[2.043582,41.408345],[2.043176,41.408217],[2.042983,41.408224],[2.042766,41.408246],[2.042363,41.408329],[2.042186,41.408346],[2.041988,41.408337],[2.041614,41.408284],[2.041302,41.408221],[2.041145,41.408173],[2.040905,41.407042],[2.040509,41.406431],[2.040197,41.406052],[2.040023,41.405914],[2.039854,41.405659],[2.039732,41.405447],[2.039598,41.405091],[2.039567,41.404866],[2.039408,41.404527],[2.03925,41.404333],[2.039161,41.404253],[2.039106,41.404202],[2.03807,41.403841],[2.037779,41.403686],[2.037352,41.403311],[2.036751,41.402716],[2.036198,41.402285],[2.03567,41.401915],[2.035547,41.401815],[2.035433,41.401652],[2.035299,41.401591],[2.035128,41.401532],[2.035013,41.401412],[2.034911,41.401262],[2.034859,41.401094],[2.034762,41.401014],[2.034693,41.400957],[2.034578,41.400928],[2.034413,41.400917],[2.034341,41.400912],[2.034235,41.400874],[2.034152,41.400846],[2.034047,41.400758],[2.033932,41.400603],[2.033878,41.400501],[2.033825,41.400381],[2.032905,41.399966],[2.032636,41.399875],[2.034717,41.398193],[2.034825,41.398064],[2.034887,41.39797],[2.035059,41.397668],[2.03532,41.397207],[2.03525,41.397173],[2.035222,41.397143],[2.035193,41.397118],[2.035112,41.397061],[2.035057,41.397034],[2.034773,41.396869],[2.034779,41.396622],[2.034482,41.39644],[2.034239,41.39626],[2.033264,41.395769],[2.03239,41.395344],[2.028606,41.39332],[2.026979,41.392433],[2.026174,41.391953],[2.024642,41.391118],[2.022905,41.390145],[2.021821,41.389777],[2.021451,41.39132],[2.021245,41.392384],[2.021019,41.393018],[2.020101,41.394853],[2.019759,41.395551],[2.019253,41.396403],[2.018961,41.396916],[2.018628,41.397478],[2.018231,41.398074],[2.017278,41.399511],[2.016344,41.401016],[2.015535,41.402498],[2.015318,41.402902],[2.014831,41.403874],[2.014441,41.404556],[2.01379,41.405494],[2.013363,41.406149],[2.013003,41.406643],[2.012819,41.406886],[2.01263,41.407137],[2.012527,41.40725],[2.012098,41.407735],[2.012031,41.40781],[2.011974,41.407886],[2.011645,41.408333],[2.011332,41.408956],[2.011245,41.409126],[2.011237,41.409144],[2.011152,41.409288],[2.010933,41.409663],[2.010485,41.410201],[2.009711,41.410976],[2.009009,41.411994],[2.008514,41.412954],[2.00812,41.414076],[2.007737,41.415425],[2.007258,41.41737],[2.007129,41.417947],[2.006568,41.419178],[2.006203,41.420244],[2.005841,41.421],[2.005604,41.421441]]]}},{"type":"Feature","properties":{"nationalCode":"34090808158","name":"El Papiol"},"geometry":{"type":"Polygon","coordinates":[[[1.994081,41.435588],[1.995089,41.436278],[1.99514,41.436591],[1.995299,41.437201],[1.995458,41.437769],[1.995536,41.437868],[1.995643,41.438047],[1.995705,41.438311],[1.995691,41.438596],[1.995774,41.439009],[1.995958,41.439927],[1.996038,41.44096],[1.996094,41.441875],[1.996152,41.442817],[1.996139,41.443651],[1.996125,41.444426],[1.996063,41.445233],[1.995994,41.44608],[1.995957,41.446988],[1.995867,41.447666],[1.995728,41.44846],[1.995647,41.44918],[1.995567,41.449799],[1.995555,41.450601],[1.995723,41.451406],[1.995915,41.451839],[1.996198,41.452274],[1.996436,41.452582],[1.9968,41.452951],[1.997327,41.453378],[1.997804,41.453653],[1.998384,41.453947],[1.999308,41.454391],[1.999535,41.454527],[2.000251,41.455238],[2.000789,41.455834],[2.001048,41.456109],[2.001131,41.45631],[2.001036,41.456507],[2.0009,41.456688],[2.000712,41.457073],[2.000453,41.457361],[1.999632,41.458079],[1.999381,41.45831],[1.999248,41.458451],[1.998984,41.458863],[1.998944,41.458988],[1.99895,41.459078],[1.999203,41.459841],[1.999264,41.459911],[1.99973,41.460241],[2.010515,41.456645],[2.010684,41.456973],[2.01083,41.457254],[2.010984,41.457554],[2.011058,41.457754],[2.011114,41.457873],[2.011216,41.457964],[2.011349,41.457984],[2.011491,41.45801],[2.011653,41.458034],[2.011774,41.458069],[2.011917,41.458153],[2.012082,41.458273],[2.012236,41.458315],[2.012328,41.45834],[2.012424,41.458349],[2.012648,41.458332],[2.012837,41.458323],[2.012896,41.458317],[2.013541,41.458237],[2.013987,41.458132],[2.014429,41.458299],[2.014734,41.45841],[2.015191,41.458776],[2.015566,41.458982],[2.015964,41.458913],[2.016453,41.458746],[2.0168,41.458446],[2.018474,41.458207],[2.019109,41.458345],[2.019331,41.458381],[2.019818,41.458395],[2.020065,41.458338],[2.020727,41.458012],[2.020855,41.45773],[2.020903,41.457721],[2.021926,41.457649],[2.022567,41.457577],[2.022904,41.45756],[2.023392,41.457531],[2.023571,41.457473],[2.023942,41.456962],[2.024091,41.456709],[2.024099,41.456523],[2.024076,41.456303],[2.024053,41.456042],[2.023961,41.455736],[2.023755,41.455266],[2.023564,41.454977],[2.023496,41.454796],[2.023624,41.454487],[2.023878,41.454081],[2.024382,41.453353],[2.024506,41.453082],[2.024536,41.452233],[2.024584,41.452089],[2.024585,41.4519],[2.024508,41.451739],[2.024404,41.451591],[2.024264,41.451457],[2.024063,41.451282],[2.023817,41.451119],[2.023745,41.450933],[2.023724,41.450773],[2.023716,41.450687],[2.023869,41.450539],[2.024082,41.450396],[2.024304,41.450241],[2.024649,41.449937],[2.025088,41.44945],[2.025195,41.449373],[2.025195,41.449373],[2.025226,41.44938],[2.025304,41.449415],[2.025371,41.44945],[2.025446,41.449473],[2.025656,41.4494],[2.02566,41.449357],[2.025697,41.449266],[2.025704,41.449194],[2.025709,41.449103],[2.025743,41.448881],[2.025743,41.448881],[2.025809,41.448657],[2.025921,41.448406],[2.026002,41.448313],[2.026095,41.448188],[2.026339,41.448048],[2.026684,41.447822],[2.026792,41.447765],[2.026829,41.447715],[2.026848,41.447569],[2.02687,41.44744],[2.026923,41.447292],[2.027,41.447091],[2.027011,41.446987],[2.027084,41.446832],[2.027162,41.446754],[2.02729,41.446735],[2.027475,41.446709],[2.027698,41.446597],[2.027931,41.446473],[2.028045,41.446434],[2.028197,41.446405],[2.028589,41.446395],[2.028908,41.446393],[2.029296,41.446406],[2.029444,41.446405],[2.029639,41.446379],[2.029746,41.446357],[2.02985,41.446355],[2.029927,41.446354],[2.029995,41.446329],[2.030174,41.446229],[2.030377,41.44612],[2.030644,41.445961],[2.030823,41.445867],[2.031023,41.445735],[2.031141,41.445663],[2.03126,41.44555],[2.031326,41.445399],[2.031369,41.445218],[2.031402,41.445034],[2.031412,41.44485],[2.031408,41.444605],[2.031381,41.444401],[2.031308,41.444173],[2.031243,41.444034],[2.031234,41.443961],[2.03126,41.443761],[2.031288,41.443591],[2.031325,41.4434],[2.031383,41.443134],[2.031467,41.442908],[2.031561,41.44267],[2.031664,41.44253],[2.031854,41.442328],[2.032025,41.442202],[2.032187,41.442114],[2.0324,41.442033],[2.032733,41.441845],[2.032947,41.441689],[2.032931,41.441502],[2.032891,41.441308],[2.03284,41.441157],[2.032784,41.44102],[2.03273,41.440831],[2.032698,41.440449],[2.03264,41.440268],[2.03261,41.440083],[2.032638,41.43989],[2.032736,41.439693],[2.03279,41.43943],[2.032805,41.43925],[2.032802,41.439155],[2.032747,41.439115],[2.032576,41.43904],[2.031884,41.438736],[2.031638,41.4386],[2.031475,41.438455],[2.031344,41.438341],[2.030893,41.438126],[2.030556,41.437946],[2.03007,41.437565],[2.029985,41.43747],[2.029915,41.437342],[2.029903,41.437096],[2.029908,41.436955],[2.029922,41.436703],[2.029842,41.436516],[2.029701,41.436338],[2.029551,41.436153],[2.029418,41.436047],[2.029228,41.435951],[2.029117,41.435793],[2.029058,41.435651],[2.029027,41.435425],[2.029016,41.435291],[2.029013,41.435199],[2.029006,41.435084],[2.028952,41.435005],[2.028604,41.434679],[2.028314,41.434267],[2.028216,41.434032],[2.028262,41.433629],[2.027894,41.433322],[2.02745,41.432902],[2.026996,41.432619],[2.0264,41.432577],[2.025809,41.432169],[2.025247,41.431458],[2.024453,41.431371],[2.024184,41.431449],[2.023381,41.431114],[2.022576,41.430836],[2.0226,41.430776],[2.022533,41.430698],[2.022425,41.430611],[2.022291,41.430501],[2.022224,41.430416],[2.022175,41.430301],[2.021296,41.430362],[2.020997,41.430425],[2.020767,41.430418],[2.020409,41.430265],[2.019721,41.430057],[2.019437,41.430043],[2.019259,41.429744],[2.019512,41.429487],[2.019738,41.429287],[2.019291,41.429088],[2.019105,41.428975],[2.018959,41.428887],[2.018619,41.428658],[2.01846,41.4276],[2.018025,41.427283],[2.017975,41.427253],[2.01791,41.427261],[2.017749,41.427383],[2.017609,41.427477],[2.01747,41.42757],[2.017357,41.427635],[2.017253,41.427701],[2.017162,41.427774],[2.017125,41.427817],[2.017105,41.427848],[2.017101,41.427862],[2.017101,41.427876],[2.010728,41.425835],[2.008184,41.424491],[2.009106,41.42171],[2.008863,41.421606],[2.008546,41.421622],[2.00831,41.421686],[2.007368,41.421998],[2.006995,41.422037],[2.006672,41.421901],[2.006416,41.421769],[2.005604,41.421441],[2.004932,41.422809],[2.004346,41.423246],[2.004073,41.423811],[2.003916,41.424168],[2.003801,41.424662],[2.003648,41.424997],[2.003506,41.4253],[2.003236,41.425835],[2.002881,41.426371],[2.002227,41.427326],[2.001612,41.428051],[2.000978,41.428602],[2.000178,41.429285],[1.999434,41.429873],[1.99922,41.430204],[1.998987,41.430533],[1.998089,41.431225],[1.997618,41.431448],[1.997223,41.432035],[1.996524,41.433162],[1.996309,41.433673],[1.995999,41.434186],[1.995632,41.434687],[1.995131,41.435093],[1.994775,41.435394],[1.994425,41.435552],[1.994081,41.435588]]]}},{"type":"Feature","properties":{"nationalCode":"34090808169","name":"El Prat de Llobregat"},"geometry":{"type":"Polygon","coordinates":[[[2.068772,41.344648],[2.069771,41.344834],[2.070292,41.344622],[2.071381,41.344637],[2.072166,41.345061],[2.073321,41.345929],[2.075326,41.34774],[2.076006,41.348187],[2.076598,41.348431],[2.077192,41.348377],[2.078245,41.348097],[2.078773,41.347812],[2.080159,41.346742],[2.081192,41.34621],[2.082288,41.345865],[2.083046,41.345768],[2.084922,41.345316],[2.086256,41.344807],[2.086547,41.344551],[2.087318,41.343409],[2.087485,41.342951],[2.087678,41.342664],[2.08797,41.342435],[2.088559,41.342166],[2.089521,41.341301],[2.093648,41.340031],[2.096711,41.338563],[2.097671,41.338007],[2.099284,41.337098],[2.101369,41.336334],[2.100526,41.336042],[2.10225,41.335351],[2.102769,41.335101],[2.103135,41.334904],[2.104128,41.334335],[2.104789,41.333931],[2.105389,41.333494],[2.10583,41.333162],[2.106572,41.332581],[2.107654,41.331745],[2.108379,41.331103],[2.108749,41.33073],[2.109118,41.330245],[2.110131,41.32893],[2.111379,41.327248],[2.112302,41.326117],[2.11311,41.325596],[2.114039,41.324881],[2.115653,41.32389],[2.117043,41.323321],[2.118901,41.322734],[2.121745,41.322066],[2.123135,41.321807],[2.125798,41.321353],[2.128519,41.320961],[2.130712,41.320772],[2.132117,41.320809],[2.132582,41.320846],[2.139769,41.321115],[2.141268,41.32109],[2.143743,41.320944],[2.145742,41.320751],[2.146617,41.320779],[2.146729,41.32076],[2.14686,41.320754],[2.147712,41.320758],[2.14952,41.320741],[2.14962,41.320744],[2.149728,41.320757],[2.149857,41.320683],[2.150696,41.321529],[2.150816,41.321674],[2.150926,41.321849],[2.151142,41.322202],[2.151396,41.322614],[2.151727,41.323154],[2.152247,41.322971],[2.152205,41.322949],[2.152034,41.322752],[2.152221,41.322578],[2.152454,41.322711],[2.152357,41.322919],[2.152483,41.323004],[2.152564,41.323004],[2.152624,41.32297],[2.152676,41.322908],[2.152691,41.322836],[2.152695,41.322737],[2.152672,41.322673],[2.152595,41.322554],[2.152453,41.322393],[2.152612,41.322089],[2.15245,41.321852],[2.152075,41.321797],[2.152112,41.321666],[2.152431,41.321639],[2.152884,41.321394],[2.153378,41.321114],[2.153679,41.320929],[2.153688,41.320845],[2.153058,41.32017],[2.150725,41.317558],[2.152073,41.316784],[2.153033,41.316233],[2.153298,41.316098],[2.153563,41.315962],[2.153717,41.315856],[2.153868,41.315895],[2.154021,41.31582],[2.153921,41.315728],[2.154105,41.315622],[2.154167,41.315523],[2.15432,41.315448],[2.154484,41.315281],[2.154627,41.315168],[2.154793,41.315323],[2.154934,41.315211],[2.152313,41.312529],[2.145833,41.306065],[2.143988,41.304223],[2.14386,41.304296],[2.14397,41.304411],[2.143476,41.304703],[2.143332,41.304773],[2.14324,41.304814],[2.143033,41.30479],[2.142902,41.304747],[2.142831,41.304727],[2.142786,41.304731],[2.142645,41.3046],[2.142641,41.304535],[2.142351,41.30425],[2.142327,41.304173],[2.142451,41.303328],[2.144124,41.30239],[2.144784,41.303029],[2.145086,41.302849],[2.144918,41.30267],[2.144914,41.302665],[2.144683,41.302784],[2.144229,41.302311],[2.145127,41.301767],[2.143856,41.300409],[2.143645,41.300174],[2.142751,41.299269],[2.143851,41.298347],[2.145315,41.297601],[2.145833,41.297439],[2.146302,41.297293],[2.146306,41.297292],[2.147027,41.297198],[2.147325,41.297159],[2.147966,41.297132],[2.148437,41.29712],[2.148822,41.297131],[2.149328,41.297192],[2.149859,41.29728],[2.150243,41.297359],[2.150621,41.297488],[2.150934,41.297582],[2.151196,41.297702],[2.151433,41.297773],[2.151499,41.297743],[2.151691,41.297381],[2.151924,41.297032],[2.152094,41.296785],[2.152274,41.29661],[2.152434,41.296352],[2.152588,41.296177],[2.152676,41.296221],[2.152872,41.296324],[2.153712,41.29679],[2.154744,41.297519],[2.155053,41.297788],[2.157036,41.299767],[2.160535,41.30327],[2.162769,41.305495],[2.165835,41.308582],[2.166286,41.309001],[2.166322,41.308983],[2.16678,41.30966],[2.167002,41.310144],[2.167122,41.310624],[2.167192,41.31127],[2.167164,41.31164],[2.167098,41.312033],[2.166961,41.312465],[2.165808,41.315955],[2.165384,41.317177],[2.165339,41.31719],[2.165139,41.317759],[2.165427,41.317823],[2.165558,41.317422],[2.165742,41.317419],[2.166586,41.314822],[2.166913,41.313893],[2.167452,41.312221],[2.167531,41.311862],[2.167595,41.311343],[2.167583,41.310936],[2.167493,41.310407],[2.167287,41.309879],[2.167123,41.309562],[2.166875,41.309139],[2.166656,41.308869],[2.166505,41.308883],[2.166321,41.308674],[2.162259,41.304614],[2.158209,41.300576],[2.156917,41.299292],[2.156114,41.29848],[2.155476,41.297837],[2.154836,41.297284],[2.154542,41.297047],[2.154081,41.296731],[2.153527,41.296403],[2.153262,41.296251],[2.153259,41.296073],[2.153079,41.295979],[2.152367,41.295696],[2.151775,41.295489],[2.15129,41.29537],[2.15033,41.295163],[2.149272,41.295014],[2.148255,41.294996],[2.14746,41.295004],[2.146526,41.295113],[2.145959,41.295212],[2.145833,41.29524],[2.145397,41.295338],[2.144943,41.295469],[2.144396,41.295626],[2.143682,41.295886],[2.143006,41.296185],[2.142456,41.29651],[2.141935,41.29688],[2.141415,41.297273],[2.139903,41.298415],[2.139814,41.298484],[2.138436,41.299548],[2.138059,41.29983],[2.137119,41.300568],[2.137119,41.300568],[2.13685,41.299329],[2.136464,41.29755],[2.136464,41.29755],[2.136818,41.297092],[2.137104,41.296669],[2.137212,41.29644],[2.137563,41.29569],[2.137742,41.295163],[2.137887,41.294605],[2.13797,41.293931],[2.138011,41.293343],[2.13798,41.293191],[2.137911,41.293112],[2.137803,41.293119],[2.137704,41.293193],[2.137668,41.293252],[2.137654,41.293622],[2.137624,41.29408],[2.137501,41.294841],[2.137408,41.295195],[2.137183,41.295805],[2.136931,41.296345],[2.136834,41.296554],[2.136459,41.297129],[2.136174,41.297508],[2.13607,41.297533],[2.135489,41.297491],[2.134781,41.297449],[2.134158,41.297422],[2.133701,41.297456],[2.133171,41.29743],[2.132685,41.297367],[2.131984,41.297314],[2.131583,41.297262],[2.131029,41.297177],[2.130362,41.297042],[2.129843,41.296968],[2.129172,41.29683],[2.128609,41.296662],[2.128213,41.296541],[2.127914,41.296457],[2.12748,41.296265],[2.127348,41.296168],[2.127187,41.2961],[2.126922,41.296076],[2.126488,41.295865],[2.125828,41.295533],[2.125688,41.295456],[2.125625,41.295421],[2.125534,41.295396],[2.125443,41.295372],[2.125358,41.295349],[2.125181,41.295301],[2.124511,41.295153],[2.123771,41.294929],[2.123122,41.294747],[2.122786,41.294516],[2.122174,41.294201],[2.121429,41.29387],[2.120971,41.293697],[2.120305,41.293318],[2.119701,41.292951],[2.118613,41.292407],[2.118196,41.292058],[2.11782,41.29191],[2.11716,41.291718],[2.116613,41.291387],[2.116059,41.291131],[2.115146,41.290754],[2.114949,41.290659],[2.11455,41.290465],[2.114008,41.290241],[2.11335,41.289881],[2.11285,41.289704],[2.11263,41.289544],[2.111591,41.289161],[2.11063,41.288845],[2.1094,41.288386],[2.108037,41.287551],[2.107564,41.287375],[2.107361,41.287302],[2.1073,41.28728],[2.107255,41.287262],[2.107183,41.287234],[2.106984,41.287158],[2.106334,41.287033],[2.105686,41.286723],[2.104984,41.286518],[2.104036,41.286245],[2.102932,41.285771],[2.101705,41.285283],[2.100777,41.284864],[2.099496,41.284402],[2.097847,41.283871],[2.097127,41.283626],[2.096338,41.283327],[2.095449,41.283152],[2.094937,41.283055],[2.094636,41.283007],[2.094035,41.282866],[2.092833,41.282477],[2.091631,41.282073],[2.089109,41.281234],[2.087747,41.280829],[2.086937,41.280556],[2.086086,41.28027],[2.084903,41.279988],[2.08388,41.279737],[2.081537,41.27899],[2.079656,41.278354],[2.077973,41.277885],[2.076205,41.277179],[2.075416,41.276932],[2.075225,41.2769],[2.074827,41.276832],[2.074759,41.276762],[2.074788,41.276587],[2.074749,41.276529],[2.074222,41.277191],[2.074222,41.277191],[2.074027,41.277436],[2.070182,41.282276],[2.070251,41.283201],[2.070387,41.285002],[2.070244,41.285192],[2.070129,41.285515],[2.069799,41.286025],[2.068646,41.287327],[2.068455,41.28748],[2.067785,41.288068],[2.065347,41.289724],[2.063722,41.290777],[2.06202,41.29177],[2.059966,41.296533],[2.05954,41.297506],[2.059256,41.298158],[2.057407,41.302489],[2.059526,41.303026],[2.058413,41.305614],[2.062391,41.306402],[2.063361,41.306593],[2.067029,41.307853],[2.065719,41.311134],[2.065291,41.312234],[2.064062,41.314395],[2.063393,41.315315],[2.06271,41.316066],[2.068612,41.318857],[2.070539,41.319681],[2.069911,41.321285],[2.070419,41.321676],[2.0702,41.322244],[2.070058,41.322404],[2.072744,41.323779],[2.071111,41.325355],[2.069658,41.326788],[2.067348,41.329185],[2.071842,41.331688],[2.07218,41.33188],[2.071448,41.333371],[2.071231,41.333659],[2.071723,41.333836],[2.072027,41.334056],[2.071529,41.334412],[2.071208,41.334741],[2.071083,41.334971],[2.071905,41.335556],[2.072244,41.335154],[2.073211,41.335922],[2.073778,41.336302],[2.0734,41.336661],[2.073802,41.337066],[2.075304,41.338098],[2.07622,41.338517],[2.077217,41.338887],[2.078668,41.339723],[2.076823,41.342415],[2.075984,41.342227],[2.076098,41.3417],[2.075222,41.34119],[2.072699,41.340086],[2.073272,41.339466],[2.072014,41.338811],[2.070359,41.340567],[2.070157,41.340891],[2.070027,41.341365],[2.069141,41.343178],[2.068954,41.343844],[2.068937,41.343943],[2.068772,41.344648]]]}},{"type":"Feature","properties":{"nationalCode":"34090808180","name":"Ripollet"},"geometry":{"type":"Polygon","coordinates":[[[2.134938,41.505964],[2.135274,41.506625],[2.13599,41.506746],[2.136197,41.507241],[2.135867,41.508516],[2.139037,41.507411],[2.139811,41.507349],[2.141469,41.507716],[2.142074,41.508094],[2.142423,41.508528],[2.142698,41.508867],[2.142587,41.50943],[2.145925,41.510586],[2.146436,41.510383],[2.147212,41.509898],[2.147997,41.510002],[2.148168,41.510026],[2.149213,41.51006],[2.149119,41.509632],[2.149594,41.508675],[2.150208,41.508863],[2.152226,41.510141],[2.152524,41.510578],[2.153329,41.510767],[2.154717,41.511353],[2.155418,41.510673],[2.157191,41.50963],[2.15761,41.508873],[2.158487,41.508455],[2.158763,41.507705],[2.158995,41.507388],[2.158986,41.507379],[2.159124,41.507311],[2.161021,41.506136],[2.162392,41.504246],[2.163399,41.503364],[2.164017,41.502544],[2.164593,41.501509],[2.165613,41.500032],[2.16591,41.49955],[2.166225,41.498843],[2.167346,41.497739],[2.16805,41.496357],[2.169088,41.495851],[2.170003,41.495162],[2.170691,41.494932],[2.170266,41.494402],[2.17047,41.494267],[2.171156,41.493858],[2.173173,41.492417],[2.172579,41.491426],[2.170499,41.489971],[2.169078,41.488964],[2.167133,41.489196],[2.166063,41.489442],[2.165212,41.489435],[2.163872,41.490054],[2.162297,41.490269],[2.160855,41.490352],[2.160536,41.490258],[2.160491,41.489846],[2.160485,41.489774],[2.160167,41.489681],[2.159826,41.488859],[2.159442,41.488552],[2.15812,41.488035],[2.15559,41.48859],[2.154335,41.48952],[2.15277,41.489885],[2.152041,41.490414],[2.151597,41.490736],[2.151433,41.490855],[2.148118,41.493269],[2.148221,41.493329],[2.149591,41.49412],[2.145205,41.497332],[2.144037,41.496418],[2.143932,41.496335],[2.143179,41.496874],[2.142861,41.497122],[2.138182,41.502375],[2.135082,41.505877],[2.134938,41.505964]]]}},{"type":"Feature","properties":{"nationalCode":"34090808196","name":"Sant Andreu de la Barca"},"geometry":{"type":"Polygon","coordinates":[[[1.94731,41.461005],[1.947825,41.461141],[1.948703,41.461508],[1.95136,41.462924],[1.953661,41.464697],[1.954726,41.464031],[1.955206,41.463758],[1.955567,41.463537],[1.955814,41.463367],[1.956283,41.463034],[1.956498,41.462867],[1.957105,41.46238],[1.957171,41.462299],[1.957639,41.462055],[1.958242,41.461764],[1.958553,41.461619],[1.958873,41.46145],[1.959146,41.461285],[1.959514,41.461049],[1.95963,41.460975],[1.959776,41.460925],[1.960492,41.460455],[1.961115,41.460039],[1.96158,41.45973],[1.96166,41.459748],[1.961715,41.459758],[1.961771,41.459777],[1.961833,41.459813],[1.961968,41.459909],[1.962027,41.459942],[1.962054,41.459955],[1.962075,41.459974],[1.962114,41.460011],[1.962168,41.46005],[1.962303,41.460144],[1.962401,41.460212],[1.962443,41.460235],[1.962501,41.460268],[1.962543,41.460296],[1.962598,41.460335],[1.962646,41.460361],[1.962672,41.460378],[1.962703,41.460412],[1.962736,41.460434],[1.962781,41.460454],[1.962855,41.460495],[1.962892,41.460521],[1.962932,41.460553],[1.962983,41.460576],[1.963044,41.460596],[1.963094,41.460615],[1.963146,41.46065],[1.963182,41.460671],[1.96322,41.460687],[1.963253,41.460705],[1.963302,41.460738],[1.963366,41.460784],[1.963404,41.460811],[1.963418,41.460843],[1.963428,41.46086],[1.963442,41.46088],[1.963477,41.460903],[1.963525,41.460935],[1.963644,41.461004],[1.963735,41.461056],[1.963844,41.461123],[1.963911,41.46117],[1.96393,41.461186],[1.963941,41.461207],[1.963954,41.461241],[1.963969,41.461262],[1.963996,41.461282],[1.964021,41.461291],[1.964068,41.461304],[1.964125,41.461317],[1.964168,41.46133],[1.964205,41.461351],[1.964275,41.46141],[1.964331,41.461458],[1.964403,41.461508],[1.964467,41.461547],[1.964545,41.461592],[1.964722,41.461698],[1.964975,41.461862],[1.965148,41.461955],[1.965302,41.462044],[1.965387,41.462091],[1.965505,41.46215],[1.965558,41.462173],[1.965626,41.4622],[1.965681,41.462219],[1.965755,41.462261],[1.965826,41.462302],[1.965869,41.462325],[1.965949,41.462366],[1.966099,41.462438],[1.966199,41.462491],[1.96629,41.462543],[1.96639,41.462597],[1.966453,41.462638],[1.966509,41.462679],[1.966569,41.462718],[1.966642,41.462759],[1.966695,41.462788],[1.966753,41.462818],[1.966786,41.462839],[1.966847,41.462878],[1.966892,41.462906],[1.967006,41.462966],[1.96707,41.462999],[1.967112,41.463029],[1.967167,41.463065],[1.967225,41.463091],[1.96727,41.463115],[1.967307,41.463131],[1.967354,41.463161],[1.967397,41.463187],[1.967483,41.463227],[1.967555,41.463258],[1.967614,41.463289],[1.967687,41.46333],[1.967824,41.463398],[1.967929,41.463452],[1.968034,41.463512],[1.968185,41.463593],[1.968299,41.46366],[1.968429,41.46373],[1.968567,41.4638],[1.968692,41.46386],[1.968779,41.463884],[1.96887,41.463908],[1.968904,41.463915],[1.968947,41.463917],[1.969229,41.46392],[1.969317,41.463915],[1.969391,41.463907],[1.969492,41.46389],[1.969581,41.463873],[1.96971,41.463851],[1.969813,41.463837],[1.969984,41.463814],[1.970179,41.463785],[1.970375,41.463758],[1.970435,41.463751],[1.970486,41.463746],[1.970591,41.463746],[1.970917,41.463749],[1.971494,41.463735],[1.972025,41.463725],[1.973293,41.463705],[1.973493,41.463455],[1.973679,41.463204],[1.973822,41.46297],[1.973905,41.462813],[1.973976,41.462662],[1.974067,41.462514],[1.974482,41.461909],[1.974697,41.461586],[1.974917,41.461211],[1.975214,41.460585],[1.975343,41.46034],[1.975491,41.460108],[1.975603,41.459927],[1.975709,41.459624],[1.975822,41.459124],[1.975918,41.458789],[1.976059,41.458289],[1.976278,41.457715],[1.97652,41.457047],[1.97667,41.456379],[1.976742,41.456026],[1.976756,41.455941],[1.976766,41.455807],[1.976748,41.455419],[1.976744,41.455173],[1.976742,41.455012],[1.976784,41.454758],[1.976844,41.454574],[1.976874,41.454446],[1.976909,41.454274],[1.976915,41.45417],[1.976927,41.453922],[1.976925,41.453755],[1.976948,41.453612],[1.976982,41.453476],[1.977055,41.453212],[1.977144,41.452918],[1.977187,41.452743],[1.977215,41.452555],[1.977229,41.452406],[1.977247,41.452266],[1.977248,41.45211],[1.977258,41.451946],[1.977275,41.451802],[1.977287,41.451565],[1.977282,41.451365],[1.977281,41.45118],[1.977279,41.451034],[1.977307,41.450865],[1.977386,41.450634],[1.977571,41.450318],[1.977695,41.45011],[1.978213,41.449393],[1.978389,41.449151],[1.978589,41.44893],[1.978711,41.448829],[1.978804,41.448775],[1.97898,41.448725],[1.979209,41.448652],[1.979388,41.448577],[1.979518,41.448508],[1.979612,41.448434],[1.979758,41.448293],[1.979893,41.44815],[1.980097,41.447884],[1.980244,41.447658],[1.980413,41.447438],[1.980475,41.447344],[1.980573,41.4472],[1.980823,41.44673],[1.980977,41.446426],[1.981046,41.446253],[1.981104,41.446148],[1.981156,41.446077],[1.98133,41.445914],[1.981572,41.445694],[1.981805,41.445514],[1.982082,41.445356],[1.982236,41.445284],[1.982484,41.445171],[1.982708,41.445054],[1.983142,41.44479],[1.983464,41.444574],[1.98373,41.444361],[1.984212,41.443982],[1.984426,41.443843],[1.984662,41.443727],[1.984865,41.443625],[1.984993,41.443542],[1.982067,41.442886],[1.981969,41.442845],[1.981708,41.442731],[1.981529,41.442576],[1.981444,41.4424],[1.980775,41.442573],[1.980133,41.442628],[1.979857,41.442613],[1.979641,41.442604],[1.979247,41.442306],[1.979213,41.442335],[1.979025,41.442217],[1.978951,41.442031],[1.978989,41.44112],[1.97891,41.440871],[1.978511,41.440979],[1.977841,41.441296],[1.977037,41.441574],[1.976718,41.441624],[1.975688,41.441605],[1.974122,41.441781],[1.972197,41.442585],[1.971734,41.442632],[1.968715,41.44243],[1.968157,41.44249],[1.967066,41.442771],[1.966391,41.442863],[1.964981,41.442888],[1.964387,41.442788],[1.963648,41.442514],[1.961924,41.441553],[1.959997,41.440457],[1.959478,41.440398],[1.958942,41.440422],[1.95829,41.440342],[1.955502,41.439247],[1.95495,41.439226],[1.954503,41.439326],[1.953583,41.439654],[1.953147,41.439898],[1.952925,41.440123],[1.952605,41.440794],[1.952326,41.440905],[1.951476,41.44105],[1.950184,41.441376],[1.949505,41.441121],[1.949571,41.4413],[1.94961,41.441398],[1.949625,41.441542],[1.949604,41.44167],[1.949385,41.442007],[1.949254,41.442227],[1.949134,41.442319],[1.948877,41.442439],[1.94857,41.442668],[1.948158,41.442826],[1.947958,41.442912],[1.947817,41.442986],[1.947716,41.443205],[1.947562,41.443435],[1.947464,41.44362],[1.947457,41.443689],[1.94752,41.443852],[1.947595,41.444035],[1.947565,41.444116],[1.947495,41.444341],[1.947292,41.444605],[1.947208,41.444735],[1.946703,41.445277],[1.946507,41.445698],[1.946347,41.445962],[1.946272,41.446048],[1.946166,41.44613],[1.946111,41.446174],[1.946262,41.446241],[1.946501,41.446331],[1.94664,41.446385],[1.946849,41.446475],[1.947312,41.446677],[1.947512,41.446746],[1.947964,41.446916],[1.948063,41.446996],[1.948124,41.447235],[1.948317,41.447587],[1.948434,41.447734],[1.94853,41.447865],[1.948381,41.448112],[1.948321,41.44825],[1.948297,41.44844],[1.948298,41.448689],[1.94831,41.448926],[1.948359,41.449251],[1.948431,41.449293],[1.948516,41.449344],[1.948652,41.4494],[1.948775,41.449447],[1.948999,41.449586],[1.949251,41.449711],[1.949291,41.449726],[1.949395,41.449831],[1.949462,41.449897],[1.949527,41.449953],[1.949586,41.449996],[1.949657,41.450034],[1.949752,41.450073],[1.949823,41.450095],[1.949999,41.450103],[1.950194,41.450121],[1.950525,41.450147],[1.950913,41.450196],[1.950991,41.450207],[1.951099,41.45027],[1.95119,41.450338],[1.951303,41.450438],[1.951341,41.450496],[1.951368,41.45058],[1.951427,41.450787],[1.951405,41.450946],[1.951364,41.451064],[1.951352,41.451133],[1.951336,41.451235],[1.951278,41.451462],[1.95121,41.451649],[1.951242,41.451765],[1.951211,41.452063],[1.951175,41.452195],[1.95117,41.452306],[1.951168,41.452403],[1.951204,41.452571],[1.951248,41.452721],[1.951282,41.452852],[1.951361,41.453012],[1.951446,41.453188],[1.951539,41.453327],[1.95164,41.453469],[1.951765,41.453577],[1.951953,41.45367],[1.952073,41.453769],[1.952127,41.453841],[1.952216,41.454022],[1.952277,41.454215],[1.952338,41.454345],[1.952563,41.454905],[1.952379,41.455597],[1.952199,41.455584],[1.952014,41.455576],[1.951753,41.455571],[1.951548,41.455565],[1.951314,41.455557],[1.951036,41.456027],[1.951066,41.456334],[1.95105,41.456547],[1.951046,41.456729],[1.951005,41.456949],[1.950971,41.457034],[1.950936,41.457123],[1.950867,41.45731],[1.9508,41.457512],[1.950738,41.457686],[1.950653,41.457863],[1.950291,41.458338],[1.950114,41.458475],[1.949946,41.458612],[1.949804,41.458877],[1.949681,41.459105],[1.949589,41.459263],[1.949357,41.459409],[1.94904,41.459559],[1.948993,41.459603],[1.948895,41.459682],[1.948858,41.459715],[1.948798,41.45977],[1.948741,41.45982],[1.948696,41.459861],[1.94865,41.459902],[1.948563,41.459989],[1.948458,41.460104],[1.948427,41.460138],[1.948415,41.460151],[1.948414,41.460152],[1.948412,41.460153],[1.948361,41.460189],[1.948327,41.460212],[1.948257,41.46026],[1.948155,41.460328],[1.948021,41.46039],[1.947941,41.460426],[1.947844,41.460489],[1.947726,41.460566],[1.947565,41.460672],[1.947441,41.460752],[1.94731,41.461005]]]}},{"type":"Feature","properties":{"nationalCode":"34090808200","name":"Sant Boi de Llobregat"},"geometry":{"type":"Polygon","coordinates":[[[1.999184,41.356151],[2.001287,41.356609],[2.002249,41.356684],[2.004008,41.356571],[2.005284,41.356695],[2.00725,41.357078],[2.00773,41.357111],[2.009569,41.356788],[2.012272,41.356814],[2.012597,41.356223],[2.013048,41.35587],[2.014695,41.355078],[2.016091,41.354576],[2.016296,41.354756],[2.016345,41.354934],[2.016522,41.355052],[2.016924,41.355161],[2.017704,41.35582],[2.018354,41.356809],[2.018631,41.356995],[2.018951,41.357116],[2.019279,41.357336],[2.019023,41.35759],[2.017971,41.358203],[2.017657,41.358469],[2.017709,41.358674],[2.018617,41.3593],[2.01898,41.359663],[2.019726,41.360197],[2.020283,41.359822],[2.020779,41.359755],[2.021593,41.359773],[2.021958,41.359235],[2.022937,41.359219],[2.023055,41.359043],[2.023153,41.3583],[2.023242,41.35682],[2.024175,41.356995],[2.024982,41.356915],[2.026044,41.357211],[2.030033,41.359197],[2.031334,41.360571],[2.032301,41.361177],[2.033072,41.36126],[2.033383,41.361264],[2.034234,41.36129],[2.034595,41.361319],[2.035944,41.361458],[2.038019,41.361565],[2.039514,41.361725],[2.041505,41.361826],[2.0436,41.362031],[2.04436,41.361962],[2.044583,41.361448],[2.045892,41.361534],[2.04817,41.361641],[2.048675,41.361052],[2.048768,41.360399],[2.048702,41.359862],[2.048342,41.358302],[2.047492,41.357196],[2.046369,41.35612],[2.046123,41.355726],[2.045665,41.354594],[2.04572,41.353763],[2.046346,41.352124],[2.046445,41.351696],[2.046488,41.350407],[2.046373,41.348927],[2.04644,41.348554],[2.04677,41.348189],[2.046859,41.348095],[2.047928,41.347715],[2.049593,41.347308],[2.050172,41.34751],[2.050741,41.347628],[2.051366,41.347747],[2.052162,41.347884],[2.053161,41.348019],[2.054473,41.348182],[2.055884,41.348247],[2.056932,41.348237],[2.057966,41.348166],[2.058928,41.348047],[2.060041,41.347869],[2.061146,41.347661],[2.062398,41.347292],[2.063634,41.346873],[2.06515,41.346212],[2.0664,41.345668],[2.06746,41.345219],[2.068772,41.344648],[2.068937,41.343943],[2.068954,41.343844],[2.069141,41.343178],[2.070027,41.341365],[2.070157,41.340891],[2.070359,41.340567],[2.072014,41.338811],[2.073272,41.339466],[2.072699,41.340086],[2.075222,41.34119],[2.076098,41.3417],[2.075984,41.342227],[2.076823,41.342415],[2.078668,41.339723],[2.077217,41.338887],[2.07622,41.338517],[2.075304,41.338098],[2.073802,41.337066],[2.0734,41.336661],[2.073778,41.336302],[2.073211,41.335922],[2.072244,41.335154],[2.071905,41.335556],[2.071083,41.334971],[2.071208,41.334741],[2.071529,41.334412],[2.072027,41.334056],[2.071723,41.333836],[2.071231,41.333659],[2.071448,41.333371],[2.07218,41.33188],[2.071842,41.331688],[2.067348,41.329185],[2.069658,41.326788],[2.071111,41.325355],[2.072744,41.323779],[2.070058,41.322404],[2.0702,41.322244],[2.070419,41.321676],[2.069911,41.321285],[2.070539,41.319681],[2.068612,41.318857],[2.06271,41.316066],[2.063393,41.315315],[2.064062,41.314395],[2.065291,41.312234],[2.065719,41.311134],[2.067029,41.307853],[2.063361,41.306593],[2.062391,41.306402],[2.058413,41.305614],[2.059526,41.303026],[2.057407,41.302489],[2.059256,41.298158],[2.05954,41.297506],[2.059966,41.296533],[2.06202,41.29177],[2.063722,41.290777],[2.065347,41.289724],[2.067785,41.288068],[2.068455,41.28748],[2.068646,41.287327],[2.069799,41.286025],[2.070129,41.285515],[2.070244,41.285192],[2.068971,41.28658],[2.0687,41.286721],[2.066697,41.287725],[2.066313,41.287937],[2.065831,41.288178],[2.065392,41.288372],[2.065086,41.288508],[2.064503,41.288778],[2.063411,41.289326],[2.059767,41.291131],[2.059013,41.291505],[2.057834,41.293058],[2.056586,41.294698],[2.055907,41.295742],[2.055241,41.296876],[2.054826,41.297567],[2.053992,41.298939],[2.053726,41.299356],[2.052129,41.302017],[2.051216,41.303544],[2.050938,41.303482],[2.050891,41.303662],[2.050812,41.303973],[2.050664,41.304361],[2.050509,41.304639],[2.050446,41.304751],[2.050059,41.304607],[2.049701,41.304482],[2.049699,41.304481],[2.049352,41.304946],[2.049126,41.305263],[2.048651,41.305933],[2.048481,41.305874],[2.048376,41.306004],[2.048152,41.3063],[2.047946,41.306572],[2.04772,41.306906],[2.047462,41.307179],[2.046902,41.307889],[2.047664,41.308204],[2.04723,41.308785],[2.047181,41.30885],[2.04708,41.308849],[2.04667,41.309141],[2.046607,41.309114],[2.04615,41.308913],[2.045834,41.309311],[2.045491,41.309764],[2.045311,41.310018],[2.044832,41.310592],[2.044589,41.310865],[2.04427,41.311229],[2.043955,41.311551],[2.043954,41.311594],[2.044359,41.311662],[2.044286,41.311742],[2.043842,41.312124],[2.043115,41.312741],[2.042736,41.313053],[2.041816,41.313797],[2.041468,41.314089],[2.041199,41.314317],[2.040408,41.315003],[2.040269,41.315113],[2.040194,41.315231],[2.039964,41.315457],[2.03962,41.315795],[2.039176,41.316229],[2.03882,41.316568],[2.038624,41.316756],[2.038379,41.317],[2.037796,41.317611],[2.037363,41.318047],[2.036977,41.318467],[2.036524,41.318987],[2.036264,41.319272],[2.036019,41.319486],[2.035869,41.319609],[2.035704,41.319747],[2.035502,41.319912],[2.035302,41.320077],[2.035227,41.320138],[2.035087,41.320253],[2.034916,41.320394],[2.034701,41.320571],[2.034515,41.320714],[2.034362,41.32083],[2.034057,41.320601],[2.033028,41.321372],[2.033253,41.321541],[2.033107,41.321628],[2.032745,41.321883],[2.032895,41.321998],[2.031917,41.322733],[2.031748,41.322606],[2.031613,41.322717],[2.031561,41.322759],[2.030945,41.323276],[2.030545,41.323598],[2.030408,41.323734],[2.030368,41.32377],[2.030305,41.323826],[2.03029,41.323839],[2.030241,41.323889],[2.030215,41.323915],[2.030133,41.323997],[2.030074,41.32406],[2.030015,41.324126],[2.029972,41.324176],[2.029907,41.324255],[2.02984,41.324345],[2.029781,41.324424],[2.029693,41.324559],[2.02967,41.324595],[2.029618,41.324676],[2.029519,41.32479],[2.029508,41.3248],[2.027969,41.326359],[2.027679,41.326583],[2.02715,41.326956],[2.026659,41.327376],[2.025817,41.328119],[2.025662,41.328273],[2.025401,41.328459],[2.025113,41.32863],[2.02485,41.328763],[2.024604,41.328901],[2.024425,41.329019],[2.024296,41.329178],[2.02422,41.32936],[2.024192,41.329559],[2.024139,41.329792],[2.024073,41.329939],[2.023985,41.330087],[2.023896,41.33019],[2.023817,41.33027],[2.023657,41.330357],[2.023335,41.330477],[2.023131,41.330531],[2.022952,41.330584],[2.022826,41.330689],[2.022714,41.330849],[2.022594,41.331068],[2.022394,41.331438],[2.02211,41.331916],[2.021917,41.332355],[2.021812,41.332416],[2.021586,41.33249],[2.021264,41.332558],[2.021084,41.332618],[2.020707,41.33281],[2.02043,41.332936],[2.020094,41.333132],[2.019816,41.333315],[2.019466,41.333542],[2.019158,41.33375],[2.018742,41.334087],[2.018564,41.334244],[2.018427,41.334359],[2.018367,41.33442],[2.018275,41.334499],[2.01796,41.334688],[2.017723,41.33478],[2.017479,41.334856],[2.017366,41.334922],[2.017321,41.335055],[2.017257,41.335332],[2.017207,41.335507],[2.017135,41.33571],[2.017076,41.335851],[2.017026,41.335933],[2.01678,41.336169],[2.016592,41.336322],[2.016493,41.336406],[2.016095,41.336693],[2.015819,41.336914],[2.015618,41.337069],[2.015555,41.337152],[2.015431,41.337227],[2.015374,41.337263],[2.015304,41.337306],[2.015241,41.337344],[2.015166,41.337395],[2.014966,41.337406],[2.014877,41.33738],[2.014723,41.337355],[2.014296,41.337389],[2.014024,41.3374],[2.013767,41.337432],[2.013477,41.337529],[2.01321,41.337592],[2.012436,41.337659],[2.011725,41.337735],[2.011009,41.337679],[2.010888,41.33774],[2.008582,41.340517],[2.007247,41.342115],[2.006692,41.34267],[2.006272,41.343111],[2.005496,41.342956],[2.005615,41.343887],[2.006214,41.345464],[2.00619,41.345771],[2.005496,41.346855],[2.005305,41.347322],[2.004288,41.347772],[2.003438,41.348367],[2.001997,41.349672],[2.000632,41.351037],[1.999617,41.352135],[1.999355,41.352461],[1.999409,41.353467],[1.999265,41.35378],[1.998781,41.354314],[1.998862,41.35522],[1.998985,41.355737],[1.999184,41.356151]]]}},{"type":"Feature","properties":{"nationalCode":"34090808204","name":"Sant Climent de Llobregat"},"geometry":{"type":"Polygon","coordinates":[[[1.955059,41.32333],[1.955388,41.323415],[1.959292,41.324975],[1.959685,41.32575],[1.961314,41.326904],[1.961165,41.328711],[1.959623,41.329165],[1.958921,41.329682],[1.958505,41.329862],[1.958343,41.330085],[1.958248,41.330719],[1.959141,41.333355],[1.961998,41.335113],[1.965719,41.337707],[1.966973,41.338634],[1.968208,41.339643],[1.970735,41.340974],[1.971436,41.341241],[1.97196,41.341371],[1.972809,41.341388],[1.973934,41.341259],[1.974818,41.341256],[1.975745,41.341351],[1.977315,41.341724],[1.978064,41.342466],[1.979249,41.342955],[1.979263,41.34299],[1.980729,41.343566],[1.98409,41.344554],[1.985364,41.344814],[1.986572,41.344834],[1.987105,41.344918],[1.987533,41.345053],[1.989204,41.346124],[1.989873,41.346752],[1.990305,41.347399],[1.99125,41.348187],[1.991485,41.349851],[1.991895,41.350526],[1.992583,41.351406],[1.993338,41.35221],[1.993578,41.353154],[1.993719,41.353436],[1.995103,41.354969],[1.995773,41.35576],[1.99659,41.356291],[1.997007,41.356426],[1.998119,41.356441],[1.998428,41.356256],[1.999184,41.356151],[1.998985,41.355737],[1.998862,41.35522],[1.998781,41.354314],[1.999265,41.35378],[1.999409,41.353467],[1.999355,41.352461],[1.999617,41.352135],[2.000632,41.351037],[2.001997,41.349672],[2.003438,41.348367],[2.004288,41.347772],[2.005305,41.347322],[2.005496,41.346855],[2.00619,41.345771],[2.006214,41.345464],[2.005615,41.343887],[2.005496,41.342956],[2.006272,41.343111],[2.006692,41.34267],[2.007247,41.342115],[2.008582,41.340517],[2.010888,41.33774],[2.010792,41.337719],[2.010581,41.337632],[2.010411,41.337515],[2.010161,41.337337],[2.009946,41.3372],[2.009668,41.337004],[2.009484,41.33681],[2.009318,41.336505],[2.009247,41.336278],[2.009184,41.335989],[2.009143,41.335759],[2.009095,41.335521],[2.009123,41.33534],[2.009203,41.335017],[2.009273,41.334522],[2.009274,41.334296],[2.009288,41.334092],[2.009278,41.333887],[2.007689,41.330888],[2.007788,41.330835],[2.007963,41.330719],[2.008157,41.330598],[2.008308,41.330474],[2.008397,41.330395],[2.008525,41.330314],[2.008711,41.330202],[2.008796,41.330136],[2.008668,41.330022],[2.008591,41.330001],[2.008487,41.329966],[2.008326,41.329887],[2.008198,41.329757],[2.008167,41.329753],[2.008136,41.329745],[2.008112,41.329737],[2.008084,41.329723],[2.008068,41.329712],[2.008051,41.329699],[2.008015,41.329663],[2.007985,41.329639],[2.007948,41.329614],[2.007916,41.329597],[2.007889,41.329585],[2.007864,41.329575],[2.007791,41.329554],[2.007769,41.329547],[2.007734,41.329534],[2.007701,41.32952],[2.007667,41.329503],[2.007644,41.32949],[2.007621,41.329476],[2.007608,41.329467],[2.007597,41.329459],[2.007587,41.329452],[2.007577,41.329445],[2.007568,41.329438],[2.007559,41.32943],[2.007554,41.329426],[2.007542,41.329414],[2.007534,41.329406],[2.007527,41.329397],[2.007521,41.32939],[2.007512,41.329378],[2.0075,41.329362],[2.007473,41.329334],[2.007424,41.329278],[2.007392,41.329242],[2.007363,41.329209],[2.007331,41.32917],[2.007202,41.329225],[2.007108,41.329267],[2.007059,41.329287],[2.007025,41.329301],[2.006942,41.329332],[2.006854,41.329363],[2.006767,41.32939],[2.0067,41.329411],[2.006639,41.329429],[2.006551,41.329452],[2.006529,41.329457],[2.006433,41.329451],[2.006268,41.329225],[2.005917,41.328744],[2.005124,41.327674],[2.004457,41.326773],[2.004353,41.326714],[2.004132,41.326602],[2.003969,41.32653],[2.003784,41.326443],[2.003556,41.326384],[2.00306,41.326307],[2.002936,41.326296],[2.002722,41.326283],[2.002568,41.32626],[2.002512,41.32625],[2.002455,41.326235],[2.00232,41.326183],[2.002223,41.326127],[2.002127,41.326059],[2.001979,41.325939],[2.00194,41.325905],[2.001814,41.325765],[2.001681,41.325651],[2.001554,41.325529],[2.0014,41.325398],[2.001264,41.325299],[2.00082,41.325042],[2.000314,41.324769],[2.000189,41.324696],[1.999808,41.324438],[1.999516,41.324219],[1.99893,41.323753],[1.998384,41.323564],[1.998195,41.323444],[1.998158,41.323436],[1.998046,41.323335],[1.99793,41.323277],[1.997821,41.323233],[1.997542,41.323141],[1.997417,41.323139],[1.997285,41.323121],[1.996877,41.322988],[1.996762,41.322942],[1.99645,41.322903],[1.996285,41.32291],[1.99607,41.322946],[1.995485,41.323007],[1.995105,41.322942],[1.994971,41.322942],[1.994788,41.322923],[1.994678,41.322889],[1.994578,41.322815],[1.994376,41.322653],[1.994205,41.32255],[1.994036,41.322455],[1.993968,41.322377],[1.993932,41.322342],[1.993628,41.322193],[1.993457,41.322128],[1.993331,41.322072],[1.993232,41.322036],[1.993117,41.322001],[1.992887,41.321941],[1.992652,41.321865],[1.992585,41.321852],[1.992511,41.321841],[1.99228,41.32182],[1.991825,41.321842],[1.991794,41.321841],[1.991656,41.32182],[1.991479,41.321783],[1.991392,41.321761],[1.991079,41.321744],[1.991016,41.321745],[1.990931,41.321736],[1.990531,41.321593],[1.990245,41.321476],[1.990077,41.321395],[1.98995,41.321337],[1.989707,41.321241],[1.989595,41.32119],[1.989435,41.321129],[1.989176,41.320994],[1.989162,41.320981],[1.989119,41.320884],[1.989122,41.320765],[1.989179,41.32056],[1.989285,41.320337],[1.98955,41.319908],[1.989858,41.3195],[1.990102,41.31927],[1.990234,41.319141],[1.989018,41.31592],[1.988234,41.314087],[1.988237,41.314013],[1.987791,41.314071],[1.987924,41.313624],[1.987604,41.313647],[1.986855,41.31385],[1.986509,41.314171],[1.985978,41.314564],[1.98571,41.314647],[1.984887,41.315133],[1.98409,41.315177],[1.983782,41.315523],[1.983205,41.31562],[1.982814,41.316295],[1.981813,41.316788],[1.980754,41.318248],[1.980209,41.318307],[1.97954,41.318138],[1.97925,41.318097],[1.979018,41.318503],[1.978765,41.318631],[1.978361,41.318649],[1.977041,41.319192],[1.975831,41.31946],[1.97511,41.319717],[1.97305,41.319788],[1.97198,41.320014],[1.971387,41.320067],[1.970891,41.319981],[1.969992,41.320407],[1.96881,41.320728],[1.967784,41.320592],[1.967264,41.32066],[1.966378,41.320941],[1.965137,41.321112],[1.96476,41.321335],[1.964396,41.321738],[1.964042,41.32242],[1.962357,41.322241],[1.961685,41.322054],[1.958294,41.320796],[1.957072,41.322631],[1.95631,41.322511],[1.955923,41.322293],[1.955675,41.322322],[1.955059,41.32333]]]}},{"type":"Feature","properties":{"nationalCode":"34090808205","name":"Sant Cugat del Vallès"},"geometry":{"type":"Polygon","coordinates":[[[1.99973,41.460241],[2.00002,41.460422],[2.000401,41.460676],[2.001031,41.461047],[2.001517,41.461268],[2.001917,41.461425],[2.002166,41.461514],[2.002375,41.461599],[2.00264,41.461643],[2.002905,41.461671],[2.002979,41.461677],[2.003279,41.461681],[2.006634,41.46149],[2.007948,41.461521],[2.009153,41.461626],[2.010661,41.461922],[2.01085,41.461974],[2.010878,41.461981],[2.012548,41.462461],[2.013487,41.462856],[2.013838,41.463002],[2.014125,41.46313],[2.014417,41.463308],[2.014611,41.463565],[2.014651,41.463809],[2.01463,41.464068],[2.01456,41.4643],[2.014455,41.464508],[2.014498,41.465204],[2.014628,41.465694],[2.014878,41.466156],[2.015332,41.466681],[2.015783,41.467247],[2.016497,41.467993],[2.01714,41.468479],[2.017972,41.46886],[2.019155,41.469072],[2.02038,41.469013],[2.02191,41.46867],[2.024238,41.46807],[2.024849,41.467855],[2.026181,41.467216],[2.027209,41.46682],[2.027638,41.466688],[2.02769,41.466679],[2.027894,41.466664],[2.028066,41.466667],[2.028504,41.46678],[2.02885,41.466932],[2.029141,41.467185],[2.029254,41.467372],[2.029418,41.467415],[2.029522,41.467464],[2.029553,41.467484],[2.029605,41.46752],[2.029624,41.467531],[2.029676,41.46755],[2.029699,41.467558],[2.02972,41.467568],[2.029804,41.467612],[2.029835,41.467638],[2.029925,41.467717],[2.030036,41.467795],[2.030075,41.467816],[2.030284,41.467925],[2.030324,41.46795],[2.030362,41.467983],[2.030383,41.468001],[2.030421,41.46803],[2.030467,41.46806],[2.030559,41.468106],[2.030772,41.468218],[2.030852,41.468265],[2.030961,41.46832],[2.031,41.468345],[2.031044,41.468377],[2.031103,41.468451],[2.031128,41.468468],[2.031189,41.468492],[2.031236,41.468507],[2.031271,41.468522],[2.031312,41.468553],[2.031356,41.46858],[2.031441,41.468614],[2.031505,41.468643],[2.03155,41.468656],[2.03162,41.468673],[2.031673,41.468694],[2.031731,41.468723],[2.031788,41.468766],[2.031835,41.468811],[2.031874,41.468838],[2.031926,41.46888],[2.031979,41.468949],[2.032026,41.469006],[2.032074,41.469056],[2.032105,41.469081],[2.032112,41.469087],[2.03212,41.4691],[2.032137,41.469136],[2.032142,41.469146],[2.032162,41.469177],[2.032177,41.469194],[2.032191,41.469209],[2.032235,41.469264],[2.032257,41.469287],[2.03228,41.469312],[2.032301,41.469342],[2.032323,41.469368],[2.032337,41.469381],[2.032353,41.469392],[2.032367,41.469397],[2.032388,41.469401],[2.0324,41.469406],[2.032416,41.469422],[2.032456,41.469473],[2.032495,41.469525],[2.032557,41.469594],[2.032615,41.469661],[2.032684,41.469712],[2.032703,41.469721],[2.032732,41.469731],[2.032779,41.469741],[2.032911,41.469758],[2.032937,41.46976],[2.033014,41.469765],[2.033026,41.469765],[2.03306,41.469765],[2.033077,41.469763],[2.033093,41.469762],[2.033109,41.469758],[2.033187,41.469725],[2.033262,41.469702],[2.033279,41.469698],[2.033306,41.469694],[2.033337,41.469697],[2.033364,41.469703],[2.033384,41.469713],[2.033404,41.469723],[2.033459,41.469755],[2.033513,41.46978],[2.033545,41.469793],[2.03364,41.469838],[2.033682,41.469857],[2.033707,41.469869],[2.033725,41.469882],[2.033741,41.469907],[2.03375,41.469929],[2.033761,41.469956],[2.03378,41.469981],[2.033786,41.469994],[2.03379,41.470053],[2.033798,41.470116],[2.03381,41.470161],[2.033812,41.470191],[2.033803,41.470231],[2.033807,41.470241],[2.033812,41.470247],[2.033818,41.470253],[2.033816,41.470273],[2.033811,41.470283],[2.0338,41.470302],[2.033782,41.470327],[2.033743,41.470372],[2.033729,41.470396],[2.033711,41.470415],[2.033676,41.470445],[2.033659,41.470465],[2.033655,41.470473],[2.033652,41.470483],[2.033654,41.470513],[2.033663,41.470558],[2.033672,41.470604],[2.033679,41.470628],[2.033701,41.470687],[2.033724,41.470726],[2.033754,41.47077],[2.033812,41.470872],[2.033858,41.470936],[2.033881,41.470985],[2.033884,41.470991],[2.033901,41.471009],[2.033918,41.471018],[2.033935,41.47103],[2.033948,41.471051],[2.033954,41.471059],[2.033965,41.471082],[2.034002,41.471136],[2.034034,41.471168],[2.034052,41.471182],[2.034072,41.471196],[2.03411,41.471214],[2.034134,41.471227],[2.034149,41.47124],[2.034165,41.471265],[2.034178,41.471312],[2.034182,41.471326],[2.034194,41.471349],[2.034203,41.471362],[2.034214,41.471368],[2.034228,41.471373],[2.034285,41.471378],[2.034297,41.471379],[2.034325,41.471382],[2.034356,41.471388],[2.034397,41.471394],[2.034452,41.471412],[2.034541,41.471434],[2.034576,41.47145],[2.03461,41.471467],[2.034664,41.471506],[2.034717,41.471535],[2.034769,41.471559],[2.034834,41.471593],[2.034906,41.471632],[2.034943,41.471657],[2.034981,41.471681],[2.035049,41.471718],[2.035108,41.471753],[2.035131,41.471768],[2.03516,41.471798],[2.035192,41.471829],[2.03523,41.47185],[2.035243,41.471857],[2.035278,41.471886],[2.035308,41.471916],[2.035336,41.47195],[2.035372,41.472001],[2.035408,41.472052],[2.035434,41.472087],[2.03546,41.47212],[2.035488,41.472153],[2.035526,41.472202],[2.035574,41.472259],[2.035622,41.472308],[2.035647,41.472339],[2.035657,41.472357],[2.035666,41.472392],[2.035677,41.472428],[2.035689,41.472454],[2.035703,41.472479],[2.03573,41.472533],[2.035741,41.472568],[2.035764,41.472613],[2.035786,41.47265],[2.035804,41.472687],[2.035814,41.472716],[2.035817,41.472753],[2.035816,41.472796],[2.035806,41.472827],[2.035792,41.472853],[2.03577,41.472878],[2.035728,41.472918],[2.03568,41.472953],[2.035645,41.472977],[2.035635,41.47299],[2.035609,41.473037],[2.035605,41.473056],[2.035611,41.473099],[2.035614,41.473113],[2.035635,41.473165],[2.035664,41.473208],[2.035702,41.473265],[2.035751,41.473337],[2.035803,41.473406],[2.03585,41.473453],[2.035888,41.473491],[2.035937,41.473547],[2.035968,41.473577],[2.035996,41.473596],[2.036015,41.473607],[2.03606,41.473628],[2.036086,41.47364],[2.03622,41.473698],[2.036287,41.473719],[2.036352,41.473734],[2.036425,41.473754],[2.036475,41.473775],[2.036491,41.473787],[2.036867,41.474186],[2.036963,41.474276],[2.037022,41.474336],[2.037082,41.474404],[2.0376,41.475055],[2.038114,41.475715],[2.038154,41.475759],[2.038175,41.475783],[2.038193,41.475798],[2.038209,41.475823],[2.038231,41.47585],[2.038233,41.475854],[2.038243,41.475898],[2.038245,41.475904],[2.038252,41.475922],[2.03827,41.475957],[2.038282,41.475984],[2.038313,41.476029],[2.038321,41.476043],[2.038324,41.476061],[2.038327,41.476101],[2.038334,41.47612],[2.038348,41.476157],[2.038354,41.476175],[2.03837,41.476202],[2.038401,41.476229],[2.038418,41.476244],[2.038453,41.47626],[2.038474,41.476267],[2.038521,41.476276],[2.03857,41.476285],[2.038623,41.476296],[2.038657,41.476304],[2.038682,41.476308],[2.03873,41.47632],[2.038775,41.476333],[2.03897,41.476396],[2.039142,41.476445],[2.03922,41.476495],[2.039279,41.476575],[2.039307,41.476621],[2.039376,41.47677],[2.039384,41.476824],[2.039364,41.47688],[2.039309,41.47691],[2.03901,41.477036],[2.038908,41.477093],[2.038807,41.477148],[2.038724,41.477193],[2.038704,41.477204],[2.038661,41.477237],[2.038593,41.477292],[2.038572,41.477322],[2.03855,41.477376],[2.03854,41.477408],[2.038513,41.477449],[2.038481,41.477499],[2.03847,41.477514],[2.038465,41.47753],[2.038474,41.477559],[2.03848,41.477576],[2.038492,41.477629],[2.038503,41.477676],[2.038516,41.477786],[2.038528,41.477821],[2.038551,41.477861],[2.038555,41.477881],[2.038555,41.477898],[2.038537,41.477954],[2.038517,41.478026],[2.038509,41.478073],[2.038506,41.478124],[2.038497,41.478157],[2.038462,41.478244],[2.038447,41.478289],[2.038443,41.47833],[2.038427,41.478384],[2.03842,41.478453],[2.038425,41.478475],[2.038433,41.478496],[2.038515,41.478609],[2.038544,41.478641],[2.038608,41.478703],[2.03863,41.478729],[2.038662,41.478757],[2.038739,41.478809],[2.038789,41.478846],[2.038804,41.478859],[2.038858,41.478913],[2.038894,41.478948],[2.038997,41.479032],[2.03903,41.47906],[2.039064,41.479086],[2.039103,41.479117],[2.039112,41.479123],[2.03914,41.479153],[2.039165,41.479187],[2.039186,41.479219],[2.039216,41.479294],[2.039237,41.479346],[2.039246,41.479382],[2.039267,41.479453],[2.03929,41.479522],[2.03931,41.479605],[2.03934,41.479663],[2.039365,41.479717],[2.039388,41.479812],[2.039518,41.480093],[2.039695,41.480467],[2.039739,41.480546],[2.039799,41.480662],[2.039837,41.48075],[2.039858,41.480811],[2.039867,41.480829],[2.039875,41.48084],[2.039902,41.480862],[2.039942,41.480904],[2.039998,41.480958],[2.040044,41.480988],[2.040077,41.481003],[2.040107,41.481011],[2.040137,41.481015],[2.040216,41.48102],[2.04025,41.481023],[2.040334,41.481032],[2.040402,41.481041],[2.040461,41.481049],[2.040502,41.481049],[2.04058,41.481046],[2.040632,41.481041],[2.040906,41.481016],[2.040946,41.481009],[2.041031,41.480978],[2.041073,41.480957],[2.041155,41.480909],[2.041202,41.480874],[2.041255,41.480836],[2.041276,41.480824],[2.041303,41.480808],[2.041327,41.480798],[2.041365,41.480786],[2.041386,41.480782],[2.041417,41.480782],[2.041455,41.480788],[2.041509,41.480808],[2.04154,41.480822],[2.041578,41.480847],[2.0416,41.480867],[2.041634,41.480921],[2.041648,41.481013],[2.04168,41.481377],[2.041743,41.481677],[2.041773,41.481747],[2.041822,41.481841],[2.04197,41.48209],[2.042067,41.482224],[2.042203,41.482352],[2.042246,41.482416],[2.042266,41.482479],[2.042273,41.482541],[2.042266,41.482614],[2.042214,41.482766],[2.0422,41.482823],[2.042192,41.482867],[2.042187,41.482933],[2.042189,41.483009],[2.042197,41.483105],[2.042212,41.483165],[2.042294,41.483364],[2.042309,41.483418],[2.042325,41.483449],[2.042343,41.483474],[2.042451,41.483579],[2.042491,41.483617],[2.042531,41.483661],[2.042568,41.483697],[2.042626,41.483739],[2.04269,41.483776],[2.042748,41.483803],[2.042847,41.483848],[2.042931,41.483881],[2.042975,41.4839],[2.043002,41.483916],[2.04302,41.483935],[2.043032,41.483958],[2.043037,41.483977],[2.043042,41.484023],[2.043047,41.484059],[2.043056,41.484083],[2.043092,41.484133],[2.043162,41.484246],[2.043212,41.484341],[2.043312,41.484598],[2.043406,41.484855],[2.043444,41.48496],[2.043477,41.485025],[2.04351,41.485078],[2.043532,41.485101],[2.043577,41.485128],[2.04363,41.485157],[2.043663,41.485178],[2.043697,41.485192],[2.043712,41.485203],[2.043721,41.485223],[2.043742,41.485244],[2.043789,41.48528],[2.043833,41.485324],[2.043894,41.48536],[2.043976,41.485406],[2.044049,41.48547],[2.0441,41.485493],[2.044163,41.485509],[2.044185,41.485516],[2.04423,41.485542],[2.044314,41.485596],[2.044383,41.485651],[2.044427,41.485689],[2.044536,41.485754],[2.044635,41.48581],[2.044701,41.485837],[2.044812,41.485874],[2.044835,41.485889],[2.044856,41.48591],[2.044958,41.48596],[2.045082,41.485994],[2.045178,41.48603],[2.045259,41.48605],[2.045312,41.486057],[2.04546,41.486064],[2.045561,41.486067],[2.045698,41.486062],[2.045746,41.486056],[2.045783,41.48605],[2.045792,41.486047],[2.046236,41.485961],[2.04632,41.485938],[2.046333,41.485928],[2.046354,41.485904],[2.046368,41.485885],[2.046382,41.485871],[2.046408,41.485859],[2.046436,41.485848],[2.046455,41.485843],[2.046483,41.485837],[2.04653,41.485835],[2.046566,41.485834],[2.046589,41.485836],[2.046654,41.485854],[2.046757,41.485893],[2.046829,41.485914],[2.046874,41.485923],[2.046905,41.48592],[2.046947,41.485899],[2.047015,41.485855],[2.047071,41.485809],[2.047084,41.485798],[2.04711,41.485783],[2.047142,41.485776],[2.047171,41.485778],[2.047208,41.48579],[2.047222,41.485798],[2.047243,41.485813],[2.047261,41.485837],[2.047262,41.485864],[2.047264,41.485875],[2.047258,41.485913],[2.047261,41.485936],[2.047273,41.48595],[2.047303,41.485962],[2.04735,41.485975],[2.047371,41.485978],[2.047413,41.485979],[2.04751,41.485977],[2.047577,41.485975],[2.047634,41.485964],[2.047664,41.485953],[2.047735,41.485939],[2.047769,41.485936],[2.047804,41.485935],[2.047854,41.485937],[2.047897,41.48594],[2.047946,41.48595],[2.047982,41.485959],[2.04799,41.485963],[2.048003,41.485973],[2.048016,41.48599],[2.048033,41.486009],[2.048047,41.486017],[2.048063,41.486026],[2.048079,41.486035],[2.048089,41.486046],[2.048094,41.486061],[2.048099,41.486098],[2.048097,41.486123],[2.048093,41.486134],[2.048077,41.486154],[2.048072,41.486161],[2.048041,41.486178],[2.048012,41.486203],[2.047998,41.486223],[2.047992,41.486263],[2.048001,41.486294],[2.048017,41.486336],[2.048047,41.486366],[2.048078,41.486392],[2.048132,41.486425],[2.048168,41.48645],[2.048194,41.486472],[2.048233,41.486529],[2.048314,41.486679],[2.04836,41.486736],[2.048392,41.486765],[2.048456,41.486804],[2.04854,41.486835],[2.048583,41.486843],[2.048676,41.48686],[2.048728,41.486879],[2.048765,41.486903],[2.048795,41.486934],[2.048813,41.48697],[2.048843,41.487052],[2.048851,41.4871],[2.048838,41.487193],[2.048827,41.487219],[2.048825,41.487236],[2.04882,41.487279],[2.048828,41.487303],[2.048845,41.487331],[2.048871,41.487356],[2.048917,41.48738],[2.048939,41.487396],[2.048952,41.487409],[2.048959,41.487423],[2.048974,41.487465],[2.048976,41.487486],[2.048972,41.487522],[2.048968,41.487543],[2.048956,41.487577],[2.048933,41.487621],[2.048908,41.487668],[2.048895,41.487692],[2.048887,41.487713],[2.048882,41.487727],[2.048878,41.487761],[2.048882,41.487797],[2.048893,41.487872],[2.0489,41.487921],[2.048923,41.488002],[2.048964,41.488117],[2.04901,41.488178],[2.049041,41.488214],[2.049109,41.488336],[2.04915,41.488441],[2.049161,41.488469],[2.049187,41.488514],[2.049229,41.48856],[2.049268,41.488596],[2.049318,41.488647],[2.049384,41.488747],[2.049438,41.488812],[2.049466,41.488851],[2.049477,41.488874],[2.049502,41.488914],[2.049515,41.488951],[2.049524,41.489012],[2.049528,41.489041],[2.049531,41.489046],[2.049536,41.489052],[2.049544,41.489057],[2.049554,41.489061],[2.049616,41.489079],[2.049628,41.489085],[2.049652,41.489102],[2.049657,41.489107],[2.04966,41.489112],[2.049661,41.489136],[2.049658,41.489196],[2.049656,41.489229],[2.049647,41.489257],[2.049641,41.489272],[2.049629,41.489289],[2.049607,41.489316],[2.049597,41.489326],[2.049586,41.48935],[2.049585,41.489394],[2.049586,41.489413],[2.049594,41.489451],[2.049595,41.489468],[2.049588,41.489494],[2.04956,41.489523],[2.049531,41.489548],[2.049492,41.48958],[2.049471,41.489598],[2.049428,41.489618],[2.049391,41.489631],[2.04938,41.489639],[2.049378,41.489656],[2.049383,41.489671],[2.049401,41.489696],[2.049404,41.489715],[2.049392,41.48974],[2.049378,41.489748],[2.04936,41.489753],[2.049317,41.489762],[2.049289,41.489767],[2.04928,41.489771],[2.049273,41.489778],[2.049269,41.489789],[2.04927,41.489813],[2.049273,41.489848],[2.049274,41.48987],[2.049268,41.489889],[2.04925,41.489924],[2.049222,41.489952],[2.049217,41.489958],[2.049208,41.489978],[2.049192,41.490028],[2.049188,41.490046],[2.049176,41.490079],[2.049157,41.490112],[2.049144,41.490154],[2.049135,41.490192],[2.049121,41.49022],[2.049103,41.490239],[2.049067,41.490269],[2.049053,41.490282],[2.049028,41.490319],[2.049019,41.490337],[2.049006,41.490393],[2.048996,41.490447],[2.048995,41.490474],[2.049011,41.490523],[2.049034,41.490567],[2.049059,41.490621],[2.049064,41.490665],[2.049066,41.490709],[2.049076,41.49074],[2.049098,41.490774],[2.049142,41.490836],[2.049183,41.490876],[2.049227,41.490907],[2.049269,41.490929],[2.049284,41.490939],[2.049302,41.490967],[2.049342,41.491107],[2.049357,41.491206],[2.049364,41.491252],[2.049367,41.491328],[2.049357,41.491424],[2.049348,41.491604],[2.049343,41.49164],[2.04934,41.491668],[2.049341,41.49172],[2.049343,41.491751],[2.049347,41.491761],[2.04936,41.491783],[2.049397,41.49181],[2.049432,41.491837],[2.049464,41.491867],[2.049524,41.49193],[2.049616,41.492022],[2.049641,41.492046],[2.049651,41.492058],[2.049661,41.492073],[2.049671,41.492087],[2.049676,41.492099],[2.049686,41.492144],[2.049692,41.492183],[2.049691,41.492217],[2.049682,41.492253],[2.049669,41.492289],[2.049661,41.492307],[2.049642,41.492372],[2.049638,41.492448],[2.049638,41.492484],[2.049649,41.49254],[2.049659,41.492574],[2.049664,41.492591],[2.049666,41.49261],[2.049669,41.492629],[2.049667,41.492666],[2.049665,41.492703],[2.049657,41.492741],[2.049646,41.492782],[2.049637,41.492854],[2.049634,41.492891],[2.049633,41.492945],[2.049633,41.492959],[2.049643,41.492986],[2.049654,41.493003],[2.049684,41.493051],[2.049713,41.493084],[2.049743,41.493117],[2.049769,41.493151],[2.049795,41.493185],[2.049833,41.493232],[2.049846,41.493247],[2.049874,41.493271],[2.049897,41.493301],[2.04994,41.493369],[2.049957,41.493402],[2.050006,41.49347],[2.050039,41.493522],[2.050058,41.493564],[2.050069,41.49361],[2.050086,41.493664],[2.050089,41.4937],[2.05009,41.49377],[2.050089,41.493796],[2.050071,41.49385],[2.05006,41.493927],[2.050058,41.493959],[2.050038,41.49403],[2.049994,41.49416],[2.049986,41.494179],[2.049958,41.494231],[2.049949,41.494248],[2.049938,41.494286],[2.049943,41.494323],[2.049949,41.494339],[2.049956,41.494375],[2.050047,41.494849],[2.05021,41.495386],[2.050237,41.495415],[2.050249,41.495448],[2.050247,41.495484],[2.050248,41.495513],[2.050255,41.495525],[2.050279,41.495552],[2.050328,41.495585],[2.050387,41.495612],[2.050429,41.495626],[2.050467,41.49564],[2.050514,41.495668],[2.050543,41.495695],[2.050587,41.495752],[2.050611,41.495795],[2.050619,41.495829],[2.050613,41.495854],[2.050597,41.495875],[2.050586,41.49591],[2.050588,41.495944],[2.050611,41.495985],[2.050644,41.496019],[2.05068,41.496063],[2.05073,41.496125],[2.050822,41.496259],[2.050859,41.496323],[2.050888,41.496392],[2.050895,41.496436],[2.050878,41.496525],[2.050857,41.496591],[2.050836,41.496657],[2.050828,41.4967],[2.050833,41.496742],[2.050873,41.496799],[2.050923,41.496842],[2.050983,41.496895],[2.051048,41.496967],[2.051093,41.497015],[2.05112,41.497045],[2.05117,41.497111],[2.051243,41.497188],[2.051315,41.497242],[2.051377,41.497279],[2.051438,41.497321],[2.051464,41.497346],[2.051534,41.497397],[2.051805,41.497624],[2.052199,41.497877],[2.052391,41.498085],[2.052454,41.498242],[2.052543,41.498465],[2.052544,41.498496],[2.052535,41.49855],[2.05252,41.498586],[2.052465,41.498665],[2.052409,41.498743],[2.052367,41.498831],[2.052344,41.498925],[2.052317,41.498968],[2.052285,41.499018],[2.052274,41.499052],[2.052275,41.499092],[2.052286,41.499162],[2.052294,41.499265],[2.052303,41.499388],[2.052328,41.499514],[2.052361,41.499679],[2.052393,41.499845],[2.052545,41.500469],[2.052574,41.50096],[2.052665,41.50114],[2.052779,41.501243],[2.053012,41.501376],[2.053162,41.50151],[2.053265,41.501613],[2.053368,41.501715],[2.053444,41.501866],[2.053486,41.502051],[2.053495,41.502275],[2.0535,41.502337],[2.053534,41.502411],[2.053584,41.502539],[2.053633,41.502614],[2.053646,41.502667],[2.053655,41.502736],[2.053667,41.502787],[2.053757,41.502965],[2.054799,41.502886],[2.055614,41.50272],[2.055312,41.5054],[2.055496,41.505484],[2.054757,41.50686],[2.05466,41.507004],[2.054502,41.50721],[2.054495,41.507218],[2.054453,41.507265],[2.054436,41.507286],[2.054414,41.507318],[2.054401,41.507349],[2.054396,41.507376],[2.054392,41.507405],[2.054388,41.507423],[2.05437,41.507495],[2.054366,41.507538],[2.054366,41.507575],[2.054367,41.507641],[2.054371,41.507678],[2.054369,41.50771],[2.054359,41.507738],[2.054346,41.507761],[2.054332,41.50778],[2.054321,41.507807],[2.054316,41.507839],[2.054317,41.507862],[2.054321,41.507875],[2.054327,41.507891],[2.054354,41.507924],[2.054367,41.507951],[2.054368,41.507976],[2.054363,41.50803],[2.054331,41.50816],[2.054327,41.508195],[2.054318,41.508236],[2.054305,41.508291],[2.054293,41.508326],[2.054289,41.508352],[2.054289,41.508387],[2.054296,41.508411],[2.054306,41.508453],[2.054321,41.508663],[2.054319,41.508713],[2.054314,41.508753],[2.054314,41.508765],[2.054319,41.5088],[2.054324,41.50881],[2.054343,41.508841],[2.054418,41.508982],[2.054488,41.509072],[2.05454,41.50914],[2.054557,41.509189],[2.054556,41.509239],[2.054449,41.509822],[2.050927,41.512179],[2.051271,41.512408],[2.051586,41.512521],[2.0519,41.512724],[2.052326,41.513101],[2.05246,41.513176],[2.052644,41.513262],[2.052711,41.513328],[2.052766,41.513413],[2.052793,41.513514],[2.052817,41.513687],[2.052852,41.513767],[2.052903,41.513848],[2.052945,41.5139],[2.053078,41.513976],[2.053307,41.514082],[2.053398,41.514153],[2.053455,41.514226],[2.053605,41.514416],[2.053721,41.514571],[2.053957,41.514777],[2.053998,41.514813],[2.054112,41.514885],[2.054177,41.514907],[2.054404,41.514932],[2.054572,41.514997],[2.054876,41.515156],[2.055082,41.515305],[2.055318,41.515444],[2.055458,41.51559],[2.055543,41.515733],[2.055861,41.515886],[2.056153,41.515978],[2.05628,41.515998],[2.056398,41.516006],[2.05653,41.516037],[2.056649,41.516129],[2.056791,41.516314],[2.056873,41.516403],[2.056961,41.516533],[2.057174,41.516941],[2.057314,41.517229],[2.057483,41.517477],[2.057553,41.51776],[2.057676,41.51814],[2.057771,41.518383],[2.057802,41.518497],[2.058014,41.518686],[2.058183,41.518703],[2.05868,41.51879],[2.058872,41.51877],[2.05912,41.51871],[2.059257,41.518703],[2.059375,41.518717],[2.059449,41.518774],[2.059513,41.518853],[2.059871,41.519006],[2.060411,41.519161],[2.060589,41.5192],[2.060734,41.519267],[2.060827,41.519307],[2.061158,41.519394],[2.061562,41.519364],[2.061827,41.519354],[2.061941,41.519361],[2.062061,41.519371],[2.062201,41.519389],[2.06228,41.519406],[2.062444,41.519461],[2.062517,41.519479],[2.062805,41.519486],[2.062983,41.519458],[2.063218,41.519464],[2.063366,41.51949],[2.063866,41.519637],[2.064334,41.519048],[2.064427,41.517315],[2.064442,41.517162],[2.064437,41.517113],[2.064432,41.517044],[2.064422,41.516973],[2.064419,41.516919],[2.064415,41.516848],[2.064413,41.516774],[2.064411,41.516731],[2.064413,41.5167],[2.06442,41.516618],[2.064427,41.516518],[2.064434,41.516389],[2.064442,41.516293],[2.064457,41.516161],[2.064472,41.516039],[2.064488,41.515921],[2.064503,41.515834],[2.06452,41.515761],[2.064544,41.515671],[2.06457,41.515608],[2.06465,41.515417],[2.064652,41.515376],[2.064652,41.515354],[2.064649,41.51528],[2.064645,41.51513],[2.064642,41.515033],[2.064641,41.51499],[2.064641,41.514985],[2.06464,41.514954],[2.064638,41.514894],[2.064637,41.514848],[2.064631,41.514721],[2.064629,41.5147],[2.064628,41.514686],[2.064625,41.514658],[2.064623,41.514645],[2.06462,41.514617],[2.064616,41.514589],[2.064608,41.514533],[2.064588,41.514373],[2.064566,41.514192],[2.064548,41.514047],[2.064532,41.513925],[2.064526,41.513864],[2.06452,41.513748],[2.064511,41.513584],[2.064505,41.51346],[2.064499,41.513341],[2.064503,41.513241],[2.064512,41.513161],[2.064518,41.513122],[2.064526,41.513083],[2.064546,41.513006],[2.064587,41.512883],[2.06462,41.512802],[2.064639,41.512761],[2.064664,41.512717],[2.064714,41.512648],[2.06469,41.512631],[2.064788,41.5125],[2.064853,41.512413],[2.064901,41.512351],[2.064987,41.512256],[2.065122,41.512131],[2.065262,41.512014],[2.065359,41.511928],[2.065395,41.511892],[2.065417,41.511856],[2.06544,41.511806],[2.065508,41.511641],[2.065527,41.511605],[2.065548,41.51158],[2.065629,41.511504],[2.065718,41.511437],[2.065806,41.511368],[2.065898,41.511293],[2.065974,41.511225],[2.066047,41.511153],[2.066097,41.511098],[2.06614,41.511053],[2.066165,41.511021],[2.06618,41.510994],[2.066192,41.510969],[2.066201,41.510943],[2.066209,41.51091],[2.066214,41.510861],[2.066218,41.510786],[2.066222,41.51075],[2.066226,41.510711],[2.066236,41.510672],[2.066256,41.510626],[2.066281,41.510584],[2.066308,41.510547],[2.066335,41.510515],[2.066368,41.510481],[2.066423,41.51043],[2.066454,41.510404],[2.066496,41.510374],[2.066547,41.510344],[2.066593,41.510317],[2.066638,41.510284],[2.066661,41.510254],[2.066678,41.510223],[2.066684,41.510188],[2.066678,41.510163],[2.066663,41.510133],[2.066641,41.510105],[2.066601,41.510064],[2.066567,41.510026],[2.06654,41.509988],[2.066518,41.509949],[2.066507,41.509917],[2.066503,41.509894],[2.066502,41.509868],[2.066507,41.509802],[2.066517,41.509737],[2.066529,41.509684],[2.066544,41.509642],[2.066575,41.509582],[2.0666,41.509541],[2.066633,41.5095],[2.06667,41.50946],[2.066709,41.509419],[2.066743,41.509389],[2.066801,41.509342],[2.066845,41.509313],[2.066891,41.509288],[2.066956,41.509261],[2.067016,41.509245],[2.067082,41.509234],[2.067262,41.509215],[2.067341,41.509206],[2.067442,41.509195],[2.067554,41.509186],[2.067615,41.50918],[2.067694,41.509171],[2.067754,41.509163],[2.067824,41.509152],[2.067932,41.509132],[2.068048,41.50911],[2.068124,41.509094],[2.068253,41.509074],[2.068321,41.509063],[2.068474,41.509037],[2.068588,41.509021],[2.068695,41.509009],[2.068757,41.509003],[2.068815,41.509003],[2.06886,41.509006],[2.0689,41.50901],[2.068948,41.509024],[2.069004,41.50904],[2.069057,41.509047],[2.069109,41.509047],[2.069159,41.509039],[2.069199,41.50903],[2.069233,41.509015],[2.069269,41.508993],[2.069306,41.508961],[2.069393,41.508872],[2.069443,41.50882],[2.069497,41.50877],[2.069553,41.508732],[2.069634,41.508675],[2.069699,41.508635],[2.069781,41.508588],[2.06985,41.508552],[2.069933,41.508513],[2.070016,41.508481],[2.070075,41.50846],[2.070192,41.50843],[2.07029,41.508404],[2.070348,41.508384],[2.070403,41.50836],[2.070462,41.508327],[2.070504,41.508285],[2.07057,41.508201],[2.070663,41.508045],[2.07073,41.507928],[2.070802,41.507751],[2.070842,41.507669],[2.070881,41.507627],[2.071036,41.507466],[2.071148,41.507377],[2.071586,41.507167],[2.071697,41.507117],[2.071978,41.506987],[2.072103,41.506933],[2.072201,41.506908],[2.072317,41.506898],[2.072482,41.506893],[2.072608,41.506894],[2.072752,41.506905],[2.072848,41.506918],[2.072947,41.506939],[2.072994,41.506953],[2.073073,41.506976],[2.073201,41.507014],[2.073375,41.507077],[2.073489,41.507119],[2.07358,41.507139],[2.073713,41.507157],[2.073843,41.507164],[2.073974,41.507165],[2.074242,41.507139],[2.07448,41.507116],[2.075184,41.506599],[2.075361,41.505961],[2.075295,41.505261],[2.074937,41.504665],[2.074996,41.503744],[2.07529,41.502606],[2.075171,41.501999],[2.074812,41.501547],[2.074897,41.501102],[2.075203,41.500413],[2.075019,41.500052],[2.07491,41.499733],[2.074362,41.49901],[2.07463,41.497998],[2.074458,41.497484],[2.078655,41.495407],[2.078971,41.495168],[2.081094,41.491298],[2.082449,41.48882],[2.084793,41.487402],[2.093289,41.481704],[2.095434,41.480195],[2.097698,41.478078],[2.100199,41.475626],[2.101472,41.474615],[2.102293,41.473642],[2.103198,41.473269],[2.104275,41.472969],[2.10461,41.47281],[2.104797,41.472603],[2.104777,41.472343],[2.104574,41.47174],[2.105546,41.470247],[2.105611,41.469857],[2.106077,41.468486],[2.106283,41.468207],[2.106699,41.467864],[2.108174,41.467141],[2.110563,41.466621],[2.111952,41.466028],[2.112756,41.465893],[2.113408,41.465972],[2.113878,41.465861],[2.115129,41.465778],[2.116474,41.465844],[2.117434,41.466026],[2.117153,41.464733],[2.117017,41.464379],[2.11618,41.463174],[2.116127,41.462808],[2.116234,41.462182],[2.115948,41.461438],[2.115896,41.460018],[2.116685,41.459866],[2.116903,41.458983],[2.117418,41.458834],[2.117703,41.45865],[2.117975,41.456486],[2.11982,41.455755],[2.119899,41.455536],[2.119211,41.453496],[2.119632,41.452604],[2.11963,41.451974],[2.119747,41.451185],[2.119761,41.450293],[2.119917,41.450007],[2.120513,41.449215],[2.121611,41.448563],[2.121801,41.448249],[2.121797,41.448042],[2.121955,41.447918],[2.123229,41.447537],[2.123653,41.447302],[2.124567,41.44645],[2.125744,41.445444],[2.126846,41.444845],[2.127532,41.444598],[2.128389,41.443939],[2.128931,41.443681],[2.129943,41.443029],[2.129967,41.44265],[2.129945,41.442474],[2.129804,41.442348],[2.12965,41.442099],[2.129601,41.442048],[2.1295,41.441913],[2.129512,41.441744],[2.129925,41.441168],[2.129956,41.441086],[2.129958,41.440952],[2.129928,41.44067],[2.129901,41.440597],[2.129846,41.440542],[2.129447,41.440234],[2.129388,41.440174],[2.129351,41.440085],[2.129373,41.439928],[2.129398,41.439582],[2.129365,41.439383],[2.129472,41.438829],[2.129474,41.43873],[2.12942,41.438499],[2.129296,41.438019],[2.129274,41.437909],[2.129262,41.437737],[2.129237,41.437663],[2.129218,41.437624],[2.128652,41.436916],[2.128614,41.43679],[2.12859,41.436634],[2.128601,41.436598],[2.128771,41.436289],[2.1288,41.436208],[2.128843,41.435813],[2.128801,41.435689],[2.128787,41.435596],[2.128788,41.435544],[2.128805,41.43539],[2.128819,41.435319],[2.128843,41.435251],[2.128844,41.435178],[2.128836,41.435105],[2.128797,41.434948],[2.12877,41.434883],[2.128691,41.434772],[2.12863,41.434671],[2.128496,41.434391],[2.128449,41.434326],[2.128385,41.434225],[2.128331,41.43406],[2.128309,41.433949],[2.12831,41.433866],[2.128331,41.433739],[2.128301,41.433522],[2.128271,41.433509],[2.128154,41.433476],[2.127695,41.433266],[2.127537,41.43314],[2.127345,41.432845],[2.127266,41.432632],[2.126793,41.432144],[2.126696,41.43205],[2.126521,41.431847],[2.126424,41.431675],[2.126527,41.43161],[2.12411,41.429614],[2.123871,41.429439],[2.123668,41.429315],[2.122658,41.428762],[2.122759,41.428664],[2.122821,41.428684],[2.122922,41.428702],[2.123004,41.428706],[2.123082,41.428694],[2.121997,41.426528],[2.121268,41.425831],[2.12122,41.425868],[2.121183,41.425887],[2.121116,41.42591],[2.121028,41.425933],[2.12096,41.425943],[2.120888,41.425946],[2.120753,41.425935],[2.119559,41.42574],[2.119282,41.425868],[2.118935,41.425813],[2.118479,41.425968],[2.118061,41.426138],[2.117746,41.426218],[2.117105,41.426269],[2.116809,41.426415],[2.116322,41.426662],[2.115661,41.426777],[2.115461,41.426877],[2.115409,41.426949],[2.115406,41.427187],[2.115433,41.42738],[2.115417,41.427494],[2.115364,41.427594],[2.115083,41.427817],[2.114479,41.428061],[2.114183,41.42815],[2.113754,41.428326],[2.113559,41.428399],[2.113324,41.428504],[2.113007,41.42837],[2.11294,41.42836],[2.112874,41.428379],[2.112463,41.428591],[2.112377,41.428611],[2.112337,41.428613],[2.11226,41.428597],[2.112198,41.428575],[2.112162,41.428555],[2.112022,41.428425],[2.111989,41.428402],[2.111923,41.428372],[2.111864,41.42835],[2.111741,41.428334],[2.11141,41.42831],[2.111164,41.428287],[2.111015,41.428284],[2.110943,41.428291],[2.110149,41.428476],[2.109713,41.428417],[2.109201,41.428728],[2.109006,41.428751],[2.108403,41.428722],[2.10772,41.428635],[2.106679,41.428633],[2.106341,41.428503],[2.105854,41.428564],[2.10581,41.428615],[2.105745,41.428784],[2.105536,41.428805],[2.105306,41.428839],[2.104363,41.428529],[2.104043,41.428361],[2.103595,41.42811],[2.10322,41.428074],[2.102981,41.428262],[2.102706,41.428432],[2.102607,41.428475],[2.10252,41.428501],[2.102131,41.428669],[2.10211,41.428686],[2.101938,41.428956],[2.101842,41.429088],[2.101696,41.42922],[2.101384,41.429521],[2.101295,41.429613],[2.101274,41.429645],[2.101261,41.429679],[2.101261,41.429711],[2.101267,41.429716],[2.101263,41.429725],[2.101146,41.429788],[2.10097,41.429838],[2.100682,41.429905],[2.0999,41.430111],[2.099556,41.430138],[2.099146,41.430122],[2.098795,41.430754],[2.098725,41.43089],[2.098852,41.43131],[2.098907,41.431468],[2.098927,41.431574],[2.098941,41.431699],[2.098812,41.431749],[2.098511,41.431928],[2.097656,41.432222],[2.097212,41.432447],[2.097085,41.432501],[2.096994,41.432613],[2.096964,41.432641],[2.096909,41.432673],[2.096864,41.432693],[2.096724,41.432737],[2.096316,41.433104],[2.096234,41.433171],[2.096069,41.433272],[2.095733,41.433091],[2.095586,41.432926],[2.095489,41.432854],[2.095391,41.432845],[2.094837,41.432756],[2.094713,41.432759],[2.094519,41.432556],[2.094325,41.432395],[2.094177,41.432186],[2.094148,41.432159],[2.094072,41.43211],[2.094039,41.432034],[2.093929,41.431713],[2.093837,41.431649],[2.093751,41.431537],[2.093634,41.431313],[2.0936,41.431269],[2.093511,41.431181],[2.093395,41.431041],[2.093341,41.430983],[2.093088,41.430833],[2.093049,41.430793],[2.092996,41.430754],[2.092945,41.430729],[2.092905,41.430681],[2.09285,41.430545],[2.092797,41.430435],[2.092767,41.430388],[2.092708,41.430312],[2.092624,41.430243],[2.09252,41.430187],[2.092497,41.430165],[2.092448,41.430057],[2.09244,41.430023],[2.092443,41.429933],[2.092428,41.429816],[2.092288,41.429613],[2.092137,41.429547],[2.092056,41.42953],[2.091941,41.429525],[2.091752,41.429487],[2.09159,41.429368],[2.091498,41.429291],[2.091428,41.429243],[2.09133,41.429213],[2.091137,41.429188],[2.091117,41.429177],[2.091033,41.429098],[2.091007,41.429067],[2.090993,41.428964],[2.090835,41.428813],[2.090426,41.428644],[2.09016,41.428871],[2.090033,41.428939],[2.089206,41.429214],[2.089103,41.429216],[2.089059,41.429205],[2.089016,41.429183],[2.088977,41.429144],[2.088938,41.429073],[2.088931,41.429005],[2.088906,41.428908],[2.088852,41.428817],[2.088822,41.42874],[2.08879,41.428622],[2.088328,41.428646],[2.088109,41.428676],[2.087675,41.428751],[2.08726,41.428784],[2.086913,41.428836],[2.086457,41.42888],[2.086157,41.428915],[2.086061,41.428939],[2.085936,41.428984],[2.085892,41.428993],[2.085733,41.429002],[2.085576,41.42907],[2.085551,41.429103],[2.08543,41.42923],[2.08539,41.429293],[2.085369,41.429316],[2.08409,41.429888],[2.08389,41.429973],[2.083807,41.430034],[2.083743,41.430093],[2.083704,41.430165],[2.083706,41.430241],[2.083728,41.43029],[2.083853,41.430418],[2.083802,41.430497],[2.083669,41.430647],[2.083418,41.430853],[2.083334,41.430823],[2.083296,41.430814],[2.083056,41.430799],[2.082991,41.430785],[2.082758,41.430758],[2.082664,41.430764],[2.082632,41.430773],[2.082611,41.430785],[2.082596,41.430802],[2.082564,41.430889],[2.08248,41.431037],[2.08246,41.431092],[2.082451,41.431138],[2.082451,41.431185],[2.08246,41.431226],[2.082516,41.43133],[2.082582,41.431481],[2.082496,41.431539],[2.082318,41.431629],[2.082195,41.431665],[2.082103,41.431673],[2.082037,41.43167],[2.081437,41.431576],[2.081388,41.43152],[2.081225,41.431376],[2.081173,41.431323],[2.081142,41.431282],[2.08112,41.431241],[2.081108,41.431201],[2.081105,41.431166],[2.08111,41.431131],[2.081123,41.431103],[2.081195,41.431017],[2.081209,41.430992],[2.081216,41.430961],[2.081218,41.430863],[2.081226,41.430829],[2.081252,41.430767],[2.081253,41.430746],[2.081246,41.430731],[2.081226,41.430714],[2.081173,41.430684],[2.08112,41.430663],[2.081056,41.430646],[2.080982,41.430633],[2.08091,41.430628],[2.080844,41.43063],[2.08077,41.430639],[2.080687,41.430656],[2.080428,41.430725],[2.080353,41.430752],[2.080284,41.430784],[2.080217,41.430823],[2.080176,41.430853],[2.080152,41.43088],[2.080138,41.430905],[2.080133,41.430931],[2.080137,41.430954],[2.080174,41.431015],[2.080181,41.43104],[2.080173,41.431136],[2.080178,41.43116],[2.080231,41.431246],[2.080246,41.431284],[2.080258,41.431337],[2.080267,41.431423],[2.080267,41.431505],[2.08026,41.431559],[2.080216,41.431707],[2.080198,41.43174],[2.080173,41.431768],[2.080133,41.4318],[2.07997,41.43189],[2.07993,41.431906],[2.079886,41.431916],[2.079635,41.431943],[2.079585,41.431943],[2.079475,41.431934],[2.079206,41.431948],[2.079059,41.431984],[2.079018,41.431989],[2.078831,41.431969],[2.078673,41.431958],[2.078599,41.431958],[2.078165,41.432035],[2.078026,41.432071],[2.077915,41.432106],[2.077823,41.432142],[2.077743,41.43218],[2.077544,41.4323],[2.077361,41.432394],[2.077313,41.432426],[2.077217,41.432519],[2.077082,41.432619],[2.076894,41.43277],[2.076714,41.43285],[2.0761,41.432914],[2.075585,41.432937],[2.0754,41.432936],[2.075349,41.432952],[2.075294,41.432962],[2.075174,41.43304],[2.075096,41.433195],[2.074951,41.433302],[2.074901,41.433348],[2.074868,41.433388],[2.074845,41.433444],[2.074847,41.433478],[2.074872,41.433567],[2.075058,41.433849],[2.075066,41.433871],[2.075064,41.433934],[2.075048,41.434001],[2.075045,41.434052],[2.07508,41.434183],[2.075128,41.434458],[2.075131,41.434504],[2.075124,41.434565],[2.074995,41.434865],[2.074772,41.435302],[2.074326,41.435353],[2.074192,41.435359],[2.073949,41.435348],[2.073886,41.43533],[2.073813,41.435295],[2.073784,41.435289],[2.073676,41.435282],[2.07349,41.435254],[2.073323,41.435244],[2.073187,41.435212],[2.073126,41.435218],[2.073092,41.435231],[2.073021,41.435271],[2.073,41.435287],[2.072863,41.43544],[2.072832,41.435459],[2.072754,41.435466],[2.072607,41.43546],[2.072555,41.435469],[2.072519,41.435488],[2.072522,41.435505],[2.072788,41.435752],[2.072922,41.435991],[2.07301,41.436101],[2.0731,41.436159],[2.073286,41.436348],[2.07334,41.436448],[2.073028,41.436607],[2.072613,41.436555],[2.0721,41.436402],[2.071813,41.436325],[2.071768,41.436302],[2.071666,41.436174],[2.071181,41.435301],[2.07106,41.435052],[2.070982,41.43474],[2.070938,41.434399],[2.070998,41.434193],[2.071184,41.433872],[2.071356,41.433353],[2.071475,41.433078],[2.072237,41.43204],[2.073122,41.430665],[2.073446,41.430505],[2.073602,41.430421],[2.073719,41.430368],[2.073908,41.430303],[2.074114,41.430207],[2.074333,41.43007],[2.074418,41.430005],[2.074461,41.429944],[2.074494,41.429916],[2.074532,41.429895],[2.074652,41.429845],[2.074876,41.429761],[2.074976,41.42971],[2.075065,41.429674],[2.075268,41.429613],[2.075418,41.429576],[2.075478,41.429552],[2.075542,41.429514],[2.075635,41.429438],[2.075727,41.429349],[2.075805,41.429255],[2.075831,41.429232],[2.07592,41.429178],[2.076096,41.42911],[2.076216,41.429069],[2.076305,41.429022],[2.076475,41.428903],[2.076617,41.428709],[2.075462,41.428359],[2.074586,41.428108],[2.073992,41.427983],[2.073818,41.427932],[2.073526,41.4278],[2.073221,41.427681],[2.073133,41.427627],[2.072992,41.427523],[2.073205,41.42746],[2.073228,41.427416],[2.073208,41.427294],[2.073139,41.427082],[2.073105,41.426892],[2.073088,41.426848],[2.073063,41.426749],[2.073011,41.426672],[2.072976,41.426591],[2.07295,41.426289],[2.072915,41.426212],[2.072817,41.426131],[2.072717,41.426057],[2.07264,41.425979],[2.072573,41.425872],[2.072544,41.425783],[2.072545,41.425757],[2.072618,41.42562],[2.072656,41.425586],[2.072726,41.425539],[2.072774,41.425494],[2.072788,41.425438],[2.072783,41.425374],[2.072763,41.425327],[2.072722,41.425186],[2.072705,41.425153],[2.073006,41.424989],[2.073053,41.424975],[2.073188,41.424944],[2.073424,41.424946],[2.073538,41.42493],[2.073639,41.424903],[2.07394,41.424859],[2.074026,41.424843],[2.074066,41.424824],[2.074148,41.424807],[2.074266,41.424808],[2.074396,41.424792],[2.07454,41.42478],[2.07461,41.42481],[2.074671,41.424829],[2.07477,41.424848],[2.074801,41.424867],[2.074926,41.424909],[2.075159,41.424996],[2.075324,41.424994],[2.075408,41.424979],[2.075447,41.424962],[2.075512,41.424944],[2.075612,41.424938],[2.075705,41.424925],[2.075948,41.424966],[2.076048,41.424978],[2.076075,41.424986],[2.076174,41.425003],[2.076326,41.425009],[2.076375,41.425026],[2.07647,41.425042],[2.076562,41.425043],[2.076628,41.425053],[2.076763,41.425044],[2.076781,41.425047],[2.076901,41.425049],[2.077139,41.425048],[2.077222,41.425038],[2.077409,41.425001],[2.077605,41.424943],[2.077981,41.424947],[2.078118,41.424942],[2.078311,41.424899],[2.078844,41.424684],[2.079234,41.424545],[2.079679,41.424469],[2.079813,41.424479],[2.079907,41.424466],[2.08005,41.424467],[2.080231,41.424486],[2.080278,41.424512],[2.080363,41.424571],[2.080544,41.424579],[2.080588,41.424412],[2.080962,41.424004],[2.080589,41.424059],[2.080552,41.424055],[2.080361,41.423987],[2.080246,41.42383],[2.080224,41.423728],[2.08026,41.423466],[2.080242,41.423362],[2.080161,41.423185],[2.080069,41.423065],[2.079063,41.422748],[2.078704,41.422661],[2.078053,41.422526],[2.077955,41.422488],[2.077908,41.422478],[2.077703,41.422489],[2.077598,41.422489],[2.077196,41.422415],[2.076061,41.422308],[2.075439,41.422068],[2.07534,41.421977],[2.07539,41.421907],[2.075482,41.421844],[2.075675,41.421755],[2.07586,41.421651],[2.07602,41.421539],[2.076113,41.42149],[2.076285,41.421384],[2.076367,41.421348],[2.076519,41.421257],[2.076649,41.421202],[2.076817,41.421139],[2.076953,41.421023],[2.077036,41.420811],[2.076996,41.420696],[2.076996,41.420623],[2.077008,41.420579],[2.076993,41.420518],[2.076959,41.420432],[2.076939,41.420412],[2.076942,41.420149],[2.076931,41.420103],[2.076955,41.420038],[2.07696,41.41996],[2.076939,41.419906],[2.076851,41.419792],[2.076831,41.419612],[2.076832,41.419533],[2.076855,41.419483],[2.076903,41.419426],[2.076953,41.419389],[2.077074,41.41935],[2.07712,41.419318],[2.077197,41.419244],[2.077273,41.419226],[2.077345,41.41919],[2.077447,41.41908],[2.077515,41.419026],[2.077557,41.418932],[2.077569,41.418917],[2.077608,41.418806],[2.077656,41.418698],[2.07765,41.418597],[2.077992,41.418643],[2.078183,41.418702],[2.078474,41.418827],[2.078758,41.418864],[2.078688,41.418781],[2.078614,41.418639],[2.078603,41.418574],[2.078605,41.418529],[2.078642,41.418484],[2.078737,41.418443],[2.078762,41.418422],[2.078768,41.418396],[2.078768,41.41837],[2.078727,41.418295],[2.078686,41.418184],[2.07867,41.41816],[2.078649,41.418052],[2.078647,41.418004],[2.078672,41.417929],[2.078747,41.417904],[2.078793,41.417878],[2.078916,41.417762],[2.079032,41.417602],[2.079087,41.417464],[2.079196,41.417105],[2.079239,41.417009],[2.079261,41.416934],[2.079263,41.416784],[2.079284,41.416747],[2.079476,41.416516],[2.079552,41.416447],[2.079741,41.416328],[2.079809,41.416246],[2.079744,41.415659],[2.079634,41.415637],[2.079504,41.415597],[2.079457,41.415568],[2.079422,41.415519],[2.079342,41.41539],[2.079242,41.415281],[2.079044,41.415133],[2.079024,41.415102],[2.07902,41.415076],[2.079032,41.415043],[2.079123,41.414978],[2.079067,41.414936],[2.078585,41.414979],[2.078011,41.415242],[2.077822,41.41532],[2.077539,41.415413],[2.077078,41.415489],[2.076948,41.41552],[2.07681,41.415579],[2.076153,41.416077],[2.076004,41.416117],[2.075864,41.416112],[2.075765,41.416097],[2.075574,41.416057],[2.075477,41.416017],[2.075341,41.415954],[2.07522,41.41592],[2.075189,41.415923],[2.075152,41.415937],[2.075119,41.415965],[2.075097,41.416018],[2.075079,41.416077],[2.074979,41.416251],[2.074959,41.416273],[2.07491,41.416304],[2.074827,41.416353],[2.074276,41.416555],[2.074214,41.416616],[2.074179,41.416678],[2.074155,41.416756],[2.07414,41.416779],[2.074108,41.416845],[2.074029,41.416949],[2.073984,41.417019],[2.073943,41.417093],[2.073929,41.417141],[2.073916,41.417146],[2.073903,41.417155],[2.073893,41.417165],[2.073887,41.417177],[2.073883,41.417189],[2.073884,41.417203],[2.073889,41.417222],[2.0739,41.417241],[2.073914,41.417256],[2.073932,41.417268],[2.073932,41.417298],[2.073879,41.417393],[2.073871,41.417522],[2.073871,41.417583],[2.073741,41.417609],[2.073581,41.417636],[2.073344,41.417663],[2.073162,41.41768],[2.073107,41.417691],[2.073046,41.417708],[2.07299,41.41773],[2.072938,41.417755],[2.072892,41.417783],[2.07285,41.417814],[2.072811,41.417847],[2.072666,41.418012],[2.072328,41.41827],[2.071856,41.41827],[2.071687,41.418277],[2.071594,41.418287],[2.071379,41.418268],[2.071175,41.41824],[2.071124,41.418238],[2.070984,41.418263],[2.070914,41.418282],[2.070837,41.418324],[2.07082,41.418342],[2.070777,41.418414],[2.070707,41.418522],[2.070675,41.418558],[2.070543,41.418663],[2.070491,41.418711],[2.070486,41.418812],[2.070239,41.420156],[2.070171,41.420977],[2.06996,41.421343],[2.069795,41.421766],[2.069874,41.422703],[2.069543,41.423052],[2.069398,41.423355],[2.069674,41.425176],[2.069337,41.425265],[2.067656,41.425991],[2.067045,41.426266],[2.067015,41.426358],[2.067006,41.426416],[2.067014,41.426491],[2.067049,41.426566],[2.067084,41.426625],[2.067121,41.426752],[2.067116,41.426815],[2.067104,41.426851],[2.066972,41.426989],[2.066863,41.427215],[2.066814,41.42727],[2.066804,41.427322],[2.066818,41.427389],[2.066857,41.427454],[2.066927,41.427541],[2.066957,41.427647],[2.067001,41.427741],[2.067112,41.427869],[2.067163,41.427905],[2.067293,41.428029],[2.067444,41.428159],[2.067466,41.428213],[2.067459,41.428289],[2.06744,41.428349],[2.067441,41.428416],[2.067464,41.428541],[2.067496,41.428642],[2.067573,41.428703],[2.067719,41.42874],[2.067768,41.428747],[2.067867,41.428797],[2.067867,41.428849],[2.067883,41.429008],[2.06783,41.429131],[2.067766,41.429216],[2.067734,41.429376],[2.067813,41.429545],[2.067396,41.429535],[2.066653,41.429766],[2.066413,41.429809],[2.065968,41.43008],[2.065536,41.429904],[2.064582,41.429915],[2.064109,41.43046],[2.063663,41.431127],[2.063463,41.43207],[2.06331,41.432322],[2.063306,41.432606],[2.063317,41.432904],[2.063099,41.432949],[2.062908,41.433583],[2.06212,41.433358],[2.060927,41.433678],[2.06002,41.433956],[2.059834,41.434115],[2.059498,41.434478],[2.059362,41.434786],[2.059317,41.435067],[2.059358,41.435388],[2.059385,41.435529],[2.059485,41.435826],[2.059545,41.436139],[2.059545,41.436143],[2.059533,41.43635],[2.059427,41.436695],[2.05968,41.437397],[2.059846,41.437653],[2.060026,41.437531],[2.060107,41.437527],[2.060209,41.43753],[2.060586,41.437531],[2.060998,41.437535],[2.061316,41.437503],[2.061528,41.437479],[2.061591,41.437517],[2.061648,41.437614],[2.061713,41.437854],[2.061773,41.437947],[2.061911,41.438039],[2.062017,41.438109],[2.062098,41.438221],[2.062207,41.438458],[2.062257,41.438678],[2.062356,41.438975],[2.062501,41.43928],[2.062592,41.43946],[2.062737,41.439611],[2.062889,41.439774],[2.063048,41.440015],[2.063157,41.440253],[2.063307,41.440617],[2.063383,41.440803],[2.063443,41.440999],[2.063446,41.44121],[2.063455,41.441408],[2.063501,41.441479],[2.063602,41.441596],[2.063818,41.441783],[2.063971,41.441913],[2.06405,41.44199],[2.064185,41.442132],[2.064185,41.442136],[2.06405,41.44255],[2.063986,41.442832],[2.063998,41.442945],[2.063963,41.443214],[2.063922,41.44334],[2.063876,41.443453],[2.063836,41.443509],[2.063757,41.443615],[2.063639,41.443773],[2.063495,41.443838],[2.063347,41.443903],[2.063199,41.443967],[2.063046,41.444035],[2.063006,41.444062],[2.062967,41.444088],[2.062772,41.444223],[2.062632,41.44429],[2.062423,41.444378],[2.062277,41.444437],[2.062181,41.444483],[2.062053,41.444551],[2.061981,41.444599],[2.061918,41.444646],[2.061571,41.444979],[2.061403,41.445005],[2.061289,41.44502],[2.0612,41.445028],[2.061089,41.445034],[2.060999,41.445029],[2.0609,41.445016],[2.060769,41.444987],[2.060505,41.444905],[2.060338,41.444868],[2.060013,41.444811],[2.059891,41.444838],[2.059671,41.444886],[2.059553,41.444913],[2.059099,41.445016],[2.059019,41.445028],[2.058435,41.44508],[2.058381,41.444952],[2.05822,41.444992],[2.058204,41.44496],[2.058035,41.44496],[2.057625,41.444938],[2.057001,41.444949],[2.056776,41.444987],[2.056666,41.444993],[2.056575,41.444997],[2.056377,41.44503],[2.056251,41.445064],[2.05617,41.445157],[2.055956,41.445219],[2.055571,41.445329],[2.055502,41.445347],[2.055435,41.445365],[2.055367,41.445381],[2.055257,41.445413],[2.055179,41.445437],[2.055097,41.445466],[2.05489,41.445541],[2.054811,41.445559],[2.054751,41.445562],[2.054705,41.445558],[2.05466,41.445555],[2.054471,41.445539],[2.054356,41.445526],[2.054298,41.445517],[2.054224,41.445501],[2.054151,41.445477],[2.054088,41.445449],[2.054022,41.445413],[2.053751,41.445234],[2.053481,41.445055],[2.053416,41.44502],[2.053354,41.445],[2.053266,41.44498],[2.053166,41.444979],[2.052595,41.444988],[2.051906,41.445028],[2.051845,41.445023],[2.051779,41.445002],[2.05155,41.444906],[2.051275,41.444793],[2.051227,41.444792],[2.050709,41.444853],[2.050597,41.444859],[2.050485,41.444846],[2.050081,41.444734],[2.049825,41.444655],[2.049571,41.44458],[2.049307,41.444512],[2.049219,41.444497],[2.049151,41.44449],[2.049051,41.444487],[2.04894,41.444495],[2.048404,41.444622],[2.048001,41.444708],[2.047835,41.444717],[2.047603,41.444725],[2.047269,41.444842],[2.047194,41.444862],[2.046985,41.444886],[2.046754,41.444884],[2.046663,41.444881],[2.046571,41.444878],[2.04638,41.444859],[2.045717,41.444719],[2.04563,41.444692],[2.0455,41.444643],[2.045214,41.444523],[2.044886,41.444462],[2.044513,41.444363],[2.04435,41.444347],[2.0442,41.444347],[2.044064,41.444367],[2.043815,41.444445],[2.04358,41.444525],[2.043448,41.44456],[2.043321,41.444585],[2.043223,41.444586],[2.043089,41.444573],[2.042955,41.444552],[2.042597,41.444491],[2.04257,41.444485],[2.042544,41.444473],[2.042422,41.444404],[2.042353,41.444378],[2.042329,41.444371],[2.042194,41.444343],[2.041939,41.444296],[2.041596,41.444241],[2.041533,41.444233],[2.041476,41.444228],[2.041305,41.444218],[2.041133,41.444209],[2.041048,41.444203],[2.040954,41.444203],[2.040811,41.444211],[2.040732,41.444215],[2.040605,41.444164],[2.040533,41.444082],[2.040447,41.443922],[2.040424,41.443894],[2.040295,41.443798],[2.040244,41.443754],[2.040156,41.443662],[2.040099,41.443607],[2.039955,41.443497],[2.039345,41.443145],[2.039138,41.442958],[2.039022,41.442872],[2.038889,41.442781],[2.038797,41.442735],[2.038665,41.442674],[2.038587,41.442639],[2.038535,41.442621],[2.038392,41.442577],[2.03817,41.442505],[2.038123,41.442477],[2.038066,41.442428],[2.038032,41.44238],[2.037945,41.442257],[2.037934,41.44224],[2.037868,41.442206],[2.037679,41.442139],[2.037556,41.442192],[2.037346,41.442268],[2.037283,41.442291],[2.03695,41.442234],[2.036871,41.442199],[2.036794,41.442159],[2.036648,41.442103],[2.036506,41.442066],[2.036391,41.442051],[2.036251,41.442061],[2.036225,41.442064],[2.036088,41.442059],[2.035871,41.442039],[2.035633,41.442016],[2.035456,41.441974],[2.035376,41.44194],[2.035137,41.44181],[2.034907,41.441717],[2.034698,41.441658],[2.03463,41.441651],[2.034598,41.441648],[2.032947,41.441689],[2.032733,41.441845],[2.0324,41.442033],[2.032187,41.442114],[2.032025,41.442202],[2.031854,41.442328],[2.031664,41.44253],[2.031561,41.44267],[2.031467,41.442908],[2.031383,41.443134],[2.031325,41.4434],[2.031288,41.443591],[2.03126,41.443761],[2.031234,41.443961],[2.031243,41.444034],[2.031308,41.444173],[2.031381,41.444401],[2.031408,41.444605],[2.031412,41.44485],[2.031402,41.445034],[2.031369,41.445218],[2.031326,41.445399],[2.03126,41.44555],[2.031141,41.445663],[2.031023,41.445735],[2.030823,41.445867],[2.030644,41.445961],[2.030377,41.44612],[2.030174,41.446229],[2.029995,41.446329],[2.029927,41.446354],[2.02985,41.446355],[2.029746,41.446357],[2.029639,41.446379],[2.029444,41.446405],[2.029296,41.446406],[2.028908,41.446393],[2.028589,41.446395],[2.028197,41.446405],[2.028045,41.446434],[2.027931,41.446473],[2.027698,41.446597],[2.027475,41.446709],[2.02729,41.446735],[2.027162,41.446754],[2.027084,41.446832],[2.027011,41.446987],[2.027,41.447091],[2.026923,41.447292],[2.02687,41.44744],[2.026848,41.447569],[2.026829,41.447715],[2.026792,41.447765],[2.026684,41.447822],[2.026339,41.448048],[2.026095,41.448188],[2.026002,41.448313],[2.025921,41.448406],[2.025809,41.448657],[2.025743,41.448881],[2.025743,41.448881],[2.025709,41.449103],[2.025704,41.449194],[2.025697,41.449266],[2.02566,41.449357],[2.025656,41.4494],[2.025446,41.449473],[2.025371,41.44945],[2.025304,41.449415],[2.025226,41.44938],[2.025195,41.449373],[2.025195,41.449373],[2.025088,41.44945],[2.024649,41.449937],[2.024304,41.450241],[2.024082,41.450396],[2.023869,41.450539],[2.023716,41.450687],[2.023724,41.450773],[2.023745,41.450933],[2.023817,41.451119],[2.024063,41.451282],[2.024264,41.451457],[2.024404,41.451591],[2.024508,41.451739],[2.024585,41.4519],[2.024584,41.452089],[2.024536,41.452233],[2.024506,41.453082],[2.024382,41.453353],[2.023878,41.454081],[2.023624,41.454487],[2.023496,41.454796],[2.023564,41.454977],[2.023755,41.455266],[2.023961,41.455736],[2.024053,41.456042],[2.024076,41.456303],[2.024099,41.456523],[2.024091,41.456709],[2.023942,41.456962],[2.023571,41.457473],[2.023392,41.457531],[2.022904,41.45756],[2.022567,41.457577],[2.021926,41.457649],[2.020903,41.457721],[2.020855,41.45773],[2.020727,41.458012],[2.020065,41.458338],[2.019818,41.458395],[2.019331,41.458381],[2.019109,41.458345],[2.018474,41.458207],[2.0168,41.458446],[2.016453,41.458746],[2.015964,41.458913],[2.015566,41.458982],[2.015191,41.458776],[2.014734,41.45841],[2.014429,41.458299],[2.013987,41.458132],[2.013541,41.458237],[2.012896,41.458317],[2.012837,41.458323],[2.012648,41.458332],[2.012424,41.458349],[2.012328,41.45834],[2.012236,41.458315],[2.012082,41.458273],[2.011917,41.458153],[2.011774,41.458069],[2.011653,41.458034],[2.011491,41.45801],[2.011349,41.457984],[2.011216,41.457964],[2.011114,41.457873],[2.011058,41.457754],[2.010984,41.457554],[2.01083,41.457254],[2.010684,41.456973],[2.010515,41.456645],[1.99973,41.460241]]]}},{"type":"Feature","properties":{"nationalCode":"34090808211","name":"Sant Feliu de Llobregat"},"geometry":{"type":"Polygon","coordinates":[[[2.021821,41.389777],[2.022905,41.390145],[2.024642,41.391118],[2.026174,41.391953],[2.026979,41.392433],[2.028606,41.39332],[2.03239,41.395344],[2.033264,41.395769],[2.034239,41.39626],[2.034482,41.39644],[2.034779,41.396622],[2.034773,41.396869],[2.035057,41.397034],[2.035112,41.397061],[2.035193,41.397118],[2.035222,41.397143],[2.03525,41.397173],[2.03532,41.397207],[2.035059,41.397668],[2.034887,41.39797],[2.034825,41.398064],[2.034717,41.398193],[2.032636,41.399875],[2.032905,41.399966],[2.033825,41.400381],[2.033878,41.400501],[2.033932,41.400603],[2.034047,41.400758],[2.034152,41.400846],[2.034235,41.400874],[2.034341,41.400912],[2.034413,41.400917],[2.034578,41.400928],[2.034693,41.400957],[2.034762,41.401014],[2.034859,41.401094],[2.034911,41.401262],[2.035013,41.401412],[2.035128,41.401532],[2.035299,41.401591],[2.035433,41.401652],[2.035547,41.401815],[2.03567,41.401915],[2.036198,41.402285],[2.036751,41.402716],[2.037352,41.403311],[2.037779,41.403686],[2.03807,41.403841],[2.039106,41.404202],[2.039161,41.404253],[2.03925,41.404333],[2.039408,41.404527],[2.039567,41.404866],[2.039598,41.405091],[2.039732,41.405447],[2.039854,41.405659],[2.040023,41.405914],[2.040197,41.406052],[2.040509,41.406431],[2.040905,41.407042],[2.041145,41.408173],[2.041302,41.408221],[2.041614,41.408284],[2.041988,41.408337],[2.042186,41.408346],[2.042363,41.408329],[2.042766,41.408246],[2.042983,41.408224],[2.043176,41.408217],[2.043582,41.408345],[2.043631,41.408384],[2.043738,41.408439],[2.043882,41.408507],[2.044017,41.408636],[2.0441,41.408698],[2.044266,41.408868],[2.044349,41.40886],[2.044625,41.408875],[2.044838,41.408812],[2.045247,41.408701],[2.045277,41.408699],[2.045269,41.408744],[2.045278,41.408787],[2.045298,41.408835],[2.045339,41.408904],[2.045401,41.409036],[2.045477,41.409162],[2.045511,41.409252],[2.045529,41.409296],[2.045577,41.409402],[2.045588,41.409447],[2.045597,41.409488],[2.045617,41.409539],[2.046272,41.409632],[2.046829,41.409699],[2.047014,41.409738],[2.04722,41.409776],[2.047431,41.409854],[2.047539,41.409918],[2.047591,41.409984],[2.047589,41.41014],[2.04763,41.410219],[2.047747,41.410334],[2.04787,41.410409],[2.047988,41.410438],[2.048201,41.410548],[2.048293,41.410547],[2.048503,41.410551],[2.048823,41.410612],[2.049497,41.410674],[2.049137,41.410904],[2.048918,41.411288],[2.048932,41.411725],[2.048892,41.411766],[2.048813,41.411794],[2.048728,41.411798],[2.048657,41.411809],[2.048621,41.411804],[2.048459,41.411758],[2.048368,41.411724],[2.048263,41.411654],[2.048029,41.411535],[2.047831,41.411551],[2.047752,41.411554],[2.047683,41.41156],[2.04761,41.411579],[2.047388,41.411765],[2.04736,41.411822],[2.047507,41.411965],[2.04759,41.412062],[2.047645,41.412111],[2.047666,41.412149],[2.04767,41.412191],[2.047701,41.412247],[2.047726,41.4123],[2.047762,41.412411],[2.047798,41.412581],[2.047866,41.412898],[2.048015,41.41321],[2.04803,41.413274],[2.048208,41.413562],[2.0483,41.413624],[2.048381,41.413667],[2.048472,41.41375],[2.048561,41.413863],[2.048615,41.413884],[2.048863,41.414],[2.04895,41.414035],[2.049006,41.414033],[2.049598,41.413702],[2.049678,41.413766],[2.049711,41.413793],[2.049808,41.413846],[2.049908,41.413921],[2.049993,41.413961],[2.050085,41.413964],[2.050203,41.413999],[2.050444,41.414152],[2.050879,41.414366],[2.051328,41.414618],[2.051478,41.41471],[2.051583,41.414751],[2.05165,41.414758],[2.051769,41.414774],[2.051875,41.414804],[2.052267,41.414778],[2.052398,41.414746],[2.052633,41.414725],[2.052851,41.414685],[2.0532,41.414639],[2.053567,41.41458],[2.053939,41.414411],[2.054277,41.414199],[2.054563,41.414092],[2.054641,41.413949],[2.055218,41.412073],[2.055682,41.411423],[2.05624,41.410759],[2.056562,41.410592],[2.057024,41.410535],[2.057623,41.410554],[2.058775,41.410908],[2.059065,41.412174],[2.059006,41.412339],[2.058508,41.412856],[2.059082,41.412848],[2.060524,41.412641],[2.060993,41.412665],[2.061462,41.412851],[2.061976,41.413621],[2.062623,41.413629],[2.063618,41.413513],[2.063986,41.414091],[2.064639,41.415412],[2.06496,41.416307],[2.064788,41.416711],[2.064623,41.417349],[2.06406,41.418112],[2.064471,41.418013],[2.067569,41.418164],[2.068524,41.418455],[2.070486,41.418812],[2.070491,41.418711],[2.070543,41.418663],[2.070675,41.418558],[2.070707,41.418522],[2.070777,41.418414],[2.07082,41.418342],[2.070837,41.418324],[2.070914,41.418282],[2.070984,41.418263],[2.071124,41.418238],[2.071175,41.41824],[2.071379,41.418268],[2.071594,41.418287],[2.071687,41.418277],[2.071856,41.41827],[2.072328,41.41827],[2.072666,41.418012],[2.072811,41.417847],[2.07285,41.417814],[2.072892,41.417783],[2.072938,41.417755],[2.07299,41.41773],[2.073046,41.417708],[2.073107,41.417691],[2.073162,41.41768],[2.073344,41.417663],[2.073581,41.417636],[2.073741,41.417609],[2.073871,41.417583],[2.073871,41.417522],[2.073879,41.417393],[2.073932,41.417298],[2.073932,41.417268],[2.073914,41.417256],[2.0739,41.417241],[2.073889,41.417222],[2.073884,41.417203],[2.073883,41.417189],[2.073887,41.417177],[2.073893,41.417165],[2.073903,41.417155],[2.073916,41.417146],[2.073929,41.417141],[2.073943,41.417093],[2.073984,41.417019],[2.074029,41.416949],[2.074108,41.416845],[2.07414,41.416779],[2.074155,41.416756],[2.074179,41.416678],[2.074214,41.416616],[2.074276,41.416555],[2.074827,41.416353],[2.07491,41.416304],[2.074959,41.416273],[2.074979,41.416251],[2.075079,41.416077],[2.075097,41.416018],[2.075119,41.415965],[2.075152,41.415937],[2.075189,41.415923],[2.07522,41.41592],[2.075341,41.415954],[2.075477,41.416017],[2.075574,41.416057],[2.075765,41.416097],[2.075864,41.416112],[2.076004,41.416117],[2.076153,41.416077],[2.07681,41.415579],[2.076948,41.41552],[2.077078,41.415489],[2.077539,41.415413],[2.077822,41.41532],[2.078011,41.415242],[2.078585,41.414979],[2.077339,41.414628],[2.077345,41.414564],[2.077318,41.414469],[2.077271,41.41443],[2.077185,41.414378],[2.077095,41.414333],[2.076993,41.414255],[2.07693,41.414198],[2.07686,41.414146],[2.07679,41.414042],[2.07672,41.413978],[2.076559,41.413882],[2.076504,41.413849],[2.076446,41.413771],[2.076341,41.413606],[2.076256,41.413441],[2.07616,41.41325],[2.076068,41.413032],[2.076015,41.412862],[2.075958,41.412745],[2.075884,41.412652],[2.075802,41.412565],[2.075696,41.412499],[2.075551,41.412426],[2.075409,41.412362],[2.075271,41.412325],[2.075058,41.4123],[2.074896,41.412287],[2.074734,41.412273],[2.074663,41.412264],[2.074505,41.412206],[2.074431,41.412119],[2.074326,41.411996],[2.074255,41.411948],[2.074188,41.411935],[2.074082,41.411934],[2.073852,41.411953],[2.073587,41.411942],[2.073425,41.411929],[2.073323,41.411872],[2.073268,41.411803],[2.073246,41.411698],[2.073192,41.411606],[2.073087,41.411453],[2.073017,41.411399],[2.072907,41.411326],[2.072785,41.411275],[2.072545,41.411213],[2.07228,41.411145],[2.072167,41.411076],[2.072088,41.411001],[2.071739,41.410291],[2.07132,41.409211],[2.071393,41.408469],[2.072076,41.407719],[2.072088,41.407556],[2.07168,41.407241],[2.071341,41.407184],[2.070325,41.407346],[2.06994,41.407165],[2.070653,41.406188],[2.071777,41.4045],[2.072182,41.403708],[2.072444,41.403534],[2.072976,41.403466],[2.073634,41.403617],[2.073869,41.403561],[2.074387,41.403313],[2.074841,41.402996],[2.07597,41.40336],[2.077569,41.403172],[2.077775,41.402867],[2.077482,41.402213],[2.077189,41.401362],[2.076674,41.400439],[2.076411,41.400136],[2.074965,41.399218],[2.073237,41.398529],[2.072589,41.398351],[2.071229,41.397619],[2.070762,41.397306],[2.069825,41.396943],[2.068438,41.396788],[2.065567,41.396617],[2.065379,41.396662],[2.065218,41.39612],[2.064999,41.395769],[2.064649,41.395415],[2.063601,41.394552],[2.062682,41.394116],[2.061247,41.393648],[2.059478,41.392889],[2.059959,41.392003],[2.059973,41.391561],[2.060259,41.390936],[2.060719,41.390394],[2.058129,41.388608],[2.057872,41.388377],[2.057852,41.387963],[2.058045,41.387064],[2.057999,41.386624],[2.05759,41.385823],[2.057608,41.385597],[2.057934,41.385016],[2.059435,41.383113],[2.059375,41.382953],[2.055914,41.381179],[2.056554,41.380332],[2.055765,41.380033],[2.05379,41.379688],[2.053286,41.379657],[2.052615,41.379543],[2.052108,41.37942],[2.04883,41.376927],[2.047984,41.376334],[2.047357,41.375803],[2.046992,41.375567],[2.046828,41.375457],[2.046285,41.375238],[2.045458,41.375058],[2.043385,41.374069],[2.042195,41.373509],[2.04085,41.372812],[2.040004,41.372534],[2.039093,41.372043],[2.03655,41.371002],[2.036476,41.370969],[2.035646,41.370173],[2.035163,41.370525],[2.034307,41.371304],[2.033582,41.372131],[2.032404,41.373516],[2.031762,41.374292],[2.031101,41.375136],[2.030255,41.376212],[2.029521,41.377164],[2.028695,41.378242],[2.028434,41.378583],[2.028159,41.378988],[2.027883,41.379453],[2.027628,41.379993],[2.027194,41.381406],[2.026649,41.383195],[2.026529,41.383486],[2.026364,41.383805],[2.026208,41.384082],[2.026028,41.384361],[2.025852,41.384631],[2.025628,41.384912],[2.025335,41.385314],[2.025021,41.385693],[2.02473,41.386084],[2.0245,41.386396],[2.024302,41.386709],[2.023962,41.387103],[2.02372,41.387375],[2.023478,41.387664],[2.023227,41.387933],[2.023026,41.388149],[2.022893,41.38832],[2.022775,41.388509],[2.022629,41.388777],[2.022499,41.388987],[2.022305,41.389278],[2.022116,41.389493],[2.021821,41.389777]]]}},{"type":"Feature","properties":{"nationalCode":"34090808217","name":"Sant Joan Despí"},"geometry":{"type":"Polygon","coordinates":[[[2.035646,41.370173],[2.036476,41.370969],[2.03655,41.371002],[2.039093,41.372043],[2.040004,41.372534],[2.04085,41.372812],[2.042195,41.373509],[2.043385,41.374069],[2.045458,41.375058],[2.046285,41.375238],[2.046828,41.375457],[2.046992,41.375567],[2.047357,41.375803],[2.047984,41.376334],[2.04883,41.376927],[2.052108,41.37942],[2.052615,41.379543],[2.052899,41.379544],[2.052863,41.379489],[2.052801,41.379421],[2.05275,41.379373],[2.052686,41.379316],[2.052597,41.379245],[2.052543,41.379208],[2.052564,41.379159],[2.052592,41.37909],[2.052632,41.378987],[2.05267,41.378902],[2.052725,41.3788],[2.052768,41.378738],[2.052815,41.378678],[2.05289,41.378599],[2.05297,41.378533],[2.053054,41.378471],[2.053168,41.378392],[2.053255,41.37833],[2.053305,41.3783],[2.053407,41.378254],[2.053502,41.378214],[2.053611,41.378177],[2.053694,41.378154],[2.053719,41.378154],[2.053754,41.378166],[2.053829,41.378198],[2.053957,41.378246],[2.054066,41.378299],[2.054143,41.378349],[2.054216,41.378398],[2.054338,41.37836],[2.054474,41.378315],[2.054593,41.378277],[2.054698,41.37824],[2.054755,41.378237],[2.054795,41.378249],[2.05486,41.378271],[2.054894,41.378272],[2.05494,41.378251],[2.055025,41.378248],[2.055208,41.378253],[2.055386,41.378262],[2.055508,41.378261],[2.055566,41.378255],[2.055611,41.378241],[2.055676,41.378217],[2.05574,41.378186],[2.055856,41.378152],[2.055937,41.378129],[2.055986,41.378124],[2.056265,41.378132],[2.056454,41.378138],[2.056502,41.378136],[2.056578,41.378118],[2.05677,41.378074],[2.056995,41.378025],[2.05706,41.378007],[2.05712,41.377969],[2.057169,41.377945],[2.057205,41.377956],[2.05725,41.377991],[2.057303,41.378036],[2.057465,41.37801],[2.05769,41.377972],[2.057887,41.377939],[2.058054,41.377913],[2.058158,41.3779],[2.059072,41.377768],[2.059627,41.379251],[2.060586,41.379122],[2.060746,41.379105],[2.060906,41.379087],[2.061056,41.379068],[2.061204,41.379045],[2.06135,41.379019],[2.061494,41.378982],[2.061745,41.379387],[2.06184,41.379369],[2.061953,41.379347],[2.062051,41.379326],[2.062134,41.379316],[2.062229,41.379305],[2.062346,41.379294],[2.062452,41.379286],[2.062575,41.37928],[2.062662,41.379279],[2.062797,41.379279],[2.06296,41.379285],[2.063108,41.379294],[2.063219,41.3793],[2.063328,41.379305],[2.063442,41.379311],[2.063531,41.379311],[2.063615,41.379314],[2.063741,41.37932],[2.063959,41.379329],[2.064099,41.37934],[2.064255,41.379352],[2.064441,41.379367],[2.064628,41.379389],[2.064825,41.379417],[2.064923,41.379437],[2.065038,41.379465],[2.065504,41.379231],[2.065505,41.379158],[2.065486,41.379074],[2.065462,41.379008],[2.065445,41.378954],[2.065433,41.378881],[2.065538,41.37879],[2.065713,41.378638],[2.065825,41.378541],[2.065941,41.37846],[2.066094,41.378375],[2.066236,41.37829],[2.066366,41.378217],[2.066441,41.378151],[2.066506,41.378077],[2.066563,41.377997],[2.066653,41.377877],[2.066745,41.377745],[2.066818,41.37762],[2.066856,41.377573],[2.066974,41.377439],[2.067102,41.377324],[2.067296,41.377175],[2.067451,41.377077],[2.067622,41.377004],[2.067783,41.376931],[2.067931,41.376896],[2.068017,41.376888],[2.069356,41.376632],[2.069383,41.37641],[2.069655,41.376372],[2.069973,41.376229],[2.071423,41.3755],[2.072746,41.375396],[2.075228,41.373404],[2.078429,41.370687],[2.078944,41.369781],[2.077465,41.368902],[2.074999,41.367309],[2.074701,41.367016],[2.074321,41.367204],[2.073687,41.366737],[2.074029,41.366524],[2.073904,41.366295],[2.073582,41.365688],[2.073034,41.365865],[2.072475,41.366052],[2.070254,41.36516],[2.067797,41.364152],[2.065579,41.362981],[2.065342,41.362856],[2.065016,41.362807],[2.064711,41.362884],[2.061169,41.364976],[2.060189,41.364362],[2.058883,41.363546],[2.060208,41.36229],[2.059759,41.362049],[2.058377,41.361039],[2.058543,41.360401],[2.059156,41.359366],[2.055168,41.35648],[2.055176,41.356282],[2.056294,41.35544],[2.056852,41.354785],[2.057314,41.354423],[2.057901,41.354136],[2.056641,41.3533],[2.055156,41.352177],[2.05376,41.351122],[2.053079,41.350351],[2.051602,41.348714],[2.051064,41.348099],[2.050172,41.34751],[2.049593,41.347308],[2.047928,41.347715],[2.046859,41.348095],[2.04677,41.348189],[2.04644,41.348554],[2.046373,41.348927],[2.046488,41.350407],[2.046445,41.351696],[2.046346,41.352124],[2.04572,41.353763],[2.045665,41.354594],[2.046123,41.355726],[2.046369,41.35612],[2.047492,41.357196],[2.048342,41.358302],[2.048702,41.359862],[2.048768,41.360399],[2.048675,41.361052],[2.04817,41.361641],[2.04778,41.362283],[2.047456,41.362883],[2.047141,41.363404],[2.047035,41.363593],[2.046867,41.363826],[2.046723,41.364014],[2.046512,41.364193],[2.045728,41.364941],[2.045381,41.365335],[2.044778,41.365931],[2.044238,41.366342],[2.044047,41.366475],[2.04381,41.366612],[2.043587,41.366681],[2.04299,41.366781],[2.042662,41.366838],[2.042263,41.366924],[2.041861,41.367006],[2.041451,41.367063],[2.041153,41.367113],[2.040912,41.367181],[2.040431,41.367413],[2.040084,41.367575],[2.0398,41.367692],[2.03951,41.36775],[2.039188,41.36779],[2.038983,41.367767],[2.038791,41.367723],[2.038557,41.367709],[2.038284,41.367743],[2.037993,41.367819],[2.037758,41.367938],[2.03749,41.368094],[2.037246,41.368297],[2.036999,41.368659],[2.036802,41.368933],[2.036225,41.36952],[2.035646,41.370173]]]}},{"type":"Feature","properties":{"nationalCode":"34090808221","name":"Sant Just Desvern"},"geometry":{"type":"Polygon","coordinates":[[[2.052615,41.379543],[2.053286,41.379657],[2.05379,41.379688],[2.055765,41.380033],[2.056554,41.380332],[2.055914,41.381179],[2.059375,41.382953],[2.059435,41.383113],[2.057934,41.385016],[2.057608,41.385597],[2.05759,41.385823],[2.057999,41.386624],[2.058045,41.387064],[2.057852,41.387963],[2.057872,41.388377],[2.058129,41.388608],[2.060719,41.390394],[2.060259,41.390936],[2.059973,41.391561],[2.059959,41.392003],[2.059478,41.392889],[2.061247,41.393648],[2.062682,41.394116],[2.063601,41.394552],[2.064649,41.395415],[2.064999,41.395769],[2.065218,41.39612],[2.065379,41.396662],[2.065567,41.396617],[2.068438,41.396788],[2.069825,41.396943],[2.070762,41.397306],[2.071229,41.397619],[2.072589,41.398351],[2.073237,41.398529],[2.074965,41.399218],[2.076411,41.400136],[2.076674,41.400439],[2.077189,41.401362],[2.077482,41.402213],[2.077775,41.402867],[2.077873,41.402884],[2.07798,41.402914],[2.078072,41.402946],[2.078214,41.403006],[2.078353,41.403047],[2.078478,41.403083],[2.078593,41.403121],[2.078674,41.403172],[2.078741,41.403221],[2.078785,41.40327],[2.078901,41.403398],[2.078954,41.403485],[2.078989,41.403562],[2.079036,41.403626],[2.079133,41.403736],[2.079179,41.403773],[2.07923,41.403818],[2.079308,41.403868],[2.079406,41.403934],[2.079585,41.404057],[2.07974,41.404174],[2.079943,41.404347],[2.080063,41.404464],[2.08012,41.404547],[2.080162,41.404638],[2.080204,41.404746],[2.080237,41.404874],[2.080259,41.404977],[2.080313,41.40515],[2.080283,41.405389],[2.080277,41.405541],[2.080281,41.405662],[2.080358,41.405871],[2.080422,41.405963],[2.080578,41.406004],[2.080674,41.406055],[2.08076,41.406134],[2.080839,41.406243],[2.080911,41.406334],[2.080975,41.40639],[2.081145,41.406467],[2.081307,41.406529],[2.081452,41.406582],[2.081621,41.40664],[2.081752,41.406689],[2.081833,41.406724],[2.082024,41.406825],[2.082201,41.406924],[2.082331,41.407001],[2.082395,41.407039],[2.082452,41.407081],[2.082497,41.407138],[2.082561,41.407254],[2.082596,41.407325],[2.08264,41.40748],[2.082696,41.407559],[2.082791,41.407763],[2.082863,41.407811],[2.082935,41.407847],[2.083049,41.407903],[2.083181,41.407993],[2.083264,41.408065],[2.083403,41.408169],[2.083543,41.408279],[2.08356,41.408356],[2.083621,41.408489],[2.083638,41.408543],[2.08377,41.408631],[2.083873,41.408725],[2.083961,41.408784],[2.084066,41.408863],[2.084098,41.408889],[2.084135,41.408938],[2.084161,41.40899],[2.084177,41.409049],[2.084186,41.409093],[2.084176,41.409156],[2.084154,41.409215],[2.084128,41.409282],[2.084126,41.40932],[2.084133,41.409355],[2.084186,41.409387],[2.084265,41.409405],[2.084437,41.409457],[2.084568,41.409499],[2.084724,41.40954],[2.08489,41.409581],[2.085033,41.409607],[2.085207,41.409645],[2.085456,41.409714],[2.085695,41.409737],[2.086001,41.409712],[2.086251,41.409653],[2.086539,41.40958],[2.086696,41.409533],[2.086824,41.409493],[2.086893,41.40946],[2.086982,41.40937],[2.087075,41.409275],[2.087159,41.409196],[2.087257,41.409117],[2.087382,41.409037],[2.087486,41.408976],[2.087592,41.40893],[2.087867,41.40885],[2.08806,41.408788],[2.088239,41.408735],[2.088446,41.408671],[2.088669,41.40861],[2.088882,41.408572],[2.089228,41.408511],[2.0896,41.40844],[2.090042,41.408362],[2.090324,41.408315],[2.090446,41.408308],[2.090638,41.408311],[2.09079,41.408315],[2.090899,41.408317],[2.091074,41.408298],[2.091347,41.408236],[2.091535,41.408207],[2.091725,41.408193],[2.091878,41.408218],[2.092054,41.408244],[2.092222,41.408275],[2.092365,41.408283],[2.092505,41.408285],[2.092664,41.40827],[2.092794,41.408247],[2.093102,41.408176],[2.09332,41.408141],[2.093629,41.408087],[2.093824,41.408048],[2.094008,41.408004],[2.094108,41.407975],[2.094231,41.407947],[2.09436,41.407931],[2.094561,41.40793],[2.09475,41.407932],[2.095007,41.407931],[2.095155,41.407924],[2.095281,41.407913],[2.095486,41.407887],[2.095653,41.40785],[2.095815,41.40788],[2.095954,41.407905],[2.096129,41.407939],[2.09617,41.407946],[2.096197,41.407956],[2.096224,41.407967],[2.096329,41.408035],[2.096442,41.40811],[2.096518,41.408156],[2.096655,41.408241],[2.096699,41.408357],[2.096786,41.408572],[2.096873,41.408702],[2.096946,41.408805],[2.097079,41.408931],[2.097222,41.40905],[2.097267,41.409083],[2.097324,41.409107],[2.097446,41.409124],[2.097601,41.40913],[2.097805,41.409117],[2.097961,41.409098],[2.098158,41.409064],[2.098408,41.409009],[2.098657,41.40895],[2.09883,41.408905],[2.099003,41.408862],[2.099442,41.408702],[2.099689,41.408611],[2.100277,41.408414],[2.100362,41.408405],[2.100491,41.408388],[2.100607,41.408368],[2.100654,41.408261],[2.100734,41.408117],[2.100908,41.407838],[2.100987,41.407713],[2.101021,41.407656],[2.101057,41.407615],[2.101139,41.407527],[2.10124,41.407404],[2.101307,41.407316],[2.101437,41.407224],[2.101457,41.407203],[2.101515,41.407135],[2.101559,41.407087],[2.101602,41.406996],[2.10161,41.40691],[2.10163,41.406813],[2.101658,41.406717],[2.101667,41.40661],[2.101708,41.406451],[2.101714,41.406293],[2.101711,41.406189],[2.101705,41.406081],[2.101727,41.405995],[2.101754,41.405883],[2.101766,41.405757],[2.101753,41.405602],[2.101754,41.405442],[2.101772,41.405237],[2.101787,41.405156],[2.101812,41.40512],[2.101853,41.40509],[2.101907,41.40507],[2.101977,41.405046],[2.102057,41.405024],[2.10214,41.405002],[2.102243,41.404973],[2.10243,41.404929],[2.102557,41.404896],[2.102688,41.404861],[2.102865,41.404816],[2.103059,41.404715],[2.103201,41.404642],[2.103412,41.404507],[2.10359,41.404403],[2.103653,41.404315],[2.103708,41.404235],[2.103754,41.404125],[2.103787,41.404023],[2.103802,41.40394],[2.103817,41.403836],[2.10383,41.403707],[2.103838,41.403622],[2.103844,41.403542],[2.103843,41.403467],[2.103843,41.403388],[2.103825,41.403289],[2.103803,41.403223],[2.103784,41.403172],[2.103745,41.403094],[2.103717,41.403038],[2.103685,41.402968],[2.103648,41.402849],[2.103626,41.402777],[2.103587,41.402678],[2.103546,41.402601],[2.103487,41.402506],[2.103408,41.402404],[2.103315,41.402293],[2.10322,41.402178],[2.103179,41.402109],[2.103153,41.402051],[2.103137,41.401981],[2.103131,41.401897],[2.103142,41.40181],[2.103164,41.401759],[2.103178,41.401709],[2.103176,41.401652],[2.103147,41.401576],[2.103119,41.40152],[2.103098,41.401464],[2.103089,41.401401],[2.103065,41.401332],[2.103016,41.401254],[2.102957,41.40117],[2.102909,41.401058],[2.102893,41.400978],[2.102897,41.400878],[2.102902,41.40076],[2.102894,41.400667],[2.102869,41.4006],[2.102833,41.40052],[2.102776,41.400446],[2.102674,41.400324],[2.102549,41.400194],[2.102418,41.400051],[2.102342,41.399955],[2.102288,41.3999],[2.102217,41.399826],[2.102162,41.399747],[2.102126,41.399657],[2.102089,41.399577],[2.102036,41.399504],[2.101972,41.39944],[2.101919,41.39939],[2.101807,41.39928],[2.101736,41.399203],[2.101681,41.399151],[2.101576,41.399079],[2.101484,41.399025],[2.101369,41.39897],[2.101264,41.398921],[2.101162,41.398873],[2.101063,41.398833],[2.100928,41.398776],[2.100828,41.398733],[2.100709,41.398681],[2.100576,41.398615],[2.10053,41.398583],[2.100496,41.398552],[2.100463,41.398507],[2.100459,41.398345],[2.100477,41.398266],[2.100463,41.398075],[2.100445,41.398003],[2.100384,41.397914],[2.100368,41.39787],[2.100319,41.397786],[2.100271,41.397728],[2.100214,41.397662],[2.100175,41.397616],[2.100147,41.397564],[2.100092,41.397364],[2.100068,41.397258],[2.10004,41.397099],[2.10001,41.396974],[2.099968,41.39689],[2.099925,41.396813],[2.099842,41.396705],[2.099755,41.39661],[2.099628,41.396491],[2.099499,41.396385],[2.099387,41.396272],[2.099265,41.396071],[2.099172,41.395879],[2.099119,41.39577],[2.099075,41.395584],[2.099021,41.395413],[2.098968,41.39535],[2.098871,41.395265],[2.098748,41.395178],[2.098619,41.395076],[2.098509,41.394983],[2.09846,41.394909],[2.098408,41.394789],[2.098328,41.39461],[2.098212,41.39444],[2.098087,41.394253],[2.097922,41.394093],[2.097792,41.393957],[2.097563,41.39406],[2.097351,41.394157],[2.097135,41.394264],[2.096951,41.39435],[2.096899,41.394358],[2.09683,41.39436],[2.096771,41.39436],[2.096625,41.394332],[2.09647,41.394295],[2.096286,41.394253],[2.095993,41.394188],[2.095634,41.394142],[2.095416,41.394119],[2.095239,41.3941],[2.095021,41.394072],[2.09485,41.394048],[2.094318,41.393983],[2.094214,41.393973],[2.094081,41.393977],[2.093876,41.393943],[2.093787,41.393893],[2.093588,41.393752],[2.093431,41.393627],[2.09336,41.393542],[2.093051,41.393311],[2.092601,41.392961],[2.09245,41.392837],[2.092384,41.39277],[2.092279,41.392681],[2.092124,41.392526],[2.091948,41.392332],[2.091851,41.392226],[2.091638,41.391986],[2.09101,41.391255],[2.090911,41.391157],[2.09082,41.39107],[2.09067,41.390969],[2.090426,41.390833],[2.090342,41.390798],[2.090254,41.390714],[2.090184,41.390638],[2.090135,41.390571],[2.090093,41.390473],[2.090058,41.390369],[2.090018,41.390262],[2.090001,41.390213],[2.089967,41.390123],[2.089935,41.390076],[2.089871,41.390013],[2.089767,41.389931],[2.089676,41.38987],[2.089557,41.389809],[2.089475,41.389782],[2.089377,41.389758],[2.089254,41.389733],[2.088966,41.389672],[2.088878,41.38967],[2.088783,41.389684],[2.088721,41.389702],[2.088626,41.389737],[2.088518,41.389779],[2.088398,41.389799],[2.088283,41.389814],[2.088237,41.38981],[2.087175,41.389646],[2.086779,41.389498],[2.08647,41.389375],[2.086139,41.389196],[2.085953,41.389096],[2.085764,41.388989],[2.08548,41.388868],[2.085324,41.388732],[2.084963,41.388409],[2.084568,41.388069],[2.084186,41.387737],[2.084246,41.387533],[2.084308,41.387299],[2.083837,41.387176],[2.083917,41.386985],[2.083899,41.386739],[2.083882,41.386497],[2.08387,41.386416],[2.083836,41.386269],[2.083811,41.38612],[2.083765,41.385868],[2.083732,41.385706],[2.083729,41.385313],[2.083927,41.385301],[2.083853,41.384983],[2.083655,41.385004],[2.083696,41.384978],[2.083712,41.384946],[2.083707,41.38491],[2.083695,41.384892],[2.083672,41.384876],[2.083653,41.384868],[2.083602,41.384811],[2.083435,41.384603],[2.083425,41.384591],[2.083386,41.384535],[2.083339,41.384462],[2.083192,41.384289],[2.083155,41.384207],[2.083111,41.384157],[2.083078,41.384128],[2.083325,41.383891],[2.082911,41.382904],[2.082872,41.38281],[2.082022,41.382953],[2.082019,41.38283],[2.082016,41.382736],[2.082001,41.382589],[2.081975,41.382432],[2.081913,41.382067],[2.081886,41.381752],[2.081881,41.381507],[2.081768,41.3815],[2.081733,41.381491],[2.081716,41.381483],[2.0817,41.381473],[2.081673,41.381456],[2.081658,41.381446],[2.081641,41.381432],[2.081626,41.381414],[2.08136,41.381355],[2.081193,41.381332],[2.081068,41.38132],[2.080267,41.380913],[2.080278,41.380759],[2.080281,41.380717],[2.08029,41.3806],[2.080658,41.379213],[2.080762,41.378903],[2.080659,41.378312],[2.080342,41.37819],[2.080243,41.377692],[2.080209,41.377572],[2.080135,41.37744],[2.080084,41.377382],[2.08,41.377319],[2.07988,41.37725],[2.079777,41.377201],[2.079671,41.377156],[2.079549,41.377107],[2.07937,41.377048],[2.078242,41.37635],[2.077654,41.376031],[2.07757,41.375974],[2.077464,41.375901],[2.077315,41.375812],[2.076603,41.375561],[2.076478,41.375477],[2.076396,41.375422],[2.076284,41.375275],[2.076204,41.375154],[2.076136,41.374956],[2.07612,41.374927],[2.076075,41.374816],[2.076041,41.374731],[2.075995,41.374614],[2.075918,41.374417],[2.075871,41.374299],[2.075839,41.374215],[2.075765,41.374041],[2.075719,41.37396],[2.075651,41.373867],[2.075612,41.373822],[2.075532,41.373732],[2.075409,41.373599],[2.075328,41.373511],[2.075228,41.373404],[2.072746,41.375396],[2.071423,41.3755],[2.069973,41.376229],[2.069655,41.376372],[2.069383,41.37641],[2.069356,41.376632],[2.068017,41.376888],[2.067931,41.376896],[2.067783,41.376931],[2.067622,41.377004],[2.067451,41.377077],[2.067296,41.377175],[2.067102,41.377324],[2.066974,41.377439],[2.066856,41.377573],[2.066818,41.37762],[2.066745,41.377745],[2.066653,41.377877],[2.066563,41.377997],[2.066506,41.378077],[2.066441,41.378151],[2.066366,41.378217],[2.066236,41.37829],[2.066094,41.378375],[2.065941,41.37846],[2.065825,41.378541],[2.065713,41.378638],[2.065538,41.37879],[2.065433,41.378881],[2.065445,41.378954],[2.065462,41.379008],[2.065486,41.379074],[2.065505,41.379158],[2.065504,41.379231],[2.065038,41.379465],[2.064923,41.379437],[2.064825,41.379417],[2.064628,41.379389],[2.064441,41.379367],[2.064255,41.379352],[2.064099,41.37934],[2.063959,41.379329],[2.063741,41.37932],[2.063615,41.379314],[2.063531,41.379311],[2.063442,41.379311],[2.063328,41.379305],[2.063219,41.3793],[2.063108,41.379294],[2.06296,41.379285],[2.062797,41.379279],[2.062662,41.379279],[2.062575,41.37928],[2.062452,41.379286],[2.062346,41.379294],[2.062229,41.379305],[2.062134,41.379316],[2.062051,41.379326],[2.061953,41.379347],[2.06184,41.379369],[2.061745,41.379387],[2.061494,41.378982],[2.06135,41.379019],[2.061204,41.379045],[2.061056,41.379068],[2.060906,41.379087],[2.060746,41.379105],[2.060586,41.379122],[2.059627,41.379251],[2.059072,41.377768],[2.058158,41.3779],[2.058054,41.377913],[2.057887,41.377939],[2.05769,41.377972],[2.057465,41.37801],[2.057303,41.378036],[2.05725,41.377991],[2.057205,41.377956],[2.057169,41.377945],[2.05712,41.377969],[2.05706,41.378007],[2.056995,41.378025],[2.05677,41.378074],[2.056578,41.378118],[2.056502,41.378136],[2.056454,41.378138],[2.056265,41.378132],[2.055986,41.378124],[2.055937,41.378129],[2.055856,41.378152],[2.05574,41.378186],[2.055676,41.378217],[2.055611,41.378241],[2.055566,41.378255],[2.055508,41.378261],[2.055386,41.378262],[2.055208,41.378253],[2.055025,41.378248],[2.05494,41.378251],[2.054894,41.378272],[2.05486,41.378271],[2.054795,41.378249],[2.054755,41.378237],[2.054698,41.37824],[2.054593,41.378277],[2.054474,41.378315],[2.054338,41.37836],[2.054216,41.378398],[2.054143,41.378349],[2.054066,41.378299],[2.053957,41.378246],[2.053829,41.378198],[2.053754,41.378166],[2.053719,41.378154],[2.053694,41.378154],[2.053611,41.378177],[2.053502,41.378214],[2.053407,41.378254],[2.053305,41.3783],[2.053255,41.37833],[2.053168,41.378392],[2.053054,41.378471],[2.05297,41.378533],[2.05289,41.378599],[2.052815,41.378678],[2.052768,41.378738],[2.052725,41.3788],[2.05267,41.378902],[2.052632,41.378987],[2.052592,41.37909],[2.052564,41.379159],[2.052543,41.379208],[2.052597,41.379245],[2.052686,41.379316],[2.05275,41.379373],[2.052801,41.379421],[2.052863,41.379489],[2.052899,41.379544],[2.052615,41.379543]]]}},{"type":"Feature","properties":{"nationalCode":"34090808282","name":"Tiana"},"geometry":{"type":"Polygon","coordinates":[[[2.246952,41.488669],[2.247547,41.488921],[2.248014,41.489359],[2.248612,41.489502],[2.248788,41.489908],[2.249593,41.490088],[2.250922,41.491125],[2.251139,41.491583],[2.25152,41.491854],[2.251777,41.49177],[2.25222,41.491768],[2.25251,41.49225],[2.25295,41.492356],[2.253457,41.49226],[2.253904,41.491871],[2.254264,41.492025],[2.254686,41.492551],[2.254717,41.49259],[2.254705,41.493176],[2.255319,41.495884],[2.25614,41.495964],[2.257431,41.496229],[2.258167,41.496744],[2.259287,41.497557],[2.259383,41.498156],[2.259589,41.498632],[2.26008,41.499213],[2.261333,41.500047],[2.262234,41.500528],[2.262518,41.501073],[2.263036,41.501697],[2.262902,41.501965],[2.262444,41.502229],[2.262347,41.502503],[2.263281,41.503971],[2.265012,41.504497],[2.266231,41.50418],[2.266798,41.504765],[2.268025,41.504142],[2.267922,41.502148],[2.269147,41.500715],[2.270288,41.500464],[2.270637,41.500043],[2.271484,41.499122],[2.271761,41.498983],[2.272309,41.498949],[2.2737,41.498678],[2.274186,41.498475],[2.274722,41.498001],[2.275374,41.497772],[2.276699,41.497568],[2.276853,41.497398],[2.276826,41.497075],[2.27693,41.496882],[2.277309,41.496684],[2.277439,41.496219],[2.277766,41.495817],[2.27783,41.49558],[2.278036,41.495462],[2.278486,41.495541],[2.279786,41.49504],[2.28046,41.49464],[2.280622,41.494425],[2.280574,41.493977],[2.28066,41.493712],[2.281387,41.492643],[2.281896,41.492134],[2.281979,41.491833],[2.282435,41.491542],[2.282679,41.491161],[2.283072,41.490846],[2.282937,41.490213],[2.283063,41.489991],[2.283311,41.489809],[2.283725,41.489304],[2.284438,41.489091],[2.28488,41.488638],[2.285949,41.488094],[2.287242,41.487206],[2.287348,41.48631],[2.287751,41.485814],[2.288598,41.485334],[2.289777,41.484379],[2.290529,41.483624],[2.291872,41.482506],[2.29184,41.482466],[2.291793,41.482408],[2.29174,41.482342],[2.291677,41.482274],[2.291637,41.482228],[2.291604,41.4822],[2.291578,41.482174],[2.291541,41.482143],[2.291446,41.482071],[2.29138,41.482016],[2.291282,41.481949],[2.291203,41.481884],[2.291121,41.481817],[2.291086,41.481784],[2.29107,41.481768],[2.291056,41.481756],[2.291049,41.48175],[2.291043,41.481746],[2.291036,41.481742],[2.291023,41.481736],[2.29101,41.481731],[2.291001,41.481727],[2.290991,41.481724],[2.290981,41.481721],[2.290966,41.481716],[2.290947,41.481711],[2.290933,41.481707],[2.290927,41.481706],[2.290917,41.481705],[2.290903,41.481706],[2.290894,41.481708],[2.290882,41.48171],[2.290864,41.481717],[2.290778,41.481747],[2.290751,41.481758],[2.290733,41.481765],[2.290717,41.481771],[2.290698,41.481778],[2.290685,41.481781],[2.290675,41.481783],[2.290665,41.481785],[2.290653,41.481785],[2.290643,41.481784],[2.290624,41.481781],[2.290606,41.481777],[2.290584,41.481772],[2.290569,41.481768],[2.290552,41.481762],[2.29053,41.481755],[2.290519,41.48175],[2.29051,41.481747],[2.290502,41.481744],[2.290485,41.481734],[2.290474,41.481727],[2.290463,41.481719],[2.290455,41.481711],[2.290447,41.481702],[2.29044,41.481692],[2.290435,41.481685],[2.290431,41.481675],[2.290426,41.481661],[2.290423,41.481651],[2.290419,41.481637],[2.290418,41.481621],[2.290416,41.481604],[2.290415,41.481587],[2.290415,41.481579],[2.290416,41.481567],[2.29042,41.481545],[2.290428,41.481503],[2.290432,41.481482],[2.290446,41.481385],[2.290448,41.481366],[2.290452,41.48135],[2.290454,41.481336],[2.290455,41.481322],[2.290455,41.48131],[2.290455,41.481211],[2.290452,41.481137],[2.290434,41.481008],[2.290415,41.480935],[2.29041,41.480919],[2.290407,41.480908],[2.290403,41.480897],[2.290401,41.480888],[2.290397,41.480881],[2.290393,41.480873],[2.290384,41.480864],[2.290374,41.480852],[2.290354,41.480829],[2.290287,41.480755],[2.290222,41.480695],[2.29013,41.480604],[2.290017,41.480511],[2.289961,41.480468],[2.289884,41.480397],[2.289782,41.480321],[2.289705,41.480265],[2.289621,41.480208],[2.28955,41.480158],[2.289464,41.480104],[2.289374,41.480051],[2.289253,41.479979],[2.289163,41.479929],[2.28906,41.479872],[2.288982,41.479826],[2.288897,41.479778],[2.288824,41.479735],[2.288754,41.479693],[2.288672,41.479639],[2.288601,41.47959],[2.28853,41.479544],[2.288486,41.479513],[2.288457,41.479491],[2.288428,41.479475],[2.288401,41.479465],[2.28837,41.479454],[2.288337,41.47944],[2.288295,41.479422],[2.288275,41.479415],[2.288254,41.479404],[2.288212,41.479376],[2.288181,41.479357],[2.288154,41.479337],[2.28808,41.479289],[2.287963,41.479207],[2.287907,41.479164],[2.287849,41.479121],[2.287771,41.479061],[2.287737,41.479036],[2.28766,41.47898],[2.287577,41.478914],[2.287539,41.478876],[2.287514,41.478857],[2.287445,41.478818],[2.28727,41.478722],[2.287086,41.478615],[2.286989,41.478559],[2.286881,41.478494],[2.286694,41.478388],[2.286537,41.478301],[2.286478,41.478271],[2.286363,41.478206],[2.286272,41.478157],[2.286145,41.478084],[2.28606,41.478042],[2.285988,41.478001],[2.285893,41.477943],[2.285801,41.477895],[2.285656,41.477819],[2.285575,41.477769],[2.285483,41.477721],[2.285376,41.477665],[2.285301,41.47763],[2.285229,41.477613],[2.28513,41.477593],[2.285049,41.477571],[2.284995,41.477559],[2.284871,41.477532],[2.284767,41.477507],[2.28471,41.477496],[2.284628,41.477488],[2.28454,41.477492],[2.284486,41.4775],[2.284484,41.477485],[2.284414,41.477432],[2.284301,41.477344],[2.284094,41.477179],[2.283916,41.47702],[2.283905,41.477027],[2.283887,41.477025],[2.283432,41.477326],[2.283407,41.477343],[2.283401,41.47734],[2.283356,41.477301],[2.283296,41.477251],[2.283254,41.477216],[2.283243,41.47721],[2.28322,41.477199],[2.283179,41.477178],[2.283143,41.477161],[2.283121,41.477151],[2.283047,41.47712],[2.282979,41.47709],[2.282912,41.477061],[2.282827,41.477023],[2.282786,41.477006],[2.282764,41.476995],[2.282743,41.476985],[2.282711,41.47697],[2.282686,41.47696],[2.282668,41.476951],[2.282651,41.476945],[2.282634,41.476937],[2.282604,41.476927],[2.282575,41.476916],[2.282544,41.476903],[2.282528,41.476896],[2.282473,41.476872],[2.282416,41.476847],[2.282348,41.476817],[2.282273,41.476784],[2.282205,41.476755],[2.282141,41.476727],[2.282068,41.476695],[2.281997,41.476664],[2.281923,41.476633],[2.281895,41.476619],[2.281823,41.476588],[2.281731,41.476547],[2.281691,41.476529],[2.281654,41.476514],[2.281584,41.476485],[2.281519,41.476461],[2.281494,41.476453],[2.281467,41.476446],[2.28145,41.476441],[2.281437,41.476437],[2.281411,41.476432],[2.281368,41.476424],[2.281315,41.476417],[2.281265,41.47641],[2.281244,41.476408],[2.281225,41.476407],[2.281216,41.476406],[2.281192,41.476405],[2.281146,41.476403],[2.281122,41.476402],[2.281074,41.476398],[2.281053,41.476395],[2.281007,41.476389],[2.280984,41.476385],[2.280945,41.476377],[2.280894,41.476364],[2.28088,41.47636],[2.280856,41.476353],[2.280839,41.476347],[2.280829,41.476344],[2.280813,41.476337],[2.280804,41.476333],[2.280794,41.476328],[2.280778,41.476319],[2.280748,41.476301],[2.280731,41.476289],[2.280689,41.47626],[2.280668,41.476244],[2.280647,41.476229],[2.280613,41.476202],[2.280599,41.476189],[2.280575,41.476167],[2.280562,41.476155],[2.280557,41.476149],[2.280553,41.476144],[2.280548,41.476138],[2.280533,41.476119],[2.28051,41.476087],[2.280494,41.476062],[2.28046,41.476007],[2.280405,41.475918],[2.280357,41.475837],[2.280313,41.475761],[2.280223,41.475611],[2.280176,41.475523],[2.280152,41.47548],[2.280109,41.475406],[2.280088,41.475375],[2.280066,41.475343],[2.280013,41.475269],[2.279961,41.475161],[2.279923,41.475123],[2.279859,41.475044],[2.279724,41.474904],[2.279645,41.474791],[2.279487,41.474617],[2.27946,41.474585],[2.279375,41.474526],[2.279325,41.474509],[2.279269,41.474523],[2.279207,41.474534],[2.279128,41.474542],[2.27905,41.474546],[2.278932,41.474558],[2.278868,41.474559],[2.278807,41.474569],[2.278764,41.474582],[2.278719,41.474599],[2.278669,41.474626],[2.278624,41.474653],[2.278578,41.47469],[2.278541,41.474731],[2.278504,41.474775],[2.278463,41.474834],[2.278442,41.474877],[2.278427,41.474922],[2.278407,41.474975],[2.27839,41.47502],[2.278382,41.475036],[2.278359,41.475082],[2.27833,41.475127],[2.278286,41.475185],[2.278244,41.475233],[2.278147,41.475318],[2.27803,41.475413],[2.27794,41.475508],[2.277887,41.475586],[2.277847,41.475641],[2.27782,41.475677],[2.277815,41.475721],[2.277813,41.475764],[2.277826,41.475813],[2.277844,41.475856],[2.277868,41.475884],[2.277915,41.475924],[2.277938,41.475953],[2.277944,41.47597],[2.277937,41.475986],[2.277919,41.475997],[2.277897,41.476003],[2.277856,41.476004],[2.277817,41.476],[2.277721,41.475982],[2.277682,41.475972],[2.277644,41.475961],[2.277603,41.47594],[2.277548,41.475901],[2.2775,41.475867],[2.277435,41.475812],[2.277385,41.475755],[2.277351,41.475707],[2.277271,41.475562],[2.277223,41.475466],[2.277169,41.475369],[2.277129,41.475319],[2.277105,41.475299],[2.277072,41.475278],[2.277007,41.475247],[2.276946,41.475225],[2.276857,41.475205],[2.27671,41.475178],[2.276599,41.475157],[2.276477,41.475134],[2.27637,41.47511],[2.276303,41.475096],[2.276191,41.47507],[2.276193,41.475056],[2.276324,41.473742],[2.275925,41.47342],[2.275914,41.473417],[2.275894,41.473399],[2.275836,41.473364],[2.275648,41.473231],[2.27562,41.473212],[2.275566,41.473173],[2.275523,41.473141],[2.275471,41.473085],[2.275453,41.473078],[2.275448,41.473069],[2.275419,41.473086],[2.275415,41.473088],[2.274899,41.47275],[2.274658,41.472745],[2.274366,41.472679],[2.274345,41.472673],[2.274328,41.472665],[2.274175,41.47261],[2.274034,41.472557],[2.274046,41.472542],[2.273985,41.472518],[2.274015,41.472475],[2.274068,41.472397],[2.274133,41.472303],[2.274173,41.472245],[2.274203,41.472204],[2.274251,41.472142],[2.274244,41.472136],[2.274235,41.472129],[2.274223,41.472115],[2.274202,41.472094],[2.274199,41.472089],[2.274191,41.472083],[2.274177,41.47207],[2.274159,41.472056],[2.27414,41.472042],[2.274127,41.472033],[2.27406,41.471989],[2.273942,41.471912],[2.273935,41.471906],[2.273882,41.471872],[2.273828,41.471838],[2.273805,41.471824],[2.273767,41.4718],[2.273661,41.471732],[2.273645,41.47172],[2.273624,41.471707],[2.273596,41.471688],[2.273478,41.471613],[2.27344,41.471588],[2.273414,41.471571],[2.273322,41.471511],[2.273299,41.471495],[2.273239,41.471455],[2.273169,41.47141],[2.273076,41.471347],[2.273055,41.471332],[2.273043,41.471325],[2.272862,41.471204],[2.272729,41.471233],[2.272167,41.47135],[2.271981,41.471394],[2.271873,41.47142],[2.271782,41.471442],[2.271706,41.47146],[2.271649,41.471474],[2.271578,41.471492],[2.271514,41.471507],[2.271472,41.471518],[2.271408,41.471534],[2.271353,41.471549],[2.271252,41.471575],[2.271049,41.471631],[2.270934,41.471664],[2.27081,41.471702],[2.270709,41.471735],[2.270659,41.47175],[2.270597,41.471768],[2.270553,41.471782],[2.270516,41.471794],[2.270345,41.471848],[2.270212,41.471889],[2.270119,41.47192],[2.270087,41.471931],[2.26984,41.472016],[2.269804,41.47202],[2.2697,41.471991],[2.269622,41.471959],[2.269546,41.471937],[2.269472,41.471912],[2.269441,41.4719],[2.26937,41.471874],[2.26931,41.47184],[2.269245,41.471814],[2.269227,41.471791],[2.269234,41.471782],[2.26924,41.471775],[2.269245,41.471767],[2.269249,41.471759],[2.269254,41.471744],[2.269255,41.471739],[2.269257,41.471725],[2.269255,41.471717],[2.269254,41.471707],[2.26925,41.471688],[2.269246,41.471679],[2.269243,41.47167],[2.269236,41.471658],[2.269224,41.471642],[2.269206,41.471624],[2.269192,41.471612],[2.269176,41.471603],[2.269154,41.47159],[2.269142,41.471582],[2.26908,41.471552],[2.269036,41.471531],[2.268994,41.471511],[2.268994,41.471511],[2.268969,41.4715],[2.268947,41.47149],[2.268918,41.471477],[2.268885,41.471463],[2.268879,41.47146],[2.268844,41.471448],[2.268802,41.471432],[2.268738,41.471409],[2.268656,41.471377],[2.268552,41.471336],[2.268495,41.471316],[2.268414,41.47129],[2.268406,41.471289],[2.268349,41.471273],[2.268285,41.471256],[2.268227,41.471244],[2.268154,41.471232],[2.268077,41.47122],[2.268029,41.471212],[2.267989,41.471208],[2.267982,41.471208],[2.267965,41.471206],[2.267914,41.471202],[2.267819,41.471195],[2.267757,41.471188],[2.267688,41.47118],[2.267614,41.471168],[2.267525,41.471156],[2.267492,41.471149],[2.267432,41.47114],[2.267361,41.471128],[2.267297,41.471116],[2.267203,41.471098],[2.267118,41.47108],[2.267102,41.471123],[2.267083,41.471185],[2.26706,41.471248],[2.267035,41.471315],[2.267029,41.471335],[2.267025,41.471344],[2.267024,41.471348],[2.267022,41.471353],[2.26702,41.471357],[2.267019,41.471361],[2.267016,41.471364],[2.267013,41.471368],[2.267008,41.471373],[2.266981,41.471396],[2.266945,41.471426],[2.266903,41.471463],[2.266863,41.471496],[2.266839,41.471516],[2.266803,41.471549],[2.266761,41.471584],[2.266733,41.471608],[2.266696,41.471634],[2.266654,41.471659],[2.266618,41.471683],[2.266605,41.471689],[2.26659,41.471697],[2.266572,41.471705],[2.26656,41.471709],[2.266544,41.471713],[2.266532,41.471714],[2.266506,41.471718],[2.266482,41.47172],[2.266445,41.471722],[2.2664,41.471723],[2.266327,41.471755],[2.266265,41.471746],[2.2662,41.471737],[2.266015,41.471707],[2.265916,41.471689],[2.265847,41.471679],[2.265613,41.471618],[2.265569,41.471607],[2.265279,41.471527],[2.265204,41.471509],[2.265156,41.471499],[2.265139,41.471496],[2.265072,41.471481],[2.26495,41.471455],[2.264775,41.471417],[2.264665,41.471394],[2.264617,41.471382],[2.264345,41.471318],[2.264179,41.471472],[2.264148,41.471453],[2.26413,41.471456],[2.264124,41.471457],[2.26411,41.471457],[2.264103,41.471457],[2.26409,41.471456],[2.264079,41.471454],[2.264069,41.47145],[2.264063,41.471448],[2.264058,41.471447],[2.264049,41.471443],[2.264039,41.471439],[2.264026,41.471433],[2.264023,41.471431],[2.264014,41.471425],[2.264006,41.47142],[2.263998,41.471414],[2.263987,41.471406],[2.26398,41.471401],[2.263975,41.471396],[2.263969,41.4714],[2.263966,41.471396],[2.263969,41.471394],[2.263957,41.471384],[2.263947,41.471375],[2.263942,41.471371],[2.263937,41.471366],[2.263933,41.471362],[2.263924,41.471354],[2.263918,41.471346],[2.263912,41.471338],[2.263904,41.471326],[2.263894,41.471307],[2.26389,41.471298],[2.263887,41.47129],[2.263881,41.471274],[2.263877,41.471264],[2.263875,41.471253],[2.263872,41.471243],[2.263868,41.471232],[2.263867,41.471214],[2.261375,41.470677],[2.260802,41.470767],[2.255783,41.476241],[2.25428,41.477881],[2.24824,41.484613],[2.247473,41.485188],[2.247458,41.48545],[2.247653,41.485792],[2.247575,41.486309],[2.247379,41.486552],[2.247543,41.487391],[2.247332,41.488039],[2.247266,41.488412],[2.246952,41.488669]]]}},{"type":"Feature","properties":{"nationalCode":"34090808244","name":"Santa Coloma de Cervelló"},"geometry":{"type":"Polygon","coordinates":[[[1.998119,41.356441],[1.998232,41.357444],[1.999172,41.360347],[1.998866,41.361036],[1.998274,41.362043],[1.998207,41.362874],[1.998047,41.363601],[1.99804,41.363971],[1.999396,41.364362],[2.000601,41.364949],[2.001168,41.365338],[2.001777,41.365951],[2.00188,41.36682],[2.001844,41.367127],[2.001908,41.367341],[2.002652,41.36801],[2.002944,41.368691],[2.003192,41.369283],[2.003123,41.369466],[2.002259,41.370197],[2.001823,41.370594],[2.000568,41.371216],[2.000323,41.371452],[1.999865,41.371588],[2.002012,41.376418],[2.002023,41.376494],[2.002024,41.376515],[2.00202,41.376535],[2.002012,41.376555],[2.002,41.376574],[2.001984,41.37659],[2.001965,41.376605],[2.001908,41.376643],[2.001856,41.376685],[2.001809,41.37673],[2.001769,41.376779],[2.001735,41.376831],[2.001725,41.376857],[2.001721,41.376885],[2.001722,41.376912],[2.001729,41.376939],[2.001742,41.376965],[2.00176,41.376989],[2.001782,41.377011],[2.001809,41.37703],[2.001863,41.377064],[2.00192,41.377095],[2.001981,41.377121],[2.002045,41.377144],[2.002069,41.377152],[2.002091,41.377164],[2.002111,41.377177],[2.002127,41.377194],[2.002286,41.37736],[2.00238,41.37745],[2.002467,41.377545],[2.002643,41.377707],[2.002838,41.377895],[2.002841,41.377897],[2.004114,41.378442],[2.005481,41.378885],[2.005604,41.378848],[2.005668,41.37894],[2.005751,41.378944],[2.005756,41.378951],[2.00593,41.378962],[2.006129,41.379004],[2.006153,41.379018],[2.006177,41.379031],[2.006243,41.379051],[2.006297,41.379098],[2.006398,41.379202],[2.006413,41.379202],[2.006549,41.379198],[2.006711,41.379215],[2.007306,41.379255],[2.007534,41.379272],[2.007923,41.379277],[2.008043,41.379281],[2.008205,41.379251],[2.008284,41.379231],[2.008362,41.379206],[2.008437,41.379177],[2.008508,41.379144],[2.008579,41.379107],[2.008645,41.379066],[2.008707,41.379021],[2.008734,41.378999],[2.008765,41.378981],[2.0088,41.378966],[2.008837,41.378955],[2.008914,41.378942],[2.008993,41.378935],[2.009072,41.378935],[2.00915,41.378942],[2.009243,41.378966],[2.009338,41.378983],[2.009363,41.378987],[2.009388,41.378988],[2.009412,41.378985],[2.009436,41.37898],[2.009459,41.378972],[2.009479,41.378961],[2.009497,41.378948],[2.009504,41.378937],[2.009513,41.378928],[2.009524,41.378919],[2.009537,41.378912],[2.009551,41.378906],[2.009566,41.378902],[2.009671,41.378897],[2.009762,41.37889],[2.009891,41.378868],[2.010008,41.378854],[2.010172,41.378885],[2.010383,41.378912],[2.010564,41.37892],[2.010737,41.378917],[2.011029,41.378903],[2.011042,41.378902],[2.011411,41.378853],[2.011523,41.37884],[2.011635,41.378831],[2.011748,41.378825],[2.011859,41.378825],[2.01197,41.378832],[2.012079,41.378846],[2.012214,41.378867],[2.012419,41.378923],[2.012513,41.378945],[2.012735,41.378992],[2.012798,41.378995],[2.012861,41.379002],[2.012923,41.379013],[2.013011,41.379024],[2.0131,41.379031],[2.013189,41.379034],[2.013262,41.379037],[2.013333,41.379046],[2.013403,41.379061],[2.01347,41.379081],[2.013519,41.379095],[2.013571,41.379104],[2.013623,41.379107],[2.013707,41.379113],[2.01379,41.379125],[2.013872,41.379141],[2.013951,41.379162],[2.013994,41.379175],[2.014035,41.379192],[2.014072,41.379213],[2.014105,41.379238],[2.01419,41.379336],[2.014206,41.379347],[2.014224,41.379355],[2.014243,41.379362],[2.014263,41.379366],[2.014297,41.379368],[2.01433,41.379372],[2.014423,41.379396],[2.014514,41.379425],[2.014603,41.379457],[2.014689,41.379493],[2.014798,41.379526],[2.014904,41.379564],[2.015007,41.379608],[2.015087,41.379639],[2.015171,41.379664],[2.015315,41.379707],[2.01546,41.379746],[2.015557,41.379794],[2.015652,41.379843],[2.015715,41.379863],[2.015782,41.379879],[2.015849,41.379889],[2.015918,41.379895],[2.015987,41.379895],[2.01632,41.379874],[2.016369,41.379869],[2.016418,41.37987],[2.016467,41.379878],[2.016513,41.37989],[2.016556,41.379908],[2.016595,41.379931],[2.016664,41.37998],[2.01673,41.380031],[2.016792,41.380084],[2.016834,41.380121],[2.016881,41.380154],[2.016932,41.380184],[2.016987,41.380211],[2.017055,41.380234],[2.017158,41.380248],[2.017301,41.380269],[2.017329,41.380273],[2.017366,41.380278],[2.017497,41.380296],[2.017518,41.3803],[2.017536,41.380303],[2.01755,41.380306],[2.01767,41.380328],[2.018508,41.380693],[2.018679,41.380508],[2.018838,41.380537],[2.018951,41.380568],[2.01915,41.380623],[2.019444,41.380726],[2.019649,41.380799],[2.019757,41.380837],[2.020007,41.380925],[2.020061,41.380944],[2.023337,41.382098],[2.023528,41.382165],[2.023751,41.382244],[2.026649,41.383195],[2.027194,41.381406],[2.027628,41.379993],[2.027883,41.379453],[2.028159,41.378988],[2.028434,41.378583],[2.028695,41.378242],[2.029521,41.377164],[2.030255,41.376212],[2.031101,41.375136],[2.031762,41.374292],[2.032404,41.373516],[2.033582,41.372131],[2.034307,41.371304],[2.035163,41.370525],[2.035646,41.370173],[2.036225,41.36952],[2.036802,41.368933],[2.036999,41.368659],[2.037246,41.368297],[2.03749,41.368094],[2.037758,41.367938],[2.037993,41.367819],[2.038284,41.367743],[2.038557,41.367709],[2.038791,41.367723],[2.038983,41.367767],[2.039188,41.36779],[2.03951,41.36775],[2.0398,41.367692],[2.040084,41.367575],[2.040431,41.367413],[2.040912,41.367181],[2.041153,41.367113],[2.041451,41.367063],[2.041861,41.367006],[2.042263,41.366924],[2.042662,41.366838],[2.04299,41.366781],[2.043587,41.366681],[2.04381,41.366612],[2.044047,41.366475],[2.044238,41.366342],[2.044778,41.365931],[2.045381,41.365335],[2.045728,41.364941],[2.046512,41.364193],[2.046723,41.364014],[2.046867,41.363826],[2.047035,41.363593],[2.047141,41.363404],[2.047456,41.362883],[2.04778,41.362283],[2.04817,41.361641],[2.045892,41.361534],[2.044583,41.361448],[2.04436,41.361962],[2.0436,41.362031],[2.041505,41.361826],[2.039514,41.361725],[2.038019,41.361565],[2.035944,41.361458],[2.034595,41.361319],[2.034234,41.36129],[2.033383,41.361264],[2.033072,41.36126],[2.032301,41.361177],[2.031334,41.360571],[2.030033,41.359197],[2.026044,41.357211],[2.024982,41.356915],[2.024175,41.356995],[2.023242,41.35682],[2.023153,41.3583],[2.023055,41.359043],[2.022937,41.359219],[2.021958,41.359235],[2.021593,41.359773],[2.020779,41.359755],[2.020283,41.359822],[2.019726,41.360197],[2.01898,41.359663],[2.018617,41.3593],[2.017709,41.358674],[2.017657,41.358469],[2.017971,41.358203],[2.019023,41.35759],[2.019279,41.357336],[2.018951,41.357116],[2.018631,41.356995],[2.018354,41.356809],[2.017704,41.35582],[2.016924,41.355161],[2.016522,41.355052],[2.016345,41.354934],[2.016296,41.354756],[2.016091,41.354576],[2.014695,41.355078],[2.013048,41.35587],[2.012597,41.356223],[2.012272,41.356814],[2.009569,41.356788],[2.00773,41.357111],[2.00725,41.357078],[2.005284,41.356695],[2.004008,41.356571],[2.002249,41.356684],[2.001287,41.356609],[1.999184,41.356151],[1.998428,41.356256],[1.998119,41.356441]]]}},{"type":"Feature","properties":{"nationalCode":"34090808245","name":"Santa Coloma de Gramenet"},"geometry":{"type":"Polygon","coordinates":[[[2.18706,41.467717],[2.187421,41.467996],[2.189037,41.470696],[2.189622,41.470535],[2.190221,41.47039],[2.191093,41.471107],[2.191131,41.471133],[2.191933,41.471438],[2.192633,41.471506],[2.19285,41.471829],[2.193588,41.472219],[2.194491,41.472439],[2.195878,41.472421],[2.198241,41.472926],[2.199012,41.473287],[2.200019,41.473305],[2.201438,41.472646],[2.202346,41.471867],[2.202855,41.471808],[2.203906,41.471472],[2.204243,41.471042],[2.205737,41.470425],[2.206668,41.470239],[2.209589,41.470395],[2.210349,41.470621],[2.211323,41.471126],[2.221607,41.465194],[2.221642,41.463842],[2.220565,41.462945],[2.22031,41.462606],[2.220351,41.462379],[2.220884,41.461715],[2.221109,41.461237],[2.220898,41.460842],[2.220422,41.460584],[2.219956,41.460587],[2.219323,41.460751],[2.218688,41.460591],[2.218331,41.460319],[2.218277,41.459943],[2.218388,41.459092],[2.217608,41.458173],[2.217003,41.457796],[2.217859,41.456379],[2.22053,41.452693],[2.223219,41.448627],[2.222316,41.448569],[2.221786,41.448368],[2.220675,41.447059],[2.220164,41.445462],[2.219244,41.445621],[2.218506,41.444934],[2.217988,41.444742],[2.216228,41.443228],[2.215532,41.442315],[2.214826,41.44186],[2.214342,41.441648],[2.213657,41.44041],[2.213043,41.440069],[2.21276,41.439677],[2.212733,41.439192],[2.212985,41.438451],[2.21314,41.43695],[2.214624,41.435622],[2.215073,41.435097],[2.214094,41.43498],[2.21322,41.434524],[2.212213,41.434201],[2.210759,41.43343],[2.210664,41.433599],[2.210459,41.433967],[2.210305,41.434248],[2.210167,41.434518],[2.210097,41.434662],[2.20998,41.434911],[2.209888,41.435117],[2.209805,41.435312],[2.209746,41.435459],[2.209707,41.435555],[2.209627,41.435759],[2.209538,41.43601],[2.209411,41.436386],[2.208625,41.43919],[2.208468,41.43977],[2.208401,41.439996],[2.208347,41.440164],[2.20829,41.440332],[2.208226,41.440515],[2.208156,41.440697],[2.208094,41.440853],[2.207991,41.441096],[2.207952,41.441185],[2.207911,41.441273],[2.20783,41.441442],[2.20775,41.441604],[2.207662,41.441774],[2.207616,41.441863],[2.207568,41.441951],[2.20747,41.442123],[2.207372,41.44229],[2.207322,41.442373],[2.207194,41.442577],[2.207063,41.442779],[2.206943,41.442962],[2.206835,41.443116],[2.206298,41.443808],[2.206133,41.444],[2.205881,41.444283],[2.205606,41.444578],[2.205309,41.444891],[2.204988,41.445227],[2.204108,41.446156],[2.203864,41.446416],[2.203411,41.446891],[2.203211,41.447103],[2.201942,41.448391],[2.20183,41.448504],[2.200701,41.449621],[2.200177,41.450136],[2.199573,41.450725],[2.199181,41.451067],[2.198476,41.451669],[2.198106,41.451981],[2.197713,41.452276],[2.196993,41.452785],[2.195277,41.453989],[2.194506,41.454535],[2.1938,41.455045],[2.192328,41.456105],[2.191706,41.456555],[2.191311,41.456851],[2.190956,41.457139],[2.190617,41.457433],[2.190148,41.457874],[2.189787,41.458219],[2.189365,41.458639],[2.189014,41.459039],[2.188835,41.459267],[2.188609,41.459584],[2.18846,41.459817],[2.188328,41.460045],[2.188199,41.460293],[2.188056,41.460599],[2.187961,41.460832],[2.187873,41.461079],[2.187798,41.46131],[2.187717,41.461617],[2.187681,41.461802],[2.18764,41.462131],[2.187454,41.463796],[2.18738,41.46448],[2.187182,41.466286],[2.187111,41.467106],[2.18706,41.467717]]]}},{"type":"Feature","properties":{"nationalCode":"34090808252","name":"Barberà del Vallès"},"geometry":{"type":"Polygon","coordinates":[[[2.112151,41.518219],[2.111804,41.518522],[2.110793,41.519675],[2.109675,41.521147],[2.115953,41.522821],[2.120263,41.524627],[2.121057,41.524961],[2.124873,41.527005],[2.125354,41.527019],[2.126227,41.527458],[2.126718,41.527913],[2.126488,41.528328],[2.12561,41.528286],[2.125251,41.528329],[2.12502,41.528403],[2.124708,41.528552],[2.12448,41.528697],[2.1243,41.52884],[2.124201,41.528962],[2.124095,41.529137],[2.124037,41.529302],[2.123935,41.529712],[2.123864,41.530759],[2.124457,41.531138],[2.12369,41.531433],[2.123124,41.531846],[2.122817,41.532508],[2.123393,41.533031],[2.123836,41.533434],[2.124407,41.533526],[2.124565,41.533231],[2.126638,41.532652],[2.127037,41.53272],[2.127433,41.532787],[2.127518,41.532802],[2.12778,41.532844],[2.128439,41.533202],[2.128656,41.533318],[2.129029,41.53349],[2.131032,41.533662],[2.131327,41.533919],[2.131691,41.533911],[2.132963,41.533895],[2.133494,41.533885],[2.133495,41.533588],[2.133496,41.533205],[2.133498,41.532732],[2.133581,41.532422],[2.133862,41.531879],[2.134245,41.531393],[2.134341,41.531272],[2.135312,41.531427],[2.135913,41.531463],[2.136832,41.531565],[2.136921,41.531566],[2.138246,41.531597],[2.138659,41.531617],[2.138677,41.531573],[2.13872,41.531515],[2.138821,41.531387],[2.138871,41.531334],[2.138935,41.531276],[2.13903,41.531201],[2.139172,41.531099],[2.139327,41.53101],[2.139466,41.530924],[2.139669,41.5308],[2.139816,41.530697],[2.139988,41.530583],[2.140107,41.530504],[2.140182,41.530452],[2.140287,41.530405],[2.140439,41.530336],[2.140555,41.530271],[2.14065,41.530218],[2.140709,41.530176],[2.140752,41.530111],[2.140781,41.530081],[2.140852,41.530034],[2.140883,41.530001],[2.140931,41.529946],[2.140981,41.529913],[2.141107,41.529851],[2.141422,41.529666],[2.142011,41.52932],[2.142137,41.529244],[2.142204,41.529214],[2.142288,41.529199],[2.142453,41.529182],[2.142671,41.529173],[2.142813,41.529165],[2.142904,41.529159],[2.142968,41.529155],[2.143048,41.529141],[2.143169,41.52912],[2.143269,41.529096],[2.143429,41.529056],[2.143544,41.529025],[2.143604,41.529003],[2.143708,41.528962],[2.14383,41.528912],[2.143969,41.528842],[2.144052,41.528799],[2.144106,41.528769],[2.144219,41.528719],[2.144319,41.52867],[2.14445,41.528602],[2.144607,41.528515],[2.144672,41.52848],[2.144871,41.5284],[2.145113,41.528302],[2.145319,41.528218],[2.145551,41.528128],[2.145632,41.528097],[2.145715,41.528059],[2.145772,41.528026],[2.145848,41.527977],[2.146008,41.527872],[2.146227,41.52773],[2.146342,41.527649],[2.14638,41.527613],[2.146455,41.527546],[2.146533,41.527472],[2.146627,41.527394],[2.146699,41.527326],[2.146757,41.527285],[2.146849,41.527202],[2.146958,41.527112],[2.14703,41.527057],[2.147113,41.526986],[2.147218,41.526903],[2.147319,41.52682],[2.14745,41.526719],[2.147563,41.526632],[2.147719,41.526499],[2.147815,41.526411],[2.147937,41.526308],[2.147998,41.526261],[2.148097,41.526192],[2.148172,41.526136],[2.148279,41.526071],[2.148307,41.526054],[2.148347,41.52603],[2.148374,41.526002],[2.148403,41.525968],[2.148463,41.525902],[2.148548,41.525795],[2.148623,41.525711],[2.148658,41.525683],[2.148711,41.525654],[2.148798,41.525614],[2.148891,41.525573],[2.148986,41.525534],[2.14906,41.525496],[2.149117,41.525464],[2.149183,41.525427],[2.149224,41.525401],[2.149259,41.525376],[2.149274,41.525355],[2.149286,41.52533],[2.149298,41.525299],[2.149309,41.525244],[2.149316,41.525191],[2.149322,41.52512],[2.149322,41.52501],[2.149325,41.524926],[2.149321,41.524823],[2.14931,41.524779],[2.149292,41.524743],[2.149283,41.524709],[2.149263,41.524621],[2.149246,41.524536],[2.149234,41.524448],[2.149223,41.524363],[2.149216,41.524304],[2.149218,41.524266],[2.14923,41.524236],[2.149254,41.524195],[2.149257,41.524169],[2.149252,41.524086],[2.149241,41.523998],[2.14921,41.523777],[2.14917,41.523498],[2.149151,41.523437],[2.149124,41.52339],[2.149109,41.523368],[2.149103,41.523347],[2.149097,41.523324],[2.149106,41.523303],[2.149126,41.523285],[2.149147,41.523276],[2.149176,41.523264],[2.149205,41.523245],[2.149228,41.523225],[2.149295,41.523181],[2.14937,41.523145],[2.149462,41.52309],[2.149546,41.523035],[2.149621,41.522992],[2.149667,41.522966],[2.149771,41.522918],[2.149869,41.522879],[2.150029,41.522806],[2.15013,41.522757],[2.150209,41.522712],[2.150242,41.522697],[2.150303,41.52268],[2.150388,41.522654],[2.150486,41.522627],[2.150617,41.522588],[2.150716,41.522561],[2.150797,41.522524],[2.150847,41.522481],[2.15091,41.522425],[2.151013,41.522331],[2.151093,41.522246],[2.151218,41.522126],[2.151343,41.521993],[2.15147,41.521842],[2.151573,41.521705],[2.151897,41.52125],[2.152117,41.520922],[2.152165,41.52084],[2.152215,41.520753],[2.152233,41.520722],[2.152259,41.520692],[2.152297,41.520655],[2.152328,41.520626],[2.152361,41.520586],[2.152437,41.520478],[2.152519,41.520352],[2.152589,41.520242],[2.152646,41.520167],[2.1527,41.520081],[2.152766,41.519962],[2.152831,41.519866],[2.152907,41.519895],[2.153008,41.519967],[2.153097,41.520023],[2.153165,41.52007],[2.153202,41.520086],[2.153233,41.520089],[2.153276,41.520087],[2.153357,41.520077],[2.153479,41.520049],[2.153703,41.52],[2.154072,41.51992],[2.154324,41.519869],[2.15442,41.519849],[2.15452,41.519818],[2.154638,41.519774],[2.154691,41.519757],[2.154734,41.519748],[2.154829,41.51974],[2.154997,41.519731],[2.15524,41.51972],[2.155462,41.519716],[2.155605,41.51971],[2.155816,41.519696],[2.155905,41.519699],[2.156072,41.519714],[2.156199,41.519723],[2.156305,41.51973],[2.156405,41.519731],[2.156489,41.519729],[2.156598,41.519725],[2.15664,41.519723],[2.156656,41.51973],[2.156672,41.519748],[2.156689,41.51978],[2.156707,41.519808],[2.156735,41.51983],[2.156776,41.519849],[2.15683,41.519859],[2.156901,41.519868],[2.157007,41.519872],[2.157118,41.519869],[2.157187,41.519866],[2.157236,41.519859],[2.157297,41.519848],[2.157358,41.519831],[2.157413,41.519809],[2.157475,41.519782],[2.15756,41.519737],[2.157621,41.519708],[2.157668,41.519682],[2.157689,41.519675],[2.157713,41.519671],[2.157773,41.51967],[2.157821,41.519666],[2.15793,41.519649],[2.15804,41.519634],[2.15823,41.519607],[2.158416,41.519579],[2.15854,41.519555],[2.158627,41.519535],[2.158708,41.519511],[2.158779,41.519489],[2.158876,41.519457],[2.158937,41.519429],[2.159027,41.519384],[2.15912,41.519341],[2.159189,41.5193],[2.159319,41.519221],[2.159438,41.519153],[2.159523,41.519103],[2.159602,41.51906],[2.159707,41.518995],[2.159807,41.518927],[2.159852,41.5189],[2.159893,41.518871],[2.160065,41.518773],[2.160135,41.518732],[2.16019,41.518702],[2.160231,41.518673],[2.160263,41.518642],[2.160297,41.518598],[2.16033,41.51856],[2.160352,41.518525],[2.16039,41.51846],[2.16045,41.518375],[2.16049,41.518294],[2.160522,41.518253],[2.160561,41.518178],[2.160598,41.518101],[2.160642,41.517997],[2.160644,41.51795],[2.160659,41.517856],[2.160676,41.517757],[2.160695,41.517682],[2.160708,41.517601],[2.160721,41.517507],[2.160738,41.517417],[2.160754,41.517322],[2.160761,41.517271],[2.160775,41.517218],[2.160791,41.517151],[2.160803,41.517124],[2.160811,41.517107],[2.160832,41.517083],[2.160842,41.517071],[2.16085,41.517048],[2.160855,41.517031],[2.160863,41.516939],[2.160883,41.516812],[2.160901,41.516701],[2.16092,41.516624],[2.160956,41.516473],[2.160969,41.516413],[2.160996,41.516341],[2.161036,41.516207],[2.161079,41.516053],[2.161098,41.515997],[2.161112,41.515965],[2.161132,41.515945],[2.161167,41.515933],[2.161216,41.515931],[2.161284,41.515945],[2.161488,41.515993],[2.161916,41.516092],[2.162044,41.516136],[2.162227,41.516195],[2.162355,41.516235],[2.16244,41.516254],[2.162503,41.516267],[2.162675,41.516182],[2.162663,41.516126],[2.162643,41.51613],[2.162627,41.516094],[2.16262,41.516069],[2.162615,41.516046],[2.162611,41.516004],[2.162617,41.515897],[2.162624,41.515812],[2.162631,41.515738],[2.162634,41.515512],[2.162617,41.515323],[2.162611,41.515254],[2.162595,41.515188],[2.162563,41.515049],[2.162551,41.514985],[2.162522,41.514772],[2.162509,41.514699],[2.162457,41.514363],[2.162439,41.514265],[2.162369,41.513944],[2.162349,41.513805],[2.162348,41.513734],[2.162347,41.513688],[2.162354,41.513655],[2.162376,41.513607],[2.162453,41.513512],[2.162489,41.51347],[2.162498,41.513446],[2.162498,41.513427],[2.162482,41.5134],[2.162406,41.513299],[2.162161,41.513027],[2.16205,41.512891],[2.16194,41.512763],[2.161878,41.512686],[2.161851,41.512653],[2.161835,41.512616],[2.161824,41.512573],[2.161815,41.512513],[2.161799,41.51244],[2.161749,41.512256],[2.161711,41.512127],[2.161673,41.512033],[2.161659,41.512002],[2.161638,41.511946],[2.161629,41.511909],[2.161617,41.511857],[2.161608,41.5118],[2.161609,41.511759],[2.161611,41.511707],[2.161606,41.511656],[2.161615,41.511586],[2.161638,41.511505],[2.161646,41.511449],[2.161642,41.511365],[2.161642,41.511287],[2.161655,41.511165],[2.161693,41.511027],[2.161718,41.510948],[2.161728,41.510909],[2.161734,41.510861],[2.161718,41.510796],[2.1617,41.510763],[2.161674,41.510713],[2.161627,41.510644],[2.161594,41.510607],[2.161555,41.510571],[2.161529,41.510548],[2.161485,41.51052],[2.16143,41.510491],[2.161286,41.510419],[2.161189,41.510379],[2.161125,41.510351],[2.161063,41.510325],[2.160995,41.510295],[2.160951,41.510269],[2.160927,41.510239],[2.160896,41.510198],[2.160885,41.510144],[2.160892,41.51009],[2.16091,41.510032],[2.160938,41.509939],[2.160991,41.509807],[2.161048,41.50966],[2.161111,41.509503],[2.161175,41.509355],[2.161222,41.509233],[2.161242,41.509154],[2.161252,41.509105],[2.161269,41.508992],[2.161278,41.508877],[2.161278,41.508825],[2.161272,41.508796],[2.16126,41.508757],[2.161238,41.508718],[2.161204,41.508669],[2.161137,41.508587],[2.161093,41.508532],[2.161049,41.508488],[2.161009,41.50845],[2.160975,41.508423],[2.16095,41.508406],[2.160909,41.508381],[2.160857,41.508355],[2.160811,41.508332],[2.160734,41.508302],[2.160585,41.508258],[2.160425,41.50821],[2.1603,41.508168],[2.160199,41.50813],[2.160036,41.508079],[2.159972,41.508055],[2.159906,41.508019],[2.15984,41.507979],[2.159771,41.507925],[2.159714,41.507885],[2.159673,41.507855],[2.159613,41.507818],[2.159549,41.507769],[2.159477,41.507708],[2.159383,41.50765],[2.159319,41.507607],[2.159231,41.507538],[2.159139,41.507465],[2.159016,41.507374],[2.158995,41.507388],[2.158763,41.507705],[2.158487,41.508455],[2.15761,41.508873],[2.157191,41.50963],[2.155418,41.510673],[2.154717,41.511353],[2.153329,41.510767],[2.152524,41.510578],[2.152226,41.510141],[2.150208,41.508863],[2.149594,41.508675],[2.149119,41.509632],[2.149213,41.51006],[2.148168,41.510026],[2.147997,41.510002],[2.147212,41.509898],[2.146436,41.510383],[2.145925,41.510586],[2.142587,41.50943],[2.142698,41.508867],[2.142423,41.508528],[2.142074,41.508094],[2.141469,41.507716],[2.139811,41.507349],[2.139037,41.507411],[2.135867,41.508516],[2.136197,41.507241],[2.13599,41.506746],[2.135274,41.506625],[2.134938,41.505964],[2.130966,41.50653],[2.129563,41.506493],[2.126001,41.506244],[2.125512,41.506636],[2.125325,41.506831],[2.125112,41.506985],[2.124783,41.507202],[2.124625,41.507097],[2.124519,41.507054],[2.124421,41.507034],[2.124299,41.507022],[2.124155,41.507013],[2.124032,41.506998],[2.123894,41.50697],[2.123792,41.506946],[2.123679,41.50691],[2.123559,41.506763],[2.123417,41.506619],[2.123256,41.506448],[2.123129,41.50632],[2.123009,41.506127],[2.122919,41.505975],[2.122833,41.505859],[2.122778,41.505805],[2.122704,41.505652],[2.113489,41.512346],[2.11337,41.512428],[2.113343,41.512475],[2.113312,41.512525],[2.113274,41.512605],[2.113169,41.51357],[2.113323,41.513576],[2.113423,41.513628],[2.113495,41.513727],[2.113592,41.513827],[2.11377,41.51392],[2.114014,41.514051],[2.114284,41.514157],[2.114616,41.514271],[2.114918,41.514371],[2.115187,41.51446],[2.115644,41.51458],[2.11603,41.51498],[2.115295,41.515537],[2.114694,41.51599],[2.114314,41.516292],[2.113815,41.516694],[2.113351,41.517081],[2.113111,41.517304],[2.112789,41.517587],[2.112528,41.51782],[2.112151,41.518219]]]}},{"type":"Feature","properties":{"nationalCode":"34090808263","name":"Sant Vicenç dels Horts"},"geometry":{"type":"Polygon","coordinates":[[[1.988596,41.408331],[1.98897,41.408581],[1.990705,41.40937],[1.992522,41.408903],[1.992824,41.408782],[1.993768,41.407994],[1.99476,41.407365],[1.995612,41.407094],[1.996778,41.406548],[1.997836,41.405845],[1.998036,41.4058],[1.99823,41.405837],[1.99913,41.406185],[2.001929,41.408368],[2.002425,41.408751],[2.003135,41.409125],[2.003331,41.409189],[2.006812,41.410288],[2.008557,41.410734],[2.009711,41.410976],[2.010485,41.410201],[2.010933,41.409663],[2.011152,41.409288],[2.011237,41.409144],[2.011245,41.409126],[2.011332,41.408956],[2.011645,41.408333],[2.011974,41.407886],[2.012031,41.40781],[2.012098,41.407735],[2.012527,41.40725],[2.01263,41.407137],[2.012819,41.406886],[2.013003,41.406643],[2.013363,41.406149],[2.01379,41.405494],[2.014441,41.404556],[2.014831,41.403874],[2.015318,41.402902],[2.015535,41.402498],[2.016344,41.401016],[2.017278,41.399511],[2.018231,41.398074],[2.018628,41.397478],[2.018961,41.396916],[2.019253,41.396403],[2.019759,41.395551],[2.020101,41.394853],[2.021019,41.393018],[2.021245,41.392384],[2.021451,41.39132],[2.021821,41.389777],[2.022116,41.389493],[2.022305,41.389278],[2.022499,41.388987],[2.022629,41.388777],[2.022775,41.388509],[2.022893,41.38832],[2.023026,41.388149],[2.023227,41.387933],[2.023478,41.387664],[2.02372,41.387375],[2.023962,41.387103],[2.024302,41.386709],[2.0245,41.386396],[2.02473,41.386084],[2.025021,41.385693],[2.025335,41.385314],[2.025628,41.384912],[2.025852,41.384631],[2.026028,41.384361],[2.026208,41.384082],[2.026364,41.383805],[2.026529,41.383486],[2.026649,41.383195],[2.023751,41.382244],[2.023528,41.382165],[2.023337,41.382098],[2.020061,41.380944],[2.020007,41.380925],[2.019757,41.380837],[2.019649,41.380799],[2.019444,41.380726],[2.01915,41.380623],[2.018951,41.380568],[2.018838,41.380537],[2.018679,41.380508],[2.018508,41.380693],[2.01767,41.380328],[2.01755,41.380306],[2.017536,41.380303],[2.017518,41.3803],[2.017497,41.380296],[2.017366,41.380278],[2.017329,41.380273],[2.017301,41.380269],[2.017158,41.380248],[2.017055,41.380234],[2.016987,41.380211],[2.016932,41.380184],[2.016881,41.380154],[2.016834,41.380121],[2.016792,41.380084],[2.01673,41.380031],[2.016664,41.37998],[2.016595,41.379931],[2.016556,41.379908],[2.016513,41.37989],[2.016467,41.379878],[2.016418,41.37987],[2.016369,41.379869],[2.01632,41.379874],[2.015987,41.379895],[2.015918,41.379895],[2.015849,41.379889],[2.015782,41.379879],[2.015715,41.379863],[2.015652,41.379843],[2.015557,41.379794],[2.01546,41.379746],[2.015315,41.379707],[2.015171,41.379664],[2.015087,41.379639],[2.015007,41.379608],[2.014904,41.379564],[2.014798,41.379526],[2.014689,41.379493],[2.014603,41.379457],[2.014514,41.379425],[2.014423,41.379396],[2.01433,41.379372],[2.014297,41.379368],[2.014263,41.379366],[2.014243,41.379362],[2.014224,41.379355],[2.014206,41.379347],[2.01419,41.379336],[2.014105,41.379238],[2.014072,41.379213],[2.014035,41.379192],[2.013994,41.379175],[2.013951,41.379162],[2.013872,41.379141],[2.01379,41.379125],[2.013707,41.379113],[2.013623,41.379107],[2.013571,41.379104],[2.013519,41.379095],[2.01347,41.379081],[2.013403,41.379061],[2.013333,41.379046],[2.013262,41.379037],[2.013189,41.379034],[2.0131,41.379031],[2.013011,41.379024],[2.012923,41.379013],[2.012861,41.379002],[2.012798,41.378995],[2.012735,41.378992],[2.012513,41.378945],[2.012419,41.378923],[2.012214,41.378867],[2.012079,41.378846],[2.01197,41.378832],[2.011859,41.378825],[2.011748,41.378825],[2.011635,41.378831],[2.011523,41.37884],[2.011411,41.378853],[2.011042,41.378902],[2.011029,41.378903],[2.010737,41.378917],[2.010564,41.37892],[2.010383,41.378912],[2.010172,41.378885],[2.010008,41.378854],[2.009891,41.378868],[2.009762,41.37889],[2.009671,41.378897],[2.009566,41.378902],[2.009551,41.378906],[2.009537,41.378912],[2.009524,41.378919],[2.009513,41.378928],[2.009504,41.378937],[2.009497,41.378948],[2.009479,41.378961],[2.009459,41.378972],[2.009436,41.37898],[2.009412,41.378985],[2.009388,41.378988],[2.009363,41.378987],[2.009338,41.378983],[2.009243,41.378966],[2.00915,41.378942],[2.009072,41.378935],[2.008993,41.378935],[2.008914,41.378942],[2.008837,41.378955],[2.0088,41.378966],[2.008765,41.378981],[2.008734,41.378999],[2.008707,41.379021],[2.008645,41.379066],[2.008579,41.379107],[2.008508,41.379144],[2.008437,41.379177],[2.008362,41.379206],[2.008284,41.379231],[2.008205,41.379251],[2.008043,41.379281],[2.007923,41.379277],[2.007534,41.379272],[2.007306,41.379255],[2.006711,41.379215],[2.006549,41.379198],[2.006413,41.379202],[2.006398,41.379202],[2.006297,41.379098],[2.006243,41.379051],[2.006177,41.379031],[2.006153,41.379018],[2.006129,41.379004],[2.00593,41.378962],[2.005756,41.378951],[2.005751,41.378944],[2.005668,41.37894],[2.005604,41.378848],[2.005481,41.378885],[2.004114,41.378442],[2.002841,41.377897],[2.002838,41.377895],[2.002643,41.377707],[2.002467,41.377545],[2.00238,41.37745],[2.002286,41.37736],[2.002127,41.377194],[2.002111,41.377177],[2.002091,41.377164],[2.002069,41.377152],[2.002045,41.377144],[2.001981,41.377121],[2.00192,41.377095],[2.001863,41.377064],[2.001809,41.37703],[2.001782,41.377011],[2.00176,41.376989],[2.001742,41.376965],[2.001729,41.376939],[2.001722,41.376912],[2.001721,41.376885],[2.001725,41.376857],[2.001735,41.376831],[2.001769,41.376779],[2.001809,41.37673],[2.001856,41.376685],[2.001908,41.376643],[2.001965,41.376605],[2.001984,41.37659],[2.002,41.376574],[2.002012,41.376555],[2.00202,41.376535],[2.002024,41.376515],[2.002023,41.376494],[2.002012,41.376418],[1.999865,41.371588],[1.999841,41.371652],[1.999838,41.371682],[1.999843,41.371706],[1.99984,41.371758],[1.999821,41.371812],[1.999801,41.371843],[1.999777,41.371868],[1.999743,41.371904],[1.999719,41.371949],[1.999687,41.371994],[1.999651,41.372036],[1.999603,41.372079],[1.999569,41.372107],[1.99953,41.372127],[1.999491,41.372137],[1.999451,41.372144],[1.999416,41.372146],[1.999376,41.372153],[1.999318,41.372176],[1.999255,41.372204],[1.99917,41.372242],[1.99911,41.372252],[1.999028,41.372276],[1.998955,41.372291],[1.998878,41.372317],[1.998817,41.372349],[1.998738,41.37239],[1.998669,41.372416],[1.998608,41.372435],[1.998557,41.372449],[1.99851,41.372452],[1.998457,41.372453],[1.998403,41.372465],[1.998336,41.372497],[1.998308,41.37252],[1.998262,41.372548],[1.998203,41.37258],[1.998143,41.372615],[1.998094,41.372645],[1.998045,41.372684],[1.998006,41.372725],[1.997958,41.372767],[1.997911,41.372804],[1.997863,41.372844],[1.997829,41.37288],[1.997818,41.372937],[1.9978,41.372974],[1.997767,41.373007],[1.997743,41.373025],[1.997698,41.373046],[1.997616,41.373071],[1.997548,41.373097],[1.997466,41.373109],[1.997378,41.373108],[1.997294,41.373104],[1.99716,41.373105],[1.997089,41.373112],[1.997028,41.373134],[1.996975,41.373181],[1.996944,41.373202],[1.996919,41.37323],[1.996894,41.373284],[1.99688,41.37333],[1.996874,41.373354],[1.996859,41.373373],[1.996834,41.373393],[1.996802,41.373408],[1.996766,41.373429],[1.99673,41.37347],[1.996695,41.373519],[1.996658,41.373554],[1.996641,41.37358],[1.996615,41.373609],[1.996567,41.37365],[1.996535,41.373686],[1.996504,41.373714],[1.996468,41.373741],[1.996414,41.373766],[1.996381,41.373789],[1.996344,41.373833],[1.996319,41.373889],[1.996276,41.373943],[1.996226,41.373994],[1.996172,41.37405],[1.996105,41.374098],[1.996003,41.374175],[1.995951,41.374224],[1.995899,41.374272],[1.995853,41.374329],[1.995801,41.374372],[1.995695,41.374434],[1.995621,41.374485],[1.995496,41.374562],[1.995447,41.374585],[1.995405,41.374622],[1.995391,41.374649],[1.995366,41.374713],[1.99533,41.374785],[1.995311,41.374854],[1.99531,41.374916],[1.995303,41.37498],[1.995276,41.375054],[1.995259,41.375088],[1.995227,41.375119],[1.99518,41.375144],[1.995129,41.375165],[1.995086,41.375203],[1.995027,41.375247],[1.994977,41.375312],[1.994914,41.375372],[1.994818,41.375431],[1.994724,41.375486],[1.994618,41.375542],[1.994537,41.375581],[1.99436,41.3756],[1.991022,41.37597],[1.990648,41.375894],[1.988912,41.376793],[1.986508,41.375844],[1.985821,41.375603],[1.985343,41.375606],[1.984672,41.376365],[1.984344,41.376613],[1.983937,41.376757],[1.982913,41.376963],[1.982274,41.377369],[1.981392,41.377398],[1.980697,41.377375],[1.980319,41.377436],[1.979772,41.377784],[1.979242,41.378509],[1.978788,41.38023],[1.979204,41.380356],[1.979251,41.380345],[1.981827,41.380585],[1.980917,41.381498],[1.981064,41.382175],[1.980989,41.382449],[1.981224,41.382853],[1.981468,41.383085],[1.981408,41.383394],[1.981714,41.383795],[1.982101,41.38448],[1.982948,41.386487],[1.983166,41.386829],[1.983667,41.387284],[1.984992,41.388037],[1.985414,41.388397],[1.985941,41.389031],[1.985688,41.390104],[1.9868,41.391047],[1.988228,41.392983],[1.988584,41.393724],[1.989234,41.394101],[1.989573,41.394149],[1.990919,41.394082],[1.991936,41.394407],[1.992916,41.394868],[1.993958,41.395516],[1.994704,41.395889],[1.995089,41.396547],[1.995205,41.397433],[1.995227,41.400052],[1.995496,41.400905],[1.99549,41.401301],[1.995368,41.401739],[1.995145,41.4021],[1.994734,41.402505],[1.994119,41.402968],[1.993751,41.40325],[1.99347,41.403726],[1.993422,41.403804],[1.992604,41.403732],[1.992395,41.403813],[1.992011,41.404262],[1.991613,41.404378],[1.991389,41.404415],[1.991183,41.404541],[1.990447,41.405698],[1.989792,41.406366],[1.989698,41.407163],[1.989158,41.407579],[1.989035,41.407761],[1.988956,41.407881],[1.988893,41.407992],[1.988866,41.408031],[1.988839,41.408058],[1.988687,41.408175],[1.988596,41.408331]]]}},{"type":"Feature","properties":{"nationalCode":"34090808266","name":"Cerdanyola del Vallès"},"geometry":{"type":"Polygon","coordinates":[[[2.075184,41.506599],[2.075758,41.506744],[2.079146,41.507333],[2.079981,41.507755],[2.080793,41.50924],[2.081255,41.509787],[2.088413,41.511108],[2.088434,41.510765],[2.089019,41.50983],[2.089805,41.509462],[2.09079,41.509328],[2.091571,41.509222],[2.09238,41.509303],[2.093049,41.509453],[2.094404,41.509762],[2.096119,41.509938],[2.097917,41.509966],[2.099609,41.510152],[2.102412,41.508173],[2.103155,41.507726],[2.10443,41.507192],[2.104764,41.506718],[2.106597,41.507464],[2.106773,41.507583],[2.107008,41.507708],[2.107201,41.507585],[2.107441,41.507445],[2.107922,41.50718],[2.10835,41.506946],[2.109029,41.506634],[2.109013,41.506544],[2.109022,41.50651],[2.109047,41.506421],[2.109148,41.506198],[2.109274,41.505946],[2.109429,41.505744],[2.109612,41.505509],[2.109664,41.505294],[2.109813,41.505114],[2.10992,41.505044],[2.11006,41.505002],[2.110326,41.504921],[2.110707,41.504848],[2.111265,41.504776],[2.111518,41.504738],[2.111928,41.504671],[2.112214,41.504654],[2.112378,41.504625],[2.11268,41.504596],[2.112978,41.504581],[2.113452,41.504541],[2.113908,41.50453],[2.114345,41.504518],[2.114578,41.504508],[2.114729,41.504472],[2.114885,41.504424],[2.115082,41.504339],[2.1153,41.504286],[2.115524,41.504254],[2.115734,41.504268],[2.116123,41.504216],[2.116492,41.504145],[2.116881,41.504034],[2.117082,41.503999],[2.117265,41.50399],[2.117422,41.503954],[2.117645,41.503826],[2.117735,41.503787],[2.117859,41.503674],[2.117982,41.503595],[2.118303,41.503487],[2.118676,41.503416],[2.119012,41.503283],[2.119309,41.503147],[2.119559,41.50299],[2.119641,41.502935],[2.119822,41.502881],[2.120224,41.502749],[2.120326,41.502705],[2.120415,41.502766],[2.120637,41.502921],[2.121091,41.503226],[2.121614,41.503571],[2.12193,41.50377],[2.122319,41.504013],[2.12274,41.504271],[2.123265,41.504574],[2.124056,41.505044],[2.12441,41.505235],[2.124767,41.505418],[2.125213,41.505668],[2.125558,41.505868],[2.125696,41.505972],[2.126001,41.506244],[2.129563,41.506493],[2.130966,41.50653],[2.134938,41.505964],[2.135082,41.505877],[2.138182,41.502375],[2.142861,41.497122],[2.143179,41.496874],[2.143932,41.496335],[2.144037,41.496418],[2.145205,41.497332],[2.149591,41.49412],[2.148221,41.493329],[2.148118,41.493269],[2.151433,41.490855],[2.151597,41.490736],[2.152041,41.490414],[2.15277,41.489885],[2.1535,41.488207],[2.155349,41.48707],[2.157042,41.48622],[2.158382,41.48516],[2.159293,41.48502],[2.160047,41.484563],[2.159625,41.48406],[2.159334,41.483713],[2.157533,41.481561],[2.157993,41.479812],[2.154289,41.475234],[2.155701,41.474621],[2.157202,41.471817],[2.155931,41.466967],[2.156465,41.466916],[2.158671,41.468312],[2.158548,41.467822],[2.158266,41.46743],[2.15818,41.4671],[2.158553,41.466525],[2.158809,41.466289],[2.159504,41.465987],[2.15979,41.465677],[2.159621,41.464155],[2.158887,41.46335],[2.158533,41.462664],[2.158503,41.462134],[2.158195,41.461869],[2.157812,41.461265],[2.157731,41.460845],[2.157957,41.460079],[2.157923,41.459504],[2.157662,41.458931],[2.157163,41.458674],[2.157108,41.456327],[2.157241,41.456042],[2.157751,41.45583],[2.158138,41.455281],[2.158232,41.454197],[2.158511,41.453941],[2.158349,41.45357],[2.155842,41.449935],[2.155721,41.449888],[2.155546,41.449821],[2.155467,41.449787],[2.15538,41.449734],[2.15527,41.449679],[2.155166,41.449625],[2.154967,41.449571],[2.15475,41.449529],[2.154547,41.449459],[2.154442,41.449424],[2.154441,41.449424],[2.154441,41.449423],[2.154439,41.449423],[2.154437,41.449422],[2.154436,41.449422],[2.154435,41.449421],[2.154434,41.449421],[2.154433,41.44942],[2.15443,41.44942],[2.154428,41.449418],[2.154427,41.449418],[2.154426,41.449417],[2.154424,41.449417],[2.154423,41.449416],[2.154422,41.449416],[2.15442,41.449414],[2.154418,41.449414],[2.154417,41.449414],[2.154416,41.449414],[2.154415,41.449413],[2.154414,41.449413],[2.154414,41.449412],[2.154412,41.449412],[2.154411,41.449411],[2.15441,41.449411],[2.154409,41.44941],[2.154408,41.44941],[2.154404,41.449407],[2.154403,41.449407],[2.154402,41.449406],[2.154401,41.449406],[2.154401,41.449405],[2.154399,41.449405],[2.154397,41.449404],[2.154396,41.449403],[2.154396,41.449403],[2.154395,41.449403],[2.154393,41.449402],[2.154392,41.449402],[2.154391,41.449401],[2.154391,41.4494],[2.15439,41.4494],[2.154387,41.449398],[2.154386,41.449398],[2.154386,41.449397],[2.154385,41.449397],[2.15438,41.449393],[2.154379,41.449393],[2.154378,41.449393],[2.154378,41.449392],[2.154377,41.449392],[2.15437,41.449386],[2.154368,41.449386],[2.154368,41.449385],[2.154367,41.449384],[2.154366,41.449384],[2.154366,41.449383],[2.154364,41.449382],[2.154363,41.449382],[2.154363,41.449381],[2.154361,41.44938],[2.15436,41.44938],[2.15436,41.449379],[2.154359,41.449378],[2.154355,41.449375],[2.154355,41.449374],[2.154354,41.449374],[2.154353,41.449373],[2.154353,41.449373],[2.154352,41.449372],[2.154351,41.449372],[2.154351,41.449371],[2.154348,41.449369],[2.154348,41.449368],[2.154347,41.449368],[2.154347,41.449367],[2.154344,41.449364],[2.154344,41.449363],[2.15434,41.449361],[2.15434,41.44936],[2.154336,41.449357],[2.154337,41.449356],[2.154335,41.449355],[2.154335,41.449354],[2.154334,41.449354],[2.154333,41.449353],[2.154333,41.449353],[2.154332,41.449352],[2.154332,41.449351],[2.154331,41.44935],[2.154331,41.449349],[2.154328,41.449347],[2.154328,41.449346],[2.154327,41.449345],[2.154327,41.449344],[2.15432,41.449337],[2.154306,41.449324],[2.15429,41.449308],[2.154282,41.449301],[2.15425,41.449276],[2.154167,41.449217],[2.154139,41.449198],[2.154016,41.449114],[2.153908,41.44904],[2.153835,41.448988],[2.153685,41.448886],[2.153558,41.448798],[2.153544,41.448787],[2.153524,41.448769],[2.153505,41.448751],[2.153432,41.448652],[2.153432,41.44865],[2.153431,41.44865],[2.153431,41.448649],[2.15343,41.448648],[2.15343,41.448646],[2.153429,41.448645],[2.153429,41.448644],[2.153428,41.448643],[2.153428,41.448642],[2.153426,41.448642],[2.153426,41.448642],[2.153425,41.448641],[2.153425,41.448639],[2.153424,41.448638],[2.153424,41.448637],[2.153423,41.448636],[2.153423,41.448634],[2.153422,41.448633],[2.153422,41.448633],[2.15342,41.448632],[2.153421,41.448631],[2.153419,41.44863],[2.153419,41.448628],[2.153418,41.448627],[2.153418,41.448625],[2.153417,41.448624],[2.153417,41.448623],[2.153416,41.448622],[2.153416,41.448619],[2.153415,41.448618],[2.153415,41.448617],[2.153414,41.448616],[2.153414,41.448614],[2.153412,41.448613],[2.153412,41.44861],[2.153411,41.448609],[2.153411,41.448606],[2.15341,41.448605],[2.15341,41.448602],[2.153409,41.448601],[2.153409,41.448596],[2.153408,41.448595],[2.153408,41.44859],[2.153407,41.448589],[2.153407,41.448581],[2.153406,41.44858],[2.153406,41.448573],[2.153387,41.448375],[2.153341,41.448217],[2.15332,41.448062],[2.153314,41.447968],[2.153304,41.447901],[2.153298,41.447849],[2.153269,41.447789],[2.153182,41.447762],[2.153062,41.447733],[2.152954,41.447693],[2.152845,41.447658],[2.152757,41.44761],[2.152613,41.447502],[2.152525,41.447427],[2.152358,41.447299],[2.15221,41.447179],[2.152071,41.447064],[2.152029,41.44704],[2.151971,41.447027],[2.151911,41.44702],[2.151831,41.447027],[2.151716,41.447044],[2.151619,41.447065],[2.151483,41.4471],[2.151297,41.447144],[2.15115,41.447186],[2.151043,41.447229],[2.150868,41.447271],[2.15075,41.4473],[2.150662,41.447302],[2.150582,41.447284],[2.150445,41.447229],[2.150361,41.447208],[2.150285,41.447197],[2.150193,41.44719],[2.150004,41.447176],[2.149865,41.447191],[2.149723,41.447218],[2.149646,41.447232],[2.14953,41.447224],[2.149428,41.447174],[2.149291,41.4471],[2.149232,41.447056],[2.149155,41.447006],[2.149055,41.446953],[2.148887,41.4469],[2.148735,41.446837],[2.148635,41.446793],[2.148562,41.446771],[2.148485,41.446755],[2.148424,41.446756],[2.148364,41.446771],[2.148255,41.446809],[2.148145,41.446828],[2.148051,41.446849],[2.147925,41.446861],[2.147805,41.446872],[2.14771,41.446899],[2.147582,41.446947],[2.147409,41.447036],[2.147253,41.447114],[2.147087,41.447225],[2.146949,41.447334],[2.146795,41.447447],[2.146713,41.447507],[2.146615,41.447554],[2.146503,41.447588],[2.14633,41.447629],[2.146241,41.447641],[2.146093,41.447659],[2.145921,41.447681],[2.145773,41.447709],[2.145649,41.447729],[2.145427,41.447781],[2.145321,41.447822],[2.145208,41.447885],[2.145142,41.447934],[2.145098,41.447953],[2.145038,41.447955],[2.144861,41.447895],[2.144761,41.447856],[2.144598,41.447815],[2.144461,41.447793],[2.144278,41.44777],[2.144148,41.447771],[2.143991,41.447766],[2.143506,41.447617],[2.143422,41.447587],[2.14329,41.44754],[2.143288,41.447539],[2.143248,41.447524],[2.143065,41.447462],[2.143055,41.447459],[2.143028,41.447449],[2.142997,41.447423],[2.142921,41.447367],[2.142572,41.447142],[2.142435,41.447031],[2.142348,41.44698],[2.14227,41.446958],[2.142113,41.446946],[2.142033,41.446939],[2.141853,41.446934],[2.141755,41.446952],[2.141652,41.446985],[2.141563,41.447027],[2.141475,41.447079],[2.141396,41.447145],[2.141348,41.447196],[2.141347,41.447196],[2.141346,41.447196],[2.141344,41.447197],[2.141343,41.447198],[2.141342,41.447198],[2.141341,41.447199],[2.14134,41.447199],[2.141338,41.4472],[2.141337,41.447201],[2.141335,41.447201],[2.141334,41.447202],[2.141332,41.447202],[2.141331,41.447203],[2.141328,41.447203],[2.141326,41.447203],[2.141323,41.447203],[2.141321,41.447204],[2.141312,41.447204],[2.141311,41.447205],[2.141299,41.447205],[2.141298,41.447206],[2.141287,41.447206],[2.141286,41.447207],[2.141275,41.447207],[2.141274,41.447208],[2.141264,41.447207],[2.141263,41.447208],[2.141254,41.447208],[2.141253,41.447209],[2.141244,41.447209],[2.141242,41.44721],[2.141235,41.44721],[2.141234,41.447211],[2.141226,41.447211],[2.141212,41.447214],[2.141206,41.447217],[2.141192,41.447225],[2.141185,41.447229],[2.141175,41.447237],[2.141165,41.447253],[2.141153,41.447266],[2.141139,41.44728],[2.14113,41.447288],[2.141119,41.447296],[2.141097,41.44731],[2.14106,41.447333],[2.141019,41.447361],[2.140998,41.447373],[2.140985,41.44738],[2.140956,41.447394],[2.140935,41.447404],[2.140889,41.447421],[2.140842,41.447438],[2.140817,41.447445],[2.140793,41.44745],[2.140742,41.447461],[2.1407,41.44747],[2.140676,41.447474],[2.140657,41.447477],[2.140617,41.447481],[2.14058,41.447484],[2.140561,41.447485],[2.1405,41.447485],[2.140488,41.447485],[2.140488,41.447484],[2.140402,41.447483],[2.140401,41.447484],[2.140374,41.447484],[2.140373,41.447485],[2.140354,41.447484],[2.140353,41.447485],[2.140337,41.447485],[2.140336,41.447486],[2.140323,41.447486],[2.140322,41.447487],[2.14031,41.447487],[2.140309,41.447488],[2.140299,41.447488],[2.140298,41.447489],[2.140289,41.447488],[2.140288,41.447489],[2.14028,41.447489],[2.140279,41.44749],[2.140273,41.44749],[2.140271,41.447491],[2.140264,41.447491],[2.140263,41.447492],[2.140262,41.447492],[2.140257,41.447492],[2.140256,41.447493],[2.140255,41.447493],[2.14025,41.447493],[2.140249,41.447494],[2.140243,41.447494],[2.140241,41.447494],[2.140238,41.447494],[2.140237,41.447495],[2.140231,41.447495],[2.140229,41.447496],[2.140225,41.447496],[2.140223,41.447497],[2.140219,41.447497],[2.140217,41.447498],[2.140214,41.447498],[2.140213,41.447499],[2.140208,41.447499],[2.140207,41.4475],[2.140203,41.4475],[2.140202,41.4475],[2.140197,41.4475],[2.140196,41.447501],[2.140192,41.447501],[2.140191,41.447502],[2.140189,41.447502],[2.140187,41.447503],[2.140184,41.447503],[2.140183,41.447504],[2.140179,41.447504],[2.140178,41.447505],[2.140174,41.447505],[2.140173,41.447506],[2.140169,41.447506],[2.140168,41.447506],[2.140165,41.447506],[2.140163,41.447507],[2.14016,41.447507],[2.140159,41.447508],[2.140156,41.447508],[2.140155,41.447509],[2.140153,41.447509],[2.140151,41.44751],[2.140148,41.44751],[2.140147,41.447511],[2.140144,41.447511],[2.140143,41.447512],[2.140139,41.447512],[2.140138,41.447513],[2.140136,41.447513],[2.140135,41.447513],[2.140132,41.447513],[2.140131,41.447514],[2.140127,41.447514],[2.140127,41.447515],[2.140125,41.447515],[2.140124,41.447516],[2.140121,41.447516],[2.14012,41.447517],[2.140118,41.447517],[2.140117,41.447518],[2.140114,41.447518],[2.140113,41.447519],[2.140111,41.447519],[2.140109,41.44752],[2.140107,41.44752],[2.140106,41.44752],[2.140105,41.44752],[2.140103,41.447521],[2.140101,41.447521],[2.1401,41.447522],[2.140097,41.447522],[2.140096,41.447523],[2.140094,41.447523],[2.140093,41.447524],[2.14009,41.447524],[2.140089,41.447525],[2.140087,41.447525],[2.140087,41.447526],[2.140084,41.447526],[2.140083,41.447527],[2.140081,41.447527],[2.140079,41.447527],[2.140077,41.447527],[2.140076,41.447528],[2.140075,41.447528],[2.140073,41.447529],[2.140071,41.447529],[2.14007,41.44753],[2.140069,41.44753],[2.140067,41.447531],[2.140066,41.447531],[2.140065,41.447532],[2.140063,41.447532],[2.140061,41.447533],[2.140059,41.447533],[2.140058,41.447534],[2.140057,41.447534],[2.140055,41.447534],[2.140054,41.447534],[2.140053,41.447535],[2.140052,41.447535],[2.140051,41.447536],[2.140048,41.447536],[2.140047,41.447537],[2.140045,41.447537],[2.140043,41.447538],[2.140042,41.447538],[2.140041,41.447539],[2.14004,41.447539],[2.140039,41.44754],[2.140037,41.44754],[2.140036,41.447541],[2.140034,41.447541],[2.140033,41.447541],[2.140031,41.447541],[2.14003,41.447542],[2.140029,41.447542],[2.140029,41.447543],[2.140026,41.447543],[2.140025,41.447544],[2.140024,41.447544],[2.140023,41.447545],[2.14002,41.447545],[2.140019,41.447546],[2.140018,41.447546],[2.140017,41.447547],[2.140016,41.447548],[2.140013,41.447548],[2.140012,41.447549],[2.140011,41.447549],[2.14001,41.447549],[2.140008,41.447549],[2.140007,41.44755],[2.140006,41.44755],[2.140006,41.447551],[2.140004,41.447551],[2.140002,41.447552],[2.140001,41.447552],[2.14,41.447553],[2.139999,41.447553],[2.139998,41.447554],[2.139995,41.447555],[2.139994,41.447556],[2.139993,41.447556],[2.13999,41.447556],[2.139989,41.447557],[2.139987,41.447558],[2.139983,41.44756],[2.139978,41.447564],[2.139951,41.447579],[2.139936,41.447587],[2.139922,41.447595],[2.13989,41.447611],[2.139889,41.447612],[2.139888,41.447612],[2.139887,41.447612],[2.139886,41.447612],[2.139884,41.447613],[2.139883,41.447613],[2.139882,41.447614],[2.139881,41.447614],[2.139879,41.447615],[2.139878,41.447615],[2.139877,41.447616],[2.139875,41.447616],[2.139873,41.447617],[2.13987,41.447617],[2.139869,41.447618],[2.139866,41.447618],[2.139865,41.447619],[2.13986,41.447619],[2.139859,41.447619],[2.139852,41.447619],[2.139851,41.44762],[2.139844,41.44762],[2.139838,41.44762],[2.139828,41.44762],[2.139755,41.447622],[2.139695,41.447629],[2.139681,41.447631],[2.13958,41.447643],[2.13947,41.447656],[2.139393,41.447667],[2.139288,41.447683],[2.139181,41.447694],[2.139039,41.44771],[2.138939,41.447723],[2.138823,41.447737],[2.138721,41.447752],[2.138667,41.447762],[2.138498,41.447806],[2.138297,41.447852],[2.138146,41.447907],[2.138008,41.447934],[2.137924,41.447945],[2.137812,41.447956],[2.137718,41.447949],[2.137643,41.447918],[2.137587,41.447894],[2.137493,41.447832],[2.137442,41.447795],[2.137402,41.447766],[2.137311,41.447723],[2.137237,41.447675],[2.137197,41.44766],[2.137107,41.447618],[2.137022,41.447636],[2.136945,41.447653],[2.136813,41.44769],[2.136629,41.447744],[2.136498,41.447677],[2.136344,41.447608],[2.136149,41.447551],[2.135953,41.447496],[2.135737,41.447433],[2.13543,41.447491],[2.135357,41.447503],[2.135233,41.447533],[2.135196,41.447539],[2.135174,41.447544],[2.135015,41.44758],[2.134913,41.447594],[2.134823,41.447593],[2.134773,41.447583],[2.134731,41.447561],[2.134715,41.447526],[2.134683,41.447481],[2.134633,41.447411],[2.134612,41.447252],[2.134584,41.447091],[2.13449,41.446955],[2.134441,41.446878],[2.134334,41.446739],[2.134253,41.44662],[2.134155,41.446499],[2.134074,41.446394],[2.134015,41.446298],[2.133947,41.446196],[2.133882,41.446094],[2.13384,41.446039],[2.133804,41.446],[2.133732,41.445925],[2.133611,41.445797],[2.133493,41.445704],[2.133398,41.445649],[2.133204,41.44557],[2.133098,41.445534],[2.133012,41.445504],[2.132932,41.445463],[2.132908,41.445428],[2.132895,41.445376],[2.132898,41.445323],[2.132884,41.445254],[2.132877,41.445194],[2.132888,41.445116],[2.132902,41.445044],[2.132907,41.444942],[2.132882,41.444835],[2.132864,41.444767],[2.132848,41.444705],[2.132819,41.44464],[2.132782,41.444605],[2.13274,41.444569],[2.1327,41.444549],[2.132635,41.444519],[2.13254,41.444456],[2.132461,41.444386],[2.132375,41.444321],[2.132294,41.444255],[2.132212,41.444212],[2.132113,41.444174],[2.132023,41.444146],[2.131822,41.444107],[2.131617,41.444065],[2.131466,41.444026],[2.131356,41.444004],[2.131218,41.443952],[2.131089,41.443916],[2.130948,41.44389],[2.130851,41.44388],[2.130786,41.44386],[2.130719,41.443829],[2.130683,41.443786],[2.130641,41.443707],[2.130624,41.443631],[2.130555,41.443558],[2.130264,41.443315],[2.130106,41.443182],[2.129943,41.443029],[2.128931,41.443681],[2.128389,41.443939],[2.127532,41.444598],[2.126846,41.444845],[2.125744,41.445444],[2.124567,41.44645],[2.123653,41.447302],[2.123229,41.447537],[2.121955,41.447918],[2.121797,41.448042],[2.121801,41.448249],[2.121611,41.448563],[2.120513,41.449215],[2.119917,41.450007],[2.119761,41.450293],[2.119747,41.451185],[2.11963,41.451974],[2.119632,41.452604],[2.119211,41.453496],[2.119899,41.455536],[2.11982,41.455755],[2.117975,41.456486],[2.117703,41.45865],[2.117418,41.458834],[2.116903,41.458983],[2.116685,41.459866],[2.115896,41.460018],[2.115948,41.461438],[2.116234,41.462182],[2.116127,41.462808],[2.11618,41.463174],[2.117017,41.464379],[2.117153,41.464733],[2.117434,41.466026],[2.116474,41.465844],[2.115129,41.465778],[2.113878,41.465861],[2.113408,41.465972],[2.112756,41.465893],[2.111952,41.466028],[2.110563,41.466621],[2.108174,41.467141],[2.106699,41.467864],[2.106283,41.468207],[2.106077,41.468486],[2.105611,41.469857],[2.105546,41.470247],[2.104574,41.47174],[2.104777,41.472343],[2.104797,41.472603],[2.10461,41.47281],[2.104275,41.472969],[2.103198,41.473269],[2.102293,41.473642],[2.101472,41.474615],[2.100199,41.475626],[2.097698,41.478078],[2.095434,41.480195],[2.093289,41.481704],[2.084793,41.487402],[2.082449,41.48882],[2.081094,41.491298],[2.078971,41.495168],[2.078655,41.495407],[2.074458,41.497484],[2.07463,41.497998],[2.074362,41.49901],[2.07491,41.499733],[2.075019,41.500052],[2.075203,41.500413],[2.074897,41.501102],[2.074812,41.501547],[2.075171,41.501999],[2.07529,41.502606],[2.074996,41.503744],[2.074937,41.504665],[2.075295,41.505261],[2.075361,41.505961],[2.075184,41.506599]]]}},{"type":"Feature","properties":{"nationalCode":"34090808289","name":"Torrelles de Llobregat"},"geometry":{"type":"Polygon","coordinates":[[[1.944183,41.350017],[1.945407,41.350081],[1.945798,41.350199],[1.946243,41.350558],[1.946775,41.351418],[1.946986,41.351841],[1.947289,41.352215],[1.947247,41.352442],[1.946937,41.35277],[1.945418,41.354006],[1.94522,41.35424],[1.945377,41.355196],[1.946128,41.355965],[1.946195,41.356214],[1.946089,41.356552],[1.946093,41.357083],[1.94677,41.35781],[1.946836,41.358843],[1.947562,41.359748],[1.948093,41.360751],[1.948325,41.361615],[1.948685,41.362256],[1.949366,41.362731],[1.950445,41.363081],[1.951106,41.363448],[1.951171,41.364148],[1.951343,41.364681],[1.951964,41.365779],[1.953439,41.367417],[1.954103,41.367797],[1.95462,41.367384],[1.958185,41.366807],[1.958711,41.366649],[1.959397,41.366242],[1.959745,41.366101],[1.962798,41.365545],[1.963499,41.365488],[1.963989,41.365341],[1.964613,41.3649],[1.964703,41.364671],[1.965132,41.364805],[1.965598,41.365127],[1.966293,41.365457],[1.967002,41.36567],[1.9688,41.366051],[1.969637,41.366375],[1.970866,41.366664],[1.971854,41.366612],[1.972496,41.366872],[1.973071,41.367207],[1.973388,41.367293],[1.975642,41.367231],[1.976267,41.367276],[1.976777,41.36738],[1.977269,41.367557],[1.97803,41.368136],[1.978376,41.368283],[1.979247,41.368569],[1.979263,41.368623],[1.979569,41.368564],[1.979868,41.368722],[1.980502,41.368578],[1.981586,41.369314],[1.981096,41.369623],[1.982537,41.371749],[1.981981,41.372448],[1.984134,41.372463],[1.986136,41.372547],[1.986805,41.372851],[1.988547,41.374053],[1.989533,41.374911],[1.990648,41.375894],[1.991022,41.37597],[1.99436,41.3756],[1.994537,41.375581],[1.994618,41.375542],[1.994724,41.375486],[1.994818,41.375431],[1.994914,41.375372],[1.994977,41.375312],[1.995027,41.375247],[1.995086,41.375203],[1.995129,41.375165],[1.99518,41.375144],[1.995227,41.375119],[1.995259,41.375088],[1.995276,41.375054],[1.995303,41.37498],[1.99531,41.374916],[1.995311,41.374854],[1.99533,41.374785],[1.995366,41.374713],[1.995391,41.374649],[1.995405,41.374622],[1.995447,41.374585],[1.995496,41.374562],[1.995621,41.374485],[1.995695,41.374434],[1.995801,41.374372],[1.995853,41.374329],[1.995899,41.374272],[1.995951,41.374224],[1.996003,41.374175],[1.996105,41.374098],[1.996172,41.37405],[1.996226,41.373994],[1.996276,41.373943],[1.996319,41.373889],[1.996344,41.373833],[1.996381,41.373789],[1.996414,41.373766],[1.996468,41.373741],[1.996504,41.373714],[1.996535,41.373686],[1.996567,41.37365],[1.996615,41.373609],[1.996641,41.37358],[1.996658,41.373554],[1.996695,41.373519],[1.99673,41.37347],[1.996766,41.373429],[1.996802,41.373408],[1.996834,41.373393],[1.996859,41.373373],[1.996874,41.373354],[1.99688,41.37333],[1.996894,41.373284],[1.996919,41.37323],[1.996944,41.373202],[1.996975,41.373181],[1.997028,41.373134],[1.997089,41.373112],[1.99716,41.373105],[1.997294,41.373104],[1.997378,41.373108],[1.997466,41.373109],[1.997548,41.373097],[1.997616,41.373071],[1.997698,41.373046],[1.997743,41.373025],[1.997767,41.373007],[1.9978,41.372974],[1.997818,41.372937],[1.997829,41.37288],[1.997863,41.372844],[1.997911,41.372804],[1.997958,41.372767],[1.998006,41.372725],[1.998045,41.372684],[1.998094,41.372645],[1.998143,41.372615],[1.998203,41.37258],[1.998262,41.372548],[1.998308,41.37252],[1.998336,41.372497],[1.998403,41.372465],[1.998457,41.372453],[1.99851,41.372452],[1.998557,41.372449],[1.998608,41.372435],[1.998669,41.372416],[1.998738,41.37239],[1.998817,41.372349],[1.998878,41.372317],[1.998955,41.372291],[1.999028,41.372276],[1.99911,41.372252],[1.99917,41.372242],[1.999255,41.372204],[1.999318,41.372176],[1.999376,41.372153],[1.999416,41.372146],[1.999451,41.372144],[1.999491,41.372137],[1.99953,41.372127],[1.999569,41.372107],[1.999603,41.372079],[1.999651,41.372036],[1.999687,41.371994],[1.999719,41.371949],[1.999743,41.371904],[1.999777,41.371868],[1.999801,41.371843],[1.999821,41.371812],[1.99984,41.371758],[1.999843,41.371706],[1.999838,41.371682],[1.999841,41.371652],[1.999865,41.371588],[2.000323,41.371452],[2.000568,41.371216],[2.001823,41.370594],[2.002259,41.370197],[2.003123,41.369466],[2.003192,41.369283],[2.002944,41.368691],[2.002652,41.36801],[2.001908,41.367341],[2.001844,41.367127],[2.00188,41.36682],[2.001777,41.365951],[2.001168,41.365338],[2.000601,41.364949],[1.999396,41.364362],[1.99804,41.363971],[1.998047,41.363601],[1.998207,41.362874],[1.998274,41.362043],[1.998866,41.361036],[1.999172,41.360347],[1.998232,41.357444],[1.998119,41.356441],[1.997007,41.356426],[1.99659,41.356291],[1.995773,41.35576],[1.995103,41.354969],[1.993719,41.353436],[1.993578,41.353154],[1.993338,41.35221],[1.992583,41.351406],[1.991895,41.350526],[1.991485,41.349851],[1.99125,41.348187],[1.990305,41.347399],[1.989873,41.346752],[1.989204,41.346124],[1.987533,41.345053],[1.987105,41.344918],[1.986572,41.344834],[1.985364,41.344814],[1.98409,41.344554],[1.980729,41.343566],[1.979263,41.34299],[1.979249,41.342955],[1.978064,41.342466],[1.977315,41.341724],[1.975745,41.341351],[1.974818,41.341256],[1.973934,41.341259],[1.972809,41.341388],[1.97196,41.341371],[1.971436,41.341241],[1.970735,41.340974],[1.968208,41.339643],[1.966973,41.338634],[1.965719,41.337707],[1.961998,41.335113],[1.959141,41.333355],[1.949191,41.334927],[1.948495,41.335525],[1.946868,41.336594],[1.945393,41.336676],[1.944328,41.336803],[1.943953,41.3369],[1.943508,41.337333],[1.94353,41.33762],[1.944432,41.339751],[1.944958,41.341484],[1.944955,41.341764],[1.944717,41.342098],[1.943896,41.344501],[1.944183,41.350017]]]}},{"type":"Feature","properties":{"nationalCode":"34090808904","name":"Badia del Vallès"},"geometry":{"type":"Polygon","coordinates":[[[2.107008,41.507708],[2.10673,41.507893],[2.106445,41.508082],[2.106189,41.508264],[2.1059,41.508471],[2.105541,41.508712],[2.108739,41.509363],[2.108945,41.510422],[2.109144,41.510406],[2.109179,41.510433],[2.109204,41.510479],[2.109218,41.510557],[2.109233,41.510599],[2.109259,41.510662],[2.109303,41.510743],[2.10942,41.510875],[2.109541,41.511016],[2.109643,41.511155],[2.109708,41.511218],[2.109794,41.511284],[2.109968,41.511343],[2.110117,41.511407],[2.11024,41.511465],[2.110347,41.511501],[2.11046,41.511517],[2.110573,41.51153],[2.110686,41.511543],[2.110737,41.511566],[2.110782,41.511613],[2.110848,41.511706],[2.110924,41.511827],[2.111019,41.511943],[2.11111,41.51206],[2.111156,41.512115],[2.111318,41.512339],[2.11151,41.512592],[2.111641,41.512763],[2.111712,41.512857],[2.112,41.513207],[2.112162,41.513406],[2.112345,41.513578],[2.112527,41.513749],[2.112613,41.513866],[2.112643,41.513966],[2.112642,41.514074],[2.11264,41.514199],[2.112576,41.514322],[2.112561,41.514368],[2.112554,41.51443],[2.112554,41.514461],[2.112511,41.514581],[2.112389,41.514854],[2.112231,41.51519],[2.112077,41.515506],[2.111992,41.515697],[2.111928,41.515878],[2.111884,41.516091],[2.111871,41.516249],[2.111909,41.516482],[2.111949,41.516649],[2.111971,41.516823],[2.111989,41.517],[2.11201,41.517217],[2.112151,41.518219],[2.112528,41.51782],[2.112789,41.517587],[2.113111,41.517304],[2.113351,41.517081],[2.113815,41.516694],[2.114314,41.516292],[2.114694,41.51599],[2.115295,41.515537],[2.11603,41.51498],[2.115644,41.51458],[2.115187,41.51446],[2.114918,41.514371],[2.114616,41.514271],[2.114284,41.514157],[2.114014,41.514051],[2.11377,41.51392],[2.113592,41.513827],[2.113495,41.513727],[2.113423,41.513628],[2.113323,41.513576],[2.113169,41.51357],[2.113274,41.512605],[2.113312,41.512525],[2.113343,41.512475],[2.11337,41.512428],[2.113489,41.512346],[2.122704,41.505652],[2.122778,41.505805],[2.122833,41.505859],[2.122919,41.505975],[2.123009,41.506127],[2.123129,41.50632],[2.123256,41.506448],[2.123417,41.506619],[2.123559,41.506763],[2.123679,41.50691],[2.123792,41.506946],[2.123894,41.50697],[2.124032,41.506998],[2.124155,41.507013],[2.124299,41.507022],[2.124421,41.507034],[2.124519,41.507054],[2.124625,41.507097],[2.124783,41.507202],[2.125112,41.506985],[2.125325,41.506831],[2.125512,41.506636],[2.126001,41.506244],[2.125696,41.505972],[2.125558,41.505868],[2.125213,41.505668],[2.124767,41.505418],[2.12441,41.505235],[2.124056,41.505044],[2.123265,41.504574],[2.12274,41.504271],[2.122319,41.504013],[2.12193,41.50377],[2.121614,41.503571],[2.121091,41.503226],[2.120637,41.502921],[2.120415,41.502766],[2.120326,41.502705],[2.120224,41.502749],[2.119822,41.502881],[2.119641,41.502935],[2.119559,41.50299],[2.119309,41.503147],[2.119012,41.503283],[2.118676,41.503416],[2.118303,41.503487],[2.117982,41.503595],[2.117859,41.503674],[2.117735,41.503787],[2.117645,41.503826],[2.117422,41.503954],[2.117265,41.50399],[2.117082,41.503999],[2.116881,41.504034],[2.116492,41.504145],[2.116123,41.504216],[2.115734,41.504268],[2.115524,41.504254],[2.1153,41.504286],[2.115082,41.504339],[2.114885,41.504424],[2.114729,41.504472],[2.114578,41.504508],[2.114345,41.504518],[2.113908,41.50453],[2.113452,41.504541],[2.112978,41.504581],[2.11268,41.504596],[2.112378,41.504625],[2.112214,41.504654],[2.111928,41.504671],[2.111518,41.504738],[2.111265,41.504776],[2.110707,41.504848],[2.110326,41.504921],[2.11006,41.505002],[2.10992,41.505044],[2.109813,41.505114],[2.109664,41.505294],[2.109612,41.505509],[2.109429,41.505744],[2.109274,41.505946],[2.109148,41.506198],[2.109047,41.506421],[2.109022,41.50651],[2.109013,41.506544],[2.109029,41.506634],[2.10835,41.506946],[2.107922,41.50718],[2.107441,41.507445],[2.107201,41.507585],[2.107008,41.507708]]]}},{"type":"Feature","properties":{"nationalCode":"34090808301","name":"Viladecans"},"geometry":{"type":"Polygon","coordinates":[[[1.988237,41.314013],[1.988234,41.314087],[1.989018,41.31592],[1.990234,41.319141],[1.990102,41.31927],[1.989858,41.3195],[1.98955,41.319908],[1.989285,41.320337],[1.989179,41.32056],[1.989122,41.320765],[1.989119,41.320884],[1.989162,41.320981],[1.989176,41.320994],[1.989435,41.321129],[1.989595,41.32119],[1.989707,41.321241],[1.98995,41.321337],[1.990077,41.321395],[1.990245,41.321476],[1.990531,41.321593],[1.990931,41.321736],[1.991016,41.321745],[1.991079,41.321744],[1.991392,41.321761],[1.991479,41.321783],[1.991656,41.32182],[1.991794,41.321841],[1.991825,41.321842],[1.99228,41.32182],[1.992511,41.321841],[1.992585,41.321852],[1.992652,41.321865],[1.992887,41.321941],[1.993117,41.322001],[1.993232,41.322036],[1.993331,41.322072],[1.993457,41.322128],[1.993628,41.322193],[1.993932,41.322342],[1.993968,41.322377],[1.994036,41.322455],[1.994205,41.32255],[1.994376,41.322653],[1.994578,41.322815],[1.994678,41.322889],[1.994788,41.322923],[1.994971,41.322942],[1.995105,41.322942],[1.995485,41.323007],[1.99607,41.322946],[1.996285,41.32291],[1.99645,41.322903],[1.996762,41.322942],[1.996877,41.322988],[1.997285,41.323121],[1.997417,41.323139],[1.997542,41.323141],[1.997821,41.323233],[1.99793,41.323277],[1.998046,41.323335],[1.998158,41.323436],[1.998195,41.323444],[1.998384,41.323564],[1.99893,41.323753],[1.999516,41.324219],[1.999808,41.324438],[2.000189,41.324696],[2.000314,41.324769],[2.00082,41.325042],[2.001264,41.325299],[2.0014,41.325398],[2.001554,41.325529],[2.001681,41.325651],[2.001814,41.325765],[2.00194,41.325905],[2.001979,41.325939],[2.002127,41.326059],[2.002223,41.326127],[2.00232,41.326183],[2.002455,41.326235],[2.002512,41.32625],[2.002568,41.32626],[2.002722,41.326283],[2.002936,41.326296],[2.00306,41.326307],[2.003556,41.326384],[2.003784,41.326443],[2.003969,41.32653],[2.004132,41.326602],[2.004353,41.326714],[2.004457,41.326773],[2.005124,41.327674],[2.005917,41.328744],[2.006268,41.329225],[2.006433,41.329451],[2.006529,41.329457],[2.006551,41.329452],[2.006639,41.329429],[2.0067,41.329411],[2.006767,41.32939],[2.006854,41.329363],[2.006942,41.329332],[2.007025,41.329301],[2.007059,41.329287],[2.007108,41.329267],[2.007202,41.329225],[2.007331,41.32917],[2.007363,41.329209],[2.007392,41.329242],[2.007424,41.329278],[2.007473,41.329334],[2.0075,41.329362],[2.007512,41.329378],[2.007521,41.32939],[2.007527,41.329397],[2.007534,41.329406],[2.007542,41.329414],[2.007554,41.329426],[2.007559,41.32943],[2.007568,41.329438],[2.007577,41.329445],[2.007587,41.329452],[2.007597,41.329459],[2.007608,41.329467],[2.007621,41.329476],[2.007644,41.32949],[2.007667,41.329503],[2.007701,41.32952],[2.007734,41.329534],[2.007769,41.329547],[2.007791,41.329554],[2.007864,41.329575],[2.007889,41.329585],[2.007916,41.329597],[2.007948,41.329614],[2.007985,41.329639],[2.008015,41.329663],[2.008051,41.329699],[2.008068,41.329712],[2.008084,41.329723],[2.008112,41.329737],[2.008136,41.329745],[2.008167,41.329753],[2.008198,41.329757],[2.008326,41.329887],[2.008487,41.329966],[2.008591,41.330001],[2.008668,41.330022],[2.008796,41.330136],[2.008711,41.330202],[2.008525,41.330314],[2.008397,41.330395],[2.008308,41.330474],[2.008157,41.330598],[2.007963,41.330719],[2.007788,41.330835],[2.007689,41.330888],[2.009278,41.333887],[2.009288,41.334092],[2.009274,41.334296],[2.009273,41.334522],[2.009203,41.335017],[2.009123,41.33534],[2.009095,41.335521],[2.009143,41.335759],[2.009184,41.335989],[2.009247,41.336278],[2.009318,41.336505],[2.009484,41.33681],[2.009668,41.337004],[2.009946,41.3372],[2.010161,41.337337],[2.010411,41.337515],[2.010581,41.337632],[2.010792,41.337719],[2.010888,41.33774],[2.011009,41.337679],[2.011725,41.337735],[2.012436,41.337659],[2.01321,41.337592],[2.013477,41.337529],[2.013767,41.337432],[2.014024,41.3374],[2.014296,41.337389],[2.014723,41.337355],[2.014877,41.33738],[2.014966,41.337406],[2.015166,41.337395],[2.015241,41.337344],[2.015304,41.337306],[2.015374,41.337263],[2.015431,41.337227],[2.015555,41.337152],[2.015618,41.337069],[2.015819,41.336914],[2.016095,41.336693],[2.016493,41.336406],[2.016592,41.336322],[2.01678,41.336169],[2.017026,41.335933],[2.017076,41.335851],[2.017135,41.33571],[2.017207,41.335507],[2.017257,41.335332],[2.017321,41.335055],[2.017366,41.334922],[2.017479,41.334856],[2.017723,41.33478],[2.01796,41.334688],[2.018275,41.334499],[2.018367,41.33442],[2.018427,41.334359],[2.018564,41.334244],[2.018742,41.334087],[2.019158,41.33375],[2.019466,41.333542],[2.019816,41.333315],[2.020094,41.333132],[2.02043,41.332936],[2.020707,41.33281],[2.021084,41.332618],[2.021264,41.332558],[2.021586,41.33249],[2.021812,41.332416],[2.021917,41.332355],[2.02211,41.331916],[2.022394,41.331438],[2.022594,41.331068],[2.022714,41.330849],[2.022826,41.330689],[2.022952,41.330584],[2.023131,41.330531],[2.023335,41.330477],[2.023657,41.330357],[2.023817,41.33027],[2.023896,41.33019],[2.023985,41.330087],[2.024073,41.329939],[2.024139,41.329792],[2.024192,41.329559],[2.02422,41.32936],[2.024296,41.329178],[2.024425,41.329019],[2.024604,41.328901],[2.02485,41.328763],[2.025113,41.32863],[2.025401,41.328459],[2.025662,41.328273],[2.025817,41.328119],[2.026659,41.327376],[2.02715,41.326956],[2.027679,41.326583],[2.027969,41.326359],[2.029508,41.3248],[2.029519,41.32479],[2.029618,41.324676],[2.02967,41.324595],[2.029693,41.324559],[2.029781,41.324424],[2.02984,41.324345],[2.029907,41.324255],[2.029972,41.324176],[2.030015,41.324126],[2.030074,41.32406],[2.030133,41.323997],[2.030215,41.323915],[2.030241,41.323889],[2.03029,41.323839],[2.030305,41.323826],[2.030368,41.32377],[2.030408,41.323734],[2.030545,41.323598],[2.030945,41.323276],[2.031561,41.322759],[2.031613,41.322717],[2.031748,41.322606],[2.031917,41.322733],[2.032895,41.321998],[2.032745,41.321883],[2.033107,41.321628],[2.033253,41.321541],[2.033028,41.321372],[2.034057,41.320601],[2.034362,41.32083],[2.034515,41.320714],[2.034701,41.320571],[2.034916,41.320394],[2.035087,41.320253],[2.035227,41.320138],[2.035302,41.320077],[2.035502,41.319912],[2.035704,41.319747],[2.035869,41.319609],[2.036019,41.319486],[2.036264,41.319272],[2.036524,41.318987],[2.036977,41.318467],[2.037363,41.318047],[2.037796,41.317611],[2.038379,41.317],[2.038624,41.316756],[2.03882,41.316568],[2.039176,41.316229],[2.03962,41.315795],[2.039964,41.315457],[2.040194,41.315231],[2.040269,41.315113],[2.040408,41.315003],[2.041199,41.314317],[2.041468,41.314089],[2.041816,41.313797],[2.042736,41.313053],[2.043115,41.312741],[2.043842,41.312124],[2.044286,41.311742],[2.044359,41.311662],[2.043954,41.311594],[2.043955,41.311551],[2.04427,41.311229],[2.044589,41.310865],[2.044832,41.310592],[2.045311,41.310018],[2.045491,41.309764],[2.045834,41.309311],[2.04615,41.308913],[2.046607,41.309114],[2.04667,41.309141],[2.04708,41.308849],[2.047181,41.30885],[2.04723,41.308785],[2.047664,41.308204],[2.046902,41.307889],[2.047462,41.307179],[2.04772,41.306906],[2.047946,41.306572],[2.048152,41.3063],[2.048376,41.306004],[2.048481,41.305874],[2.048651,41.305933],[2.049126,41.305263],[2.049352,41.304946],[2.049699,41.304481],[2.049701,41.304482],[2.050059,41.304607],[2.050446,41.304751],[2.050509,41.304639],[2.050664,41.304361],[2.050812,41.303973],[2.050891,41.303662],[2.050938,41.303482],[2.051216,41.303544],[2.052129,41.302017],[2.053726,41.299356],[2.053992,41.298939],[2.054826,41.297567],[2.055241,41.296876],[2.055907,41.295742],[2.056586,41.294698],[2.057834,41.293058],[2.059013,41.291505],[2.059767,41.291131],[2.063411,41.289326],[2.064503,41.288778],[2.065086,41.288508],[2.065392,41.288372],[2.065831,41.288178],[2.066313,41.287937],[2.066697,41.287725],[2.0687,41.286721],[2.068971,41.28658],[2.070244,41.285192],[2.070387,41.285002],[2.070251,41.283201],[2.070182,41.282276],[2.074027,41.277436],[2.074222,41.277191],[2.074222,41.277191],[2.074749,41.276529],[2.074731,41.276502],[2.074681,41.276452],[2.074639,41.276422],[2.074606,41.276404],[2.074555,41.2764],[2.074458,41.276426],[2.074436,41.276468],[2.074462,41.276512],[2.074488,41.276557],[2.074072,41.276511],[2.074023,41.27648],[2.073977,41.276468],[2.073914,41.276467],[2.073901,41.276515],[2.073846,41.276663],[2.073657,41.276648],[2.073414,41.276629],[2.071399,41.2761],[2.069771,41.275863],[2.069118,41.27572],[2.066195,41.274925],[2.06612,41.274884],[2.066133,41.274846],[2.066123,41.274815],[2.066094,41.274784],[2.06602,41.274786],[2.065982,41.274816],[2.065969,41.274859],[2.065828,41.274817],[2.065496,41.27472],[2.065411,41.274695],[2.065392,41.274651],[2.065371,41.274635],[2.065346,41.274629],[2.065313,41.274646],[2.0653,41.274662],[2.065032,41.274584],[2.063999,41.274364],[2.063137,41.27423],[2.060634,41.273644],[2.059269,41.273272],[2.058374,41.273074],[2.057768,41.272875],[2.056905,41.272652],[2.055771,41.272417],[2.052835,41.271882],[2.049343,41.270932],[2.048472,41.270602],[2.048411,41.270557],[2.048473,41.270447],[2.048464,41.270397],[2.048449,41.270367],[2.048373,41.270373],[2.048344,41.270379],[2.048262,41.270511],[2.047979,41.270516],[2.046957,41.270385],[2.04598,41.270197],[2.045919,41.270185],[2.045846,41.270171],[2.045735,41.270507],[2.045617,41.270856],[2.045591,41.270922],[2.045521,41.271135],[2.045401,41.271521],[2.045348,41.271746],[2.045287,41.271885],[2.045255,41.272267],[2.04521,41.272387],[2.045086,41.272471],[2.044955,41.272499],[2.044516,41.272509],[2.044122,41.272539],[2.043714,41.272604],[2.043078,41.27276],[2.042624,41.272893],[2.041996,41.273216],[2.041433,41.273676],[2.040844,41.274238],[2.040674,41.274428],[2.040331,41.274697],[2.039877,41.274942],[2.039641,41.275079],[2.039328,41.275214],[2.039059,41.275293],[2.038819,41.275392],[2.038698,41.275473],[2.038569,41.275584],[2.038514,41.275666],[2.03849,41.27573],[2.038461,41.275827],[2.038428,41.276171],[2.038368,41.276551],[2.038323,41.276698],[2.037971,41.277493],[2.037941,41.277603],[2.037932,41.277658],[2.037913,41.277751],[2.03789,41.277826],[2.037865,41.277881],[2.037818,41.27793],[2.037754,41.278008],[2.037632,41.278149],[2.037596,41.278185],[2.037589,41.278193],[2.037535,41.278247],[2.037467,41.278325],[2.037397,41.278411],[2.037338,41.278484],[2.03729,41.278545],[2.037225,41.278623],[2.03717,41.278694],[2.037117,41.278725],[2.037082,41.278775],[2.037048,41.278846],[2.037025,41.278906],[2.037013,41.278957],[2.036989,41.279022],[2.036976,41.279083],[2.03696,41.279128],[2.036944,41.279182],[2.036926,41.279239],[2.036892,41.279329],[2.036862,41.279384],[2.036832,41.279425],[2.036831,41.279427],[2.036706,41.279403],[2.036675,41.279403],[2.036656,41.279418],[2.036645,41.279444],[2.03664,41.279458],[2.036635,41.279474],[2.03663,41.27949],[2.036626,41.279505],[2.036622,41.279517],[2.036618,41.279531],[2.036613,41.279557],[2.036607,41.279587],[2.036601,41.279607],[2.036593,41.279626],[2.036584,41.279648],[2.036582,41.279659],[2.03656,41.279711],[2.036557,41.279719],[2.036345,41.280176],[2.036333,41.280201],[2.036327,41.280214],[2.036316,41.280231],[2.036296,41.280257],[2.036295,41.280259],[2.03629,41.280262],[2.036285,41.280265],[2.036282,41.280267],[2.036271,41.28027],[2.036258,41.280274],[2.036249,41.280275],[2.036229,41.280277],[2.036222,41.280277],[2.0362,41.280275],[2.036186,41.280275],[2.036178,41.280276],[2.036138,41.280282],[2.03612,41.280286],[2.036109,41.28029],[2.0361,41.280297],[2.036096,41.2803],[2.035616,41.280599],[2.035507,41.280665],[2.035495,41.280674],[2.035485,41.280689],[2.035487,41.280703],[2.035493,41.280713],[2.035503,41.280729],[2.035541,41.280782],[2.035545,41.280799],[2.035545,41.280814],[2.035544,41.280825],[2.035533,41.280847],[2.035464,41.280889],[2.035362,41.280941],[2.035271,41.28099],[2.035162,41.281028],[2.035118,41.281025],[2.035069,41.280986],[2.03501,41.280941],[2.034953,41.280903],[2.034906,41.280887],[2.034875,41.280883],[2.034861,41.280892],[2.034837,41.280908],[2.034773,41.28096],[2.034704,41.281014],[2.034624,41.281075],[2.034524,41.281152],[2.034441,41.281217],[2.034396,41.281241],[2.034325,41.281292],[2.034266,41.281331],[2.034202,41.281379],[2.034151,41.281422],[2.034121,41.281447],[2.034095,41.281482],[2.034058,41.281554],[2.034011,41.281637],[2.033941,41.281786],[2.033898,41.281833],[2.033846,41.281884],[2.033795,41.281918],[2.033678,41.282004],[2.033552,41.282093],[2.033366,41.282189],[2.033267,41.282239],[2.033118,41.282303],[2.033037,41.282339],[2.032969,41.282356],[2.032859,41.282387],[2.032773,41.282422],[2.032695,41.282443],[2.032649,41.282441],[2.032619,41.282447],[2.032593,41.282463],[2.032542,41.282486],[2.032471,41.282524],[2.032386,41.282566],[2.032285,41.28261],[2.032183,41.282648],[2.032122,41.282669],[2.032064,41.282683],[2.032023,41.282703],[2.031921,41.282757],[2.03181,41.282814],[2.031684,41.282882],[2.031613,41.282919],[2.031581,41.282948],[2.031558,41.283002],[2.031535,41.283049],[2.031504,41.283078],[2.031418,41.283122],[2.031244,41.283181],[2.031144,41.283217],[2.03106,41.283252],[2.031015,41.283267],[2.03099,41.283281],[2.030919,41.283312],[2.030858,41.283334],[2.030823,41.283349],[2.030722,41.283394],[2.030594,41.283455],[2.030523,41.283492],[2.03046,41.283534],[2.030337,41.283612],[2.030196,41.283697],[2.030006,41.283807],[2.029863,41.283892],[2.029623,41.284068],[2.029505,41.284146],[2.029482,41.284158],[2.029481,41.284158],[2.029481,41.284159],[2.029477,41.284167],[2.029469,41.284181],[2.029464,41.284188],[2.029435,41.284218],[2.029403,41.28425],[2.02939,41.284265],[2.029364,41.284297],[2.029341,41.284328],[2.029306,41.28438],[2.029292,41.284393],[2.029285,41.284403],[2.029273,41.284425],[2.029262,41.284441],[2.029256,41.284449],[2.029254,41.28445],[2.029245,41.284461],[2.029227,41.284475],[2.029222,41.284478],[2.029222,41.284481],[2.02922,41.284491],[2.029218,41.284497],[2.029211,41.28451],[2.029202,41.284525],[2.029193,41.284546],[2.029182,41.284562],[2.029159,41.284588],[2.029153,41.284597],[2.029152,41.284601],[2.029143,41.284627],[2.029131,41.284652],[2.029108,41.284688],[2.029078,41.284732],[2.029053,41.28477],[2.029033,41.284794],[2.02902,41.284808],[2.029011,41.284814],[2.029001,41.284818],[2.028986,41.284821],[2.028977,41.284822],[2.028935,41.284831],[2.02892,41.284857],[2.028905,41.284881],[2.028894,41.284904],[2.02888,41.284924],[2.02887,41.284934],[2.028844,41.28496],[2.028825,41.284981],[2.028804,41.285006],[2.028781,41.285038],[2.028761,41.285063],[2.028742,41.285082],[2.02873,41.285097],[2.028675,41.285175],[2.028633,41.285229],[2.028611,41.285261],[2.028602,41.28527],[2.028588,41.285284],[2.02858,41.285294],[2.028555,41.285332],[2.028519,41.285383],[2.028464,41.285459],[2.028463,41.285461],[2.02846,41.28547],[2.028456,41.285478],[2.028442,41.285509],[2.02844,41.285517],[2.028436,41.285533],[2.028436,41.285541],[2.028436,41.285543],[2.028444,41.285566],[2.02845,41.285579],[2.028449,41.285591],[2.028447,41.285602],[2.028441,41.285614],[2.028433,41.28563],[2.028428,41.28564],[2.028421,41.285649],[2.028408,41.285662],[2.0284,41.285669],[2.028392,41.285678],[2.028375,41.2857],[2.028358,41.285721],[2.028348,41.285735],[2.028338,41.285749],[2.028332,41.285758],[2.028325,41.285769],[2.028314,41.285784],[2.028304,41.285795],[2.028297,41.285802],[2.028292,41.285808],[2.028247,41.285865],[2.02818,41.285956],[2.028133,41.286017],[2.028128,41.286025],[2.028118,41.286037],[2.028108,41.286047],[2.0281,41.286053],[2.028099,41.286054],[2.028094,41.286061],[2.028092,41.286064],[2.028088,41.286073],[2.028081,41.286083],[2.028068,41.286096],[2.028057,41.286106],[2.028043,41.286115],[2.028026,41.286122],[2.02801,41.286129],[2.027995,41.286134],[2.027983,41.286137],[2.027973,41.286141],[2.02796,41.286147],[2.027926,41.286159],[2.027842,41.286219],[2.02771,41.286313],[2.027699,41.28632],[2.027696,41.286321],[2.027687,41.286325],[2.027684,41.286326],[2.027672,41.286329],[2.027659,41.286332],[2.027624,41.286343],[2.027608,41.28635],[2.027599,41.286356],[2.027588,41.286366],[2.027575,41.28638],[2.027569,41.286391],[2.02756,41.286408],[2.027553,41.286418],[2.027551,41.286423],[2.027535,41.286441],[2.027528,41.286449],[2.027516,41.28646],[2.027506,41.286468],[2.027501,41.28647],[2.027494,41.286474],[2.027481,41.286479],[2.027464,41.286484],[2.027456,41.286485],[2.02745,41.286486],[2.027374,41.286517],[2.027369,41.28652],[2.027361,41.286526],[2.027355,41.286533],[2.027346,41.286547],[2.027341,41.286556],[2.027338,41.286559],[2.027313,41.286584],[2.027305,41.28659],[2.027301,41.286593],[2.027223,41.286636],[2.026992,41.28677],[2.026939,41.286801],[2.026836,41.286867],[2.026804,41.286888],[2.026788,41.286899],[2.026767,41.286918],[2.026748,41.286938],[2.026714,41.286977],[2.026693,41.287004],[2.026652,41.287058],[2.026631,41.287084],[2.02662,41.287096],[2.026615,41.287101],[2.026604,41.28711],[2.026591,41.287119],[2.026582,41.287125],[2.026567,41.287132],[2.026568,41.287133],[2.0266,41.287171],[2.026602,41.287174],[2.026606,41.287182],[2.026606,41.287186],[2.026603,41.28719],[2.026603,41.287192],[2.026586,41.287215],[2.026579,41.287229],[2.026574,41.287236],[2.026563,41.287247],[2.026555,41.287275],[2.02655,41.287293],[2.026534,41.287334],[2.026486,41.287431],[2.026478,41.287446],[2.026459,41.287478],[2.026447,41.287501],[2.026438,41.287516],[2.026394,41.287603],[2.026359,41.28767],[2.026312,41.28776],[2.026304,41.287776],[2.026386,41.287798],[2.026358,41.287833],[2.026319,41.287887],[2.026294,41.287926],[2.026247,41.288006],[2.026193,41.288108],[2.026157,41.288186],[2.026123,41.288261],[2.026078,41.28836],[2.026028,41.28847],[2.025994,41.288541],[2.025977,41.288579],[2.025954,41.288636],[2.025928,41.288694],[2.025908,41.288747],[2.025887,41.288808],[2.025873,41.288851],[2.025863,41.288891],[2.025856,41.288914],[2.025783,41.288896],[2.025746,41.288939],[2.025741,41.288956],[2.025734,41.28898],[2.02572,41.289021],[2.0257,41.289077],[2.025684,41.289121],[2.025668,41.289156],[2.025645,41.289203],[2.025628,41.289238],[2.025605,41.289284],[2.025574,41.289343],[2.025552,41.289385],[2.025535,41.289414],[2.025527,41.289429],[2.025489,41.289493],[2.025445,41.289571],[2.025427,41.289601],[2.025405,41.289639],[2.025372,41.289695],[2.025336,41.289751],[2.025289,41.289829],[2.025247,41.289894],[2.025225,41.289927],[2.025204,41.289959],[2.025186,41.289989],[2.025164,41.29002],[2.025143,41.290053],[2.025117,41.290091],[2.0251,41.290113],[2.025083,41.290138],[2.025057,41.290177],[2.025038,41.290203],[2.02502,41.290228],[2.025003,41.290253],[2.024981,41.290286],[2.024954,41.290329],[2.024922,41.290385],[2.024888,41.290443],[2.024862,41.290482],[2.024811,41.29055],[2.02476,41.290615],[2.024705,41.290684],[2.024642,41.290765],[2.024608,41.290809],[2.024513,41.290925],[2.024406,41.291049],[2.024198,41.291335],[2.024162,41.291392],[2.024104,41.291477],[2.024029,41.291582],[2.023962,41.291674],[2.023916,41.291731],[2.023854,41.291793],[2.023816,41.291838],[2.023761,41.29191],[2.023696,41.291988],[2.023666,41.292027],[2.023633,41.292065],[2.023592,41.292114],[2.023533,41.29218],[2.023477,41.292239],[2.023428,41.292285],[2.023393,41.292315],[2.023358,41.29234],[2.02331,41.292366],[2.023259,41.292397],[2.023222,41.292421],[2.023179,41.292445],[2.023132,41.292472],[2.023083,41.292496],[2.023045,41.292517],[2.022996,41.292543],[2.022984,41.29255],[2.023128,41.292595],[2.023154,41.292604],[2.023185,41.292613],[2.023201,41.292618],[2.023243,41.292629],[2.023389,41.292667],[2.023472,41.292689],[2.02361,41.292731],[2.023922,41.292818],[2.023984,41.292833],[2.024046,41.292847],[2.0241,41.292863],[2.023955,41.293073],[2.023842,41.293239],[2.023788,41.293317],[2.023795,41.29332],[2.023791,41.293329],[2.023744,41.2934],[2.023406,41.293882],[2.025009,41.29452],[2.024988,41.294546],[2.024937,41.294608],[2.024905,41.294648],[2.024874,41.294686],[2.024831,41.294739],[2.024763,41.294824],[2.024674,41.294936],[2.024606,41.295022],[2.024578,41.295058],[2.024555,41.295086],[2.024529,41.295118],[2.024508,41.295145],[2.024485,41.295174],[2.02446,41.295206],[2.024435,41.295238],[2.02441,41.29527],[2.024385,41.295302],[2.024364,41.295328],[2.024356,41.295339],[2.024311,41.295391],[2.024209,41.295505],[2.023921,41.295879],[2.022826,41.297188],[2.022809,41.29721],[2.022133,41.297996],[2.021104,41.299168],[2.020909,41.299366],[2.020671,41.299612],[2.020465,41.299786],[2.020256,41.299981],[2.019658,41.300475],[2.018363,41.301543],[2.017796,41.302006],[2.017621,41.302146],[2.017475,41.302264],[2.017282,41.30242],[2.017122,41.302547],[2.016954,41.302683],[2.01675,41.302848],[2.016594,41.302974],[2.01656,41.303001],[2.016528,41.303023],[2.016494,41.303044],[2.016458,41.303063],[2.01642,41.303081],[2.016121,41.30322],[2.01553,41.303459],[2.015365,41.303552],[2.015299,41.30359],[2.015222,41.303633],[2.015136,41.303682],[2.01503,41.303741],[2.014915,41.303806],[2.014798,41.303872],[2.01464,41.303964],[2.014526,41.304032],[2.014403,41.304102],[2.014305,41.304163],[2.014213,41.304219],[2.01401,41.304341],[2.013605,41.304638],[2.013416,41.304788],[2.013328,41.304863],[2.013282,41.304907],[2.013187,41.304999],[2.013053,41.305131],[2.012896,41.305285],[2.012623,41.305556],[2.012477,41.305724],[2.01235,41.30588],[2.012379,41.305892],[2.012275,41.306016],[2.012266,41.306025],[2.01203,41.306233],[2.011878,41.306324],[2.011468,41.306558],[2.011137,41.306542],[2.011082,41.306539],[2.011035,41.306537],[2.010696,41.30652],[2.010563,41.306514],[2.010488,41.30651],[2.010061,41.30649],[2.009877,41.30648],[2.00983,41.306478],[2.009175,41.306445],[2.008795,41.306426],[2.008748,41.306424],[2.007947,41.306384],[2.007873,41.306384],[2.007797,41.30639],[2.007724,41.306401],[2.007652,41.306419],[2.007585,41.306443],[2.00752,41.306472],[2.007461,41.306506],[2.007372,41.306564],[2.007351,41.306577],[2.007297,41.306614],[2.007241,41.306649],[2.007187,41.306686],[2.007132,41.306721],[2.007103,41.306742],[2.007074,41.306761],[2.007045,41.306781],[2.007016,41.306801],[2.006987,41.306822],[2.006958,41.306842],[2.00693,41.306863],[2.006894,41.306888],[2.006878,41.306899],[2.006855,41.306915],[2.006832,41.306932],[2.006809,41.306948],[2.006786,41.306965],[2.006763,41.306981],[2.00674,41.306998],[2.006719,41.307015],[2.006694,41.307032],[2.00667,41.307049],[2.006647,41.307067],[2.006624,41.307084],[2.006577,41.30712],[2.006554,41.307139],[2.006531,41.307156],[2.006493,41.307189],[2.006453,41.307223],[2.006413,41.307256],[2.006374,41.30729],[2.006286,41.307373],[2.00625,41.307407],[2.00615,41.307502],[2.006022,41.307641],[2.005899,41.307785],[2.005795,41.307922],[2.005787,41.307932],[2.005763,41.307964],[2.005692,41.30806],[2.005618,41.308162],[2.005591,41.308198],[2.005581,41.308211],[2.005414,41.30842],[2.005408,41.308427],[2.005385,41.308454],[2.005206,41.308666],[2.005071,41.308825],[2.005048,41.308853],[2.005034,41.30887],[2.004802,41.309147],[2.004773,41.309181],[2.00476,41.309197],[2.004476,41.309532],[2.004299,41.309742],[2.004272,41.309773],[2.004254,41.309795],[2.004162,41.309904],[2.004019,41.310074],[2.003885,41.310233],[2.003777,41.310361],[2.003703,41.31044],[2.003629,41.310519],[2.00362,41.310529],[2.003596,41.310555],[2.003259,41.310924],[2.003065,41.311137],[2.003038,41.311162],[2.003009,41.311188],[2.00298,41.311212],[2.00295,41.311236],[2.002917,41.311259],[2.002885,41.311281],[2.002852,41.311302],[2.002817,41.311323],[2.002782,41.311342],[2.002745,41.311361],[2.002709,41.311379],[2.002693,41.311385],[2.002615,41.311415],[2.002541,41.31144],[2.002463,41.311462],[2.002384,41.31148],[2.002303,41.311493],[2.002214,41.311503],[2.002123,41.311507],[2.002032,41.311506],[2.001942,41.311498],[2.001853,41.311485],[2.00176,41.311471],[2.001667,41.311463],[2.001573,41.311461],[2.001478,41.311463],[2.001384,41.311472],[2.00124,41.31149],[2.001068,41.311511],[2.000875,41.311536],[2.00066,41.311562],[2.000459,41.311586],[2.00029,41.311607],[2.000123,41.311626],[1.999951,41.311647],[1.999748,41.311673],[1.999524,41.3117],[1.999319,41.311726],[1.999137,41.311748],[1.998952,41.311771],[1.998722,41.311799],[1.998535,41.311821],[1.99834,41.311845],[1.99819,41.311864],[1.998074,41.311877],[1.997934,41.311895],[1.997829,41.311907],[1.997685,41.311926],[1.997464,41.311952],[1.997221,41.311981],[1.997017,41.312006],[1.99684,41.312026],[1.99667,41.312048],[1.996473,41.312073],[1.996269,41.312097],[1.996109,41.312115],[1.996012,41.312126],[1.99592,41.312137],[1.995761,41.312157],[1.9955,41.312188],[1.995304,41.312212],[1.994929,41.312256],[1.994444,41.312264],[1.99415,41.312304],[1.993785,41.312302],[1.993482,41.312431],[1.9934,41.312496],[1.993374,41.312588],[1.993379,41.31269],[1.993417,41.312873],[1.99339,41.312991],[1.993243,41.313053],[1.992998,41.313081],[1.992696,41.313065],[1.992386,41.31301],[1.99205,41.312983],[1.991611,41.313055],[1.991103,41.313173],[1.990682,41.313345],[1.990288,41.313546],[1.989989,41.31371],[1.989698,41.313857],[1.989482,41.313962],[1.989209,41.314026],[1.988905,41.314041],[1.988629,41.314005],[1.988238,41.313992],[1.988237,41.314013]]]}},{"type":"Feature","properties":{"nationalCode":"34090808905","name":"La Palma de Cervelló"},"geometry":{"type":"Polygon","coordinates":[[[1.936653,41.415208],[1.936316,41.415246],[1.936143,41.415479],[1.935933,41.415707],[1.935855,41.415789],[1.935656,41.415971],[1.935648,41.416078],[1.935721,41.4162],[1.935691,41.416246],[1.935682,41.416275],[1.935694,41.416337],[1.935678,41.41636],[1.935664,41.416428],[1.935726,41.416529],[1.935747,41.416558],[1.935758,41.416573],[1.935883,41.416746],[1.935887,41.41679],[1.935884,41.416839],[1.935851,41.41688],[1.935804,41.416937],[1.9358,41.41698],[1.935919,41.41714],[1.936018,41.417295],[1.936169,41.417484],[1.936305,41.417687],[1.936323,41.417705],[1.936361,41.417772],[1.936359,41.417786],[1.936352,41.417807],[1.93662,41.417959],[1.936639,41.417977],[1.936658,41.417994],[1.936721,41.418096],[1.936721,41.418118],[1.936713,41.418134],[1.936689,41.418168],[1.93679,41.418243],[1.936799,41.418251],[1.936816,41.418263],[1.93682,41.41826],[1.936828,41.418268],[1.936837,41.418265],[1.936956,41.418362],[1.936942,41.418378],[1.936963,41.418396],[1.936993,41.418422],[1.937053,41.418473],[1.937068,41.418486],[1.937147,41.418529],[1.937133,41.418542],[1.937131,41.418544],[1.937176,41.418578],[1.937184,41.41859],[1.937206,41.418609],[1.937228,41.418621],[1.937233,41.418623],[1.937396,41.418697],[1.937398,41.418704],[1.937406,41.418693],[1.937696,41.418812],[1.937678,41.418839],[1.937818,41.418883],[1.937865,41.418897],[1.937863,41.418904],[1.937851,41.418927],[1.937982,41.418966],[1.938044,41.418945],[1.938068,41.418941],[1.93811,41.418935],[1.938159,41.418932],[1.93822,41.418936],[1.938341,41.418945],[1.938338,41.418959],[1.938344,41.418959],[1.938354,41.418959],[1.938365,41.41896],[1.938371,41.41896],[1.938375,41.418956],[1.938379,41.418954],[1.938383,41.418951],[1.938387,41.418948],[1.938397,41.418945],[1.938406,41.418945],[1.938416,41.418945],[1.938423,41.418946],[1.938432,41.418948],[1.938443,41.418951],[1.938451,41.41895],[1.938479,41.418945],[1.938488,41.418944],[1.938514,41.418939],[1.938539,41.418951],[1.938708,41.418954],[1.938711,41.418951],[1.938719,41.418947],[1.938724,41.418945],[1.938731,41.418943],[1.938737,41.418941],[1.938741,41.41894],[1.938745,41.418942],[1.938749,41.418945],[1.938756,41.418951],[1.93876,41.418954],[1.938765,41.418958],[1.93877,41.418961],[1.938775,41.418964],[1.93878,41.418967],[1.938786,41.418973],[1.93879,41.418976],[1.938794,41.418977],[1.938799,41.418979],[1.938805,41.418976],[1.938809,41.418974],[1.938813,41.418971],[1.938818,41.418969],[1.938823,41.418967],[1.938827,41.418967],[1.938832,41.418967],[1.938837,41.418969],[1.938843,41.418971],[1.938851,41.418976],[1.93886,41.418984],[1.938861,41.418987],[1.938875,41.418998],[1.938885,41.419007],[1.93889,41.419004],[1.938894,41.419003],[1.938905,41.418999],[1.938915,41.418997],[1.938997,41.41901],[1.93903,41.419016],[1.939064,41.419023],[1.93936,41.418995],[1.93938,41.418931],[1.939715,41.41893],[1.939713,41.418961],[1.939984,41.418958],[1.940266,41.418936],[1.940302,41.418949],[1.940322,41.418952],[1.940345,41.418954],[1.940386,41.418953],[1.940398,41.418952],[1.940409,41.418953],[1.940424,41.418953],[1.940429,41.418953],[1.940444,41.418955],[1.940453,41.418957],[1.94048,41.418969],[1.940487,41.418974],[1.94051,41.418979],[1.940534,41.418981],[1.940559,41.418978],[1.94068,41.418945],[1.940847,41.418891],[1.940919,41.41887],[1.940978,41.418839],[1.941074,41.418774],[1.941138,41.418738],[1.941434,41.418727],[1.941563,41.418737],[1.941655,41.41874],[1.941727,41.418739],[1.941894,41.418729],[1.941961,41.41872],[1.942016,41.418703],[1.942023,41.418702],[1.942271,41.418679],[1.94227,41.418689],[1.942348,41.418674],[1.94237,41.418661],[1.942336,41.418622],[1.942302,41.418587],[1.942296,41.418581],[1.942495,41.418536],[1.942695,41.418457],[1.942722,41.418487],[1.942797,41.418445],[1.942795,41.418441],[1.942799,41.418441],[1.942809,41.418436],[1.942905,41.418394],[1.943015,41.418353],[1.943021,41.418359],[1.943033,41.418354],[1.943102,41.418323],[1.943105,41.418326],[1.943288,41.418239],[1.943285,41.418235],[1.943296,41.418231],[1.943426,41.418076],[1.943617,41.418032],[1.9436,41.418013],[1.943585,41.417996],[1.943577,41.417987],[1.94368,41.417957],[1.943713,41.417947],[1.943777,41.417929],[1.943784,41.417927],[1.943803,41.417924],[1.943868,41.417905],[1.943881,41.417925],[1.943976,41.417893],[1.944004,41.417884],[1.944195,41.417813],[1.944179,41.417796],[1.944282,41.417745],[1.944385,41.417696],[1.944435,41.417671],[1.944459,41.417658],[1.944482,41.417647],[1.94458,41.417598],[1.944576,41.417593],[1.944566,41.417582],[1.944579,41.417577],[1.944638,41.417557],[1.94465,41.417553],[1.944666,41.417549],[1.944681,41.417545],[1.944707,41.417541],[1.944743,41.417533],[1.944778,41.417526],[1.944782,41.417524],[1.944793,41.417515],[1.944801,41.417524],[1.944812,41.417538],[1.944814,41.41754],[1.944891,41.417525],[1.944924,41.417515],[1.945053,41.417511],[1.945183,41.417509],[1.944968,41.417372],[1.945543,41.41695],[1.946821,41.416578],[1.949582,41.417449],[1.949727,41.417279],[1.950567,41.417435],[1.951048,41.417362],[1.952363,41.417684],[1.952472,41.417667],[1.952556,41.417639],[1.952632,41.417602],[1.952699,41.417555],[1.952754,41.417499],[1.952796,41.417438],[1.952822,41.417372],[1.954269,41.417189],[1.954321,41.417175],[1.954395,41.417146],[1.954461,41.417107],[1.954517,41.41706],[1.954561,41.417006],[1.954593,41.416948],[1.95461,41.416886],[1.954613,41.416823],[1.954601,41.416761],[1.954575,41.416701],[1.954536,41.416645],[1.95465,41.416647],[1.955042,41.41662],[1.955139,41.416605],[1.955514,41.416515],[1.955862,41.416377],[1.956334,41.415945],[1.957851,41.416496],[1.958599,41.416681],[1.95933,41.417228],[1.959597,41.41721],[1.959873,41.417156],[1.960132,41.417066],[1.960262,41.417261],[1.960433,41.417434],[1.960642,41.417582],[1.960883,41.417701],[1.961144,41.417786],[1.961423,41.417836],[1.961739,41.417868],[1.962266,41.417865],[1.962116,41.417667],[1.961485,41.416558],[1.961524,41.416479],[1.961631,41.416443],[1.961817,41.416358],[1.96198,41.416249],[1.962152,41.416267],[1.962268,41.416326],[1.962773,41.416523],[1.963316,41.416652],[1.963871,41.4169],[1.964777,41.417152],[1.965107,41.417349],[1.965391,41.417088],[1.965848,41.416867],[1.96647,41.416663],[1.966889,41.416643],[1.968773,41.416656],[1.9689,41.416689],[1.969222,41.416806],[1.969512,41.416963],[1.969845,41.41751],[1.969948,41.417631],[1.969955,41.417633],[1.969971,41.417634],[1.969988,41.417629],[1.969999,41.417618],[1.970002,41.417604],[1.969998,41.417595],[1.970311,41.416792],[1.971316,41.416884],[1.971784,41.416887],[1.973184,41.417707],[1.973599,41.417535],[1.973722,41.416218],[1.973257,41.415804],[1.97343,41.415357],[1.976391,41.415947],[1.975982,41.414484],[1.978427,41.414555],[1.977616,41.413472],[1.98001,41.413787],[1.982899,41.414749],[1.984009,41.413603],[1.981636,41.412694],[1.981711,41.41258],[1.981822,41.412501],[1.981937,41.41245],[1.981978,41.412438],[1.982082,41.412418],[1.982204,41.412394],[1.982258,41.412374],[1.982335,41.412323],[1.982378,41.412288],[1.982466,41.41222],[1.982539,41.412162],[1.982547,41.412101],[1.982551,41.412025],[1.982553,41.411948],[1.98255,41.411912],[1.98254,41.411858],[1.982534,41.411804],[1.982538,41.411778],[1.982545,41.411758],[1.982562,41.411729],[1.982586,41.411701],[1.98262,41.411671],[1.982673,41.41163],[1.98273,41.411593],[1.982808,41.411548],[1.982885,41.411502],[1.982967,41.41144],[1.98304,41.411374],[1.983064,41.411348],[1.983098,41.411314],[1.98525,41.411075],[1.986211,41.411908],[1.987666,41.410974],[1.988596,41.408331],[1.988687,41.408175],[1.988839,41.408058],[1.988866,41.408031],[1.988893,41.407992],[1.988956,41.407881],[1.989035,41.407761],[1.989158,41.407579],[1.989014,41.407416],[1.988877,41.40726],[1.988652,41.40703],[1.988458,41.406848],[1.988339,41.406734],[1.988104,41.406513],[1.98791,41.406326],[1.987768,41.406186],[1.987561,41.405964],[1.987377,41.40575],[1.987246,41.405578],[1.987131,41.405409],[1.987087,41.405346],[1.986978,41.405171],[1.986922,41.405074],[1.986879,41.404995],[1.986842,41.404926],[1.986799,41.404839],[1.986731,41.404689],[1.986677,41.404557],[1.98664,41.404464],[1.986581,41.404299],[1.986532,41.404152],[1.986493,41.404003],[1.986454,41.403858],[1.986423,41.403732],[1.986386,41.403572],[1.986357,41.403426],[1.986326,41.403276],[1.986279,41.403064],[1.986233,41.402884],[1.986198,41.402737],[1.986157,41.402597],[1.986107,41.402431],[1.986068,41.402323],[1.986018,41.40219],[1.985946,41.402035],[1.985855,41.401888],[1.985759,41.401717],[1.98545,41.401345],[1.985284,41.40115],[1.985034,41.400919],[1.984881,41.400793],[1.984708,41.400659],[1.98454,41.40054],[1.984347,41.400413],[1.984126,41.400277],[1.983854,41.400126],[1.98355,41.399978],[1.983307,41.399868],[1.983195,41.399823],[1.983112,41.399793],[1.982915,41.399724],[1.982716,41.399737],[1.982431,41.399756],[1.982072,41.399797],[1.981963,41.399829],[1.981888,41.399874],[1.981841,41.399909],[1.981807,41.399953],[1.981762,41.399991],[1.981713,41.400019],[1.981656,41.400031],[1.981604,41.400036],[1.981561,41.400034],[1.981503,41.400018],[1.981465,41.399995],[1.981425,41.399964],[1.981379,41.399938],[1.981324,41.399918],[1.981273,41.399909],[1.981217,41.399911],[1.981154,41.399919],[1.981103,41.399921],[1.980903,41.399918],[1.980689,41.399913],[1.980515,41.399908],[1.980353,41.399918],[1.980215,41.399935],[1.98013,41.399965],[1.980072,41.399969],[1.980007,41.399961],[1.97983,41.399876],[1.979585,41.400105],[1.979331,41.400378],[1.979131,41.400567],[1.978969,41.400719],[1.978819,41.400863],[1.9786,41.400815],[1.978214,41.400731],[1.977944,41.400671],[1.977928,41.400668],[1.977762,41.400851],[1.977581,41.400843],[1.977578,41.400858],[1.977462,41.400857],[1.977298,41.400894],[1.97712,41.40094],[1.976991,41.400964],[1.976803,41.400993],[1.976672,41.401007],[1.976435,41.401028],[1.976264,41.401039],[1.976077,41.401046],[1.975962,41.401047],[1.975872,41.401036],[1.975808,41.401017],[1.975729,41.401005],[1.975634,41.400995],[1.975502,41.400963],[1.975374,41.400922],[1.975209,41.400866],[1.975118,41.400825],[1.975055,41.400786],[1.975022,41.400746],[1.975011,41.400711],[1.974926,41.400725],[1.974773,41.400751],[1.974637,41.400767],[1.974504,41.400785],[1.974375,41.400796],[1.974258,41.400805],[1.974155,41.40082],[1.974079,41.400838],[1.973994,41.400874],[1.973941,41.400907],[1.973898,41.400946],[1.97387,41.400989],[1.973847,41.401043],[1.973832,41.401095],[1.973821,41.401154],[1.973817,41.401249],[1.973826,41.401398],[1.973841,41.401528],[1.973846,41.401639],[1.97384,41.401729],[1.973831,41.401772],[1.973804,41.401823],[1.973769,41.401863],[1.973715,41.401908],[1.973678,41.401936],[1.973636,41.401956],[1.973592,41.401974],[1.973541,41.401994],[1.973489,41.402021],[1.973449,41.402053],[1.973409,41.40209],[1.973382,41.40212],[1.973356,41.402158],[1.973338,41.402206],[1.973332,41.402249],[1.973321,41.402314],[1.973307,41.402387],[1.973286,41.402469],[1.973263,41.402523],[1.973235,41.402569],[1.973202,41.402608],[1.97315,41.402659],[1.973048,41.402759],[1.972958,41.402849],[1.972891,41.402914],[1.972795,41.403006],[1.972706,41.403153],[1.972665,41.403215],[1.972614,41.403281],[1.972567,41.403323],[1.972513,41.403359],[1.972412,41.403405],[1.972283,41.403454],[1.972127,41.403489],[1.972024,41.403513],[1.971833,41.403553],[1.971738,41.403574],[1.971643,41.403604],[1.971535,41.40364],[1.971428,41.403676],[1.97129,41.403721],[1.971211,41.403746],[1.971128,41.403763],[1.970967,41.403791],[1.97083,41.403819],[1.970731,41.403846],[1.970628,41.403889],[1.970568,41.40393],[1.970522,41.403958],[1.970465,41.403982],[1.97038,41.404016],[1.970286,41.404046],[1.970215,41.404067],[1.970156,41.404072],[1.970094,41.404074],[1.969929,41.404077],[1.969824,41.404074],[1.96973,41.404063],[1.969643,41.404051],[1.969592,41.404044],[1.969505,41.404043],[1.969457,41.404052],[1.969405,41.404072],[1.969317,41.404123],[1.969215,41.404184],[1.969139,41.404224],[1.96907,41.404258],[1.969023,41.404284],[1.968963,41.404332],[1.96892,41.404382],[1.968874,41.404447],[1.968815,41.404548],[1.968785,41.404613],[1.968752,41.404671],[1.968715,41.404716],[1.968661,41.404754],[1.968591,41.404781],[1.968493,41.404807],[1.96841,41.40482],[1.968288,41.404843],[1.968133,41.404862],[1.967978,41.40488],[1.967736,41.404905],[1.967572,41.404925],[1.967442,41.404935],[1.967363,41.404938],[1.967298,41.404935],[1.967238,41.404927],[1.967111,41.404909],[1.966963,41.404886],[1.966853,41.404884],[1.966752,41.404891],[1.966669,41.404904],[1.966603,41.40492],[1.966545,41.404943],[1.96723,41.405295],[1.967072,41.405296],[1.967038,41.405308],[1.966977,41.405333],[1.966916,41.405368],[1.966859,41.405409],[1.96681,41.405456],[1.966772,41.4055],[1.966748,41.405534],[1.966726,41.405573],[1.96671,41.405614],[1.966693,41.405661],[1.966676,41.405714],[1.966667,41.405764],[1.966653,41.405831],[1.966643,41.405907],[1.966636,41.40598],[1.966639,41.406039],[1.966644,41.406078],[1.966666,41.406152],[1.966692,41.406216],[1.966722,41.406277],[1.966756,41.406341],[1.966772,41.406372],[1.966815,41.406457],[1.966836,41.406502],[1.966821,41.406562],[1.966785,41.406605],[1.966732,41.406634],[1.966652,41.406647],[1.966606,41.406639],[1.966541,41.406593],[1.966473,41.406547],[1.966413,41.406496],[1.966345,41.406419],[1.966286,41.406348],[1.966158,41.406216],[1.966027,41.406078],[1.965914,41.405965],[1.965864,41.405916],[1.965814,41.40591],[1.96576,41.405917],[1.965682,41.405947],[1.965633,41.405992],[1.965582,41.406061],[1.965525,41.40612],[1.965469,41.40616],[1.965394,41.406176],[1.965324,41.406175],[1.965268,41.406156],[1.965186,41.40613],[1.965119,41.406095],[1.964975,41.406035],[1.964898,41.406018],[1.964799,41.406016],[1.964693,41.406024],[1.964578,41.40604],[1.9645,41.40605],[1.964447,41.406064],[1.964383,41.406106],[1.964295,41.406181],[1.964218,41.40626],[1.96414,41.406353],[1.96409,41.406421],[1.964066,41.406465],[1.964038,41.406521],[1.964021,41.406575],[1.964009,41.406644],[1.963997,41.406736],[1.963991,41.406941],[1.963988,41.407015],[1.963978,41.407061],[1.963964,41.407091],[1.963943,41.407113],[1.963911,41.40714],[1.963865,41.407165],[1.963802,41.407176],[1.963741,41.407175],[1.963627,41.407159],[1.963495,41.407145],[1.963411,41.407133],[1.963357,41.40712],[1.963294,41.4071],[1.963242,41.407082],[1.963222,41.40708],[1.963211,41.407088],[1.963223,41.407105],[1.963272,41.407145],[1.963382,41.407247],[1.963462,41.407317],[1.963549,41.407386],[1.963658,41.407481],[1.963796,41.407592],[1.963967,41.407734],[1.964027,41.407784],[1.964073,41.407821],[1.964092,41.407847],[1.964105,41.407871],[1.964112,41.4079],[1.964107,41.407922],[1.964094,41.407945],[1.964079,41.407964],[1.964058,41.407986],[1.964081,41.408013],[1.964096,41.408029],[1.964115,41.408058],[1.964141,41.408097],[1.964133,41.408129],[1.961866,41.408784],[1.961781,41.408826],[1.961451,41.408819],[1.961169,41.408813],[1.960928,41.408798],[1.960646,41.408794],[1.960552,41.408793],[1.960372,41.408777],[1.96024,41.408762],[1.960124,41.408753],[1.959796,41.408601],[1.95948,41.408467],[1.95925,41.408373],[1.958111,41.407982],[1.957803,41.407861],[1.9571,41.407622],[1.957022,41.407592],[1.95685,41.407512],[1.956657,41.407433],[1.95657,41.40739],[1.956457,41.407333],[1.956331,41.407275],[1.956205,41.407217],[1.956083,41.407171],[1.955917,41.407113],[1.955764,41.407064],[1.95559,41.407003],[1.955441,41.406954],[1.955295,41.406893],[1.95515,41.406835],[1.955043,41.406789],[1.954933,41.406726],[1.954847,41.406659],[1.954691,41.406538],[1.954559,41.406411],[1.954404,41.406326],[1.95437,41.406297],[1.954299,41.406233],[1.954078,41.406047],[1.953952,41.405948],[1.953814,41.405838],[1.953731,41.405769],[1.953695,41.405733],[1.953644,41.405679],[1.95361,41.405631],[1.953553,41.405559],[1.953483,41.405457],[1.953411,41.405342],[1.953336,41.405218],[1.953251,41.405088],[1.953205,41.405017],[1.953155,41.404936],[1.953121,41.404869],[1.953101,41.404821],[1.953086,41.404787],[1.953079,41.404741],[1.95308,41.404698],[1.953087,41.404652],[1.953105,41.404617],[1.953113,41.404602],[1.953042,41.404557],[1.95296,41.404505],[1.952908,41.404466],[1.952878,41.40441],[1.952854,41.404379],[1.952817,41.404313],[1.952774,41.404243],[1.952724,41.404175],[1.952674,41.404112],[1.95262,41.404042],[1.952582,41.404003],[1.952528,41.403944],[1.952478,41.403883],[1.952413,41.403823],[1.952343,41.403765],[1.952216,41.403671],[1.952122,41.403604],[1.95205,41.403553],[1.951977,41.403519],[1.951799,41.403436],[1.951603,41.403359],[1.951483,41.403312],[1.951357,41.403272],[1.951231,41.403233],[1.951137,41.403197],[1.950982,41.403145],[1.950896,41.403119],[1.950575,41.403015],[1.950442,41.402977],[1.950355,41.402947],[1.950209,41.402911],[1.950076,41.402877],[1.949992,41.402856],[1.949905,41.402842],[1.949841,41.402838],[1.949732,41.402853],[1.949618,41.402867],[1.949523,41.402874],[1.949398,41.402883],[1.949252,41.402887],[1.949293,41.403229],[1.949014,41.403456],[1.945828,41.40366],[1.945851,41.403741],[1.945882,41.403859],[1.945904,41.403971],[1.945917,41.404054],[1.945938,41.404211],[1.94596,41.404367],[1.94598,41.404503],[1.946,41.404609],[1.94602,41.404726],[1.946036,41.404815],[1.946048,41.404891],[1.946049,41.404951],[1.94604,41.405005],[1.946023,41.405058],[1.946,41.405107],[1.945974,41.405139],[1.945964,41.40518],[1.945951,41.405245],[1.945933,41.405318],[1.945893,41.405411],[1.945861,41.405483],[1.945836,41.405549],[1.945792,41.405609],[1.945747,41.405672],[1.945713,41.405736],[1.945654,41.405869],[1.945613,41.405956],[1.945629,41.406082],[1.945586,41.406161],[1.945511,41.406296],[1.945461,41.406382],[1.945438,41.406443],[1.945398,41.406538],[1.945328,41.406644],[1.945309,41.406678],[1.945241,41.40677],[1.945155,41.40689],[1.945124,41.406933],[1.945053,41.406878],[1.94498,41.406806],[1.944929,41.406762],[1.944838,41.406778],[1.944666,41.406802],[1.944495,41.406786],[1.944378,41.406822],[1.944199,41.406866],[1.944019,41.406905],[1.943831,41.406951],[1.943753,41.406969],[1.943505,41.40703],[1.94331,41.407071],[1.942995,41.407143],[1.942605,41.407229],[1.942593,41.407213],[1.942562,41.407218],[1.942492,41.407231],[1.942069,41.407122],[1.941914,41.406848],[1.941902,41.406822],[1.941863,41.40682],[1.941679,41.406802],[1.941577,41.40678],[1.941484,41.406748],[1.941383,41.406694],[1.941271,41.406628],[1.940969,41.406452],[1.940721,41.406314],[1.940343,41.4061],[1.940027,41.405925],[1.939706,41.405743],[1.939367,41.405549],[1.939199,41.405446],[1.938907,41.405283],[1.938529,41.405066],[1.938345,41.404969],[1.938211,41.404904],[1.938264,41.405044],[1.938282,41.405124],[1.938309,41.405248],[1.938326,41.405378],[1.938324,41.405517],[1.938313,41.405639],[1.938308,41.405716],[1.938276,41.405788],[1.938198,41.405908],[1.938128,41.406013],[1.938089,41.406095],[1.938096,41.406197],[1.938121,41.406329],[1.93816,41.406507],[1.938205,41.406659],[1.938249,41.406779],[1.938284,41.406839],[1.938335,41.406889],[1.938419,41.406954],[1.938522,41.407011],[1.938672,41.40708],[1.938848,41.407154],[1.938937,41.407196],[1.939021,41.40725],[1.939061,41.407273],[1.93915,41.407308],[1.939207,41.407336],[1.939295,41.407399],[1.939374,41.407476],[1.939466,41.407566],[1.939551,41.407648],[1.93961,41.4077],[1.939672,41.407783],[1.939726,41.407875],[1.939776,41.407998],[1.939801,41.408079],[1.93982,41.40816],[1.939836,41.408241],[1.939871,41.408324],[1.939925,41.408408],[1.939957,41.408451],[1.94,41.408497],[1.940032,41.408551],[1.940054,41.408609],[1.940083,41.408687],[1.940111,41.408773],[1.940136,41.408845],[1.940191,41.408933],[1.940266,41.409038],[1.940312,41.409104],[1.940349,41.409173],[1.940404,41.409277],[1.94045,41.409343],[1.940525,41.409431],[1.940578,41.409506],[1.940627,41.409583],[1.940681,41.409686],[1.940714,41.409771],[1.940777,41.409871],[1.940824,41.409953],[1.940836,41.409966],[1.939944,41.412504],[1.940021,41.413409],[1.940022,41.413437],[1.94002,41.413463],[1.940004,41.413504],[1.939935,41.413876],[1.939969,41.414069],[1.939912,41.414157],[1.939838,41.414426],[1.93969,41.414464],[1.939445,41.414562],[1.939171,41.414647],[1.939141,41.414645],[1.938992,41.414643],[1.938831,41.414688],[1.938509,41.414664],[1.938347,41.414641],[1.937944,41.414558],[1.93776,41.414547],[1.937649,41.414454],[1.93763,41.414582],[1.937625,41.414585],[1.937497,41.41455],[1.937408,41.414521],[1.937332,41.414553],[1.937178,41.414604],[1.937072,41.414645],[1.936983,41.414684],[1.936925,41.414709],[1.936841,41.41476],[1.936696,41.41481],[1.936549,41.414861],[1.936437,41.414947],[1.93651,41.414995],[1.936554,41.415034],[1.936586,41.415074],[1.936617,41.415131],[1.936642,41.41518],[1.936653,41.415208]]]}}]}